{
"type": "FeatureCollection",
"name": "canary_wharf_buildings_processed",
"crs": { "type": "name", "properties": { "name": "urn:ogc:def:crs:OGC:1.3:CRS84" } },
"features": [
{ "type": "Feature", "properties": { "id": "3abc7163-f6b8-4d10-a471-6921090cf145", "building_name": "0", "building_class": "apartments", "building_subtype": "residential", "height": 16.598138809204102, "num_floors": 5, "new_functional_class": "Residential", "all_poi_names": "Express Wharf", "dominant_share_pct": 100.0, "final_functional_class": "Transit Hub", "dominant_share_pct_formatted": "100.0%", "Retail_Food_Ratio_formatted": "0.0%", "Work": 0.0, "Food_Drink": 0.0, "Retail_Leisure": 0.0, "Education": 0.0, "Medical": 0.0, "Transportation": 1.0, "Other_POI": 0.0, "poi_sum": 1.0, "Retail_Food_Ratio": 0.0, "poi_names_list": "<details><summary>1 POIs (click to expand)</summary><ul><li>Express Wharf</li></ul></details>" }, "geometry": { "type": "Polygon", "coordinates": [ [ [ -0.0264463, 51.4992505 ], [ -0.0264471, 51.4993029 ], [ -0.0261811, 51.4993019 ], [ -0.0261803, 51.4993097 ], [ -0.0261344, 51.4993102 ], [ -0.0261028, 51.4993279 ], [ -0.0261094, 51.499508 ], [ -0.0260936, 51.4995095 ], [ -0.0260928, 51.4995578 ], [ -0.0261119, 51.4995594 ], [ -0.0261103, 51.4996279 ], [ -0.0263537, 51.4996237 ], [ -0.0263554, 51.4995272 ], [ -0.0263162, 51.499523 ], [ -0.0263187, 51.4994524 ], [ -0.0263015, 51.4994511 ], [ -0.0263012, 51.4994343 ], [ -0.0264713, 51.4994363 ], [ -0.0264696, 51.4994888 ], [ -0.0266014, 51.4994888 ], [ -0.0265997, 51.4993263 ], [ -0.026563, 51.4993055 ], [ -0.0265372, 51.4993045 ], [ -0.0265338, 51.4992505 ], [ -0.0264463, 51.4992505 ] ] ] } },
{ "type": "Feature", "properties": { "id": "c8e82f7a-6740-488e-b172-d2cf3c8853d7", "building_name": "0", "building_class": "service", "building_subtype": "service", "height": 0.0, "num_floors": 0, "new_functional_class": "Commercial", "all_poi_names": "No POIs recorded", "dominant_share_pct": 0.0, "final_functional_class": "Infrastructure", "dominant_share_pct_formatted": "0.0%", "Retail_Food_Ratio_formatted": "0.0%", "Work": 0.0, "Food_Drink": 0.0, "Retail_Leisure": 0.0, "Education": 0.0, "Medical": 0.0, "Transportation": 0.0, "Other_POI": 0.0, "poi_sum": 0.0, "Retail_Food_Ratio": 0.0, "poi_names_list": "0" }, "geometry": { "type": "Polygon", "coordinates": [ [ [ -0.025411, 51.498939 ], [ -0.025481, 51.4989372 ], [ -0.0254778, 51.4988892 ], [ -0.0254077, 51.4988911 ], [ -0.025411, 51.498939 ] ] ] } },
{ "type": "Feature", "properties": { "id": "6ef34ed2-c8fa-465b-8108-c773b7b507f3", "building_name": "0", "building_class": "warehouse", "building_subtype": "commercial", "height": 0.0, "num_floors": 0, "new_functional_class": "Infrastructure", "all_poi_names": "No POIs recorded", "dominant_share_pct": 0.0, "final_functional_class": "Other", "dominant_share_pct_formatted": "0.0%", "Retail_Food_Ratio_formatted": "0.0%", "Work": 0.0, "Food_Drink": 0.0, "Retail_Leisure": 0.0, "Education": 0.0, "Medical": 0.0, "Transportation": 0.0, "Other_POI": 0.0, "poi_sum": 0.0, "Retail_Food_Ratio": 0.0, "poi_names_list": "0" }, "geometry": { "type": "Polygon", "coordinates": [ [ [ -0.0215038, 51.4994205 ], [ -0.0217788, 51.4994326 ], [ -0.0217942, 51.4993442 ], [ -0.021803, 51.4992938 ], [ -0.0215259, 51.4992921 ], [ -0.0215038, 51.4994205 ] ] ] } },
{ "type": "Feature", "properties": { "id": "8ba773b1-a675-47c0-8d4e-b94c6c5aa85f", "building_name": "0", "building_class": "warehouse", "building_subtype": "commercial", "height": 0.0, "num_floors": 0, "new_functional_class": "Infrastructure", "all_poi_names": "No POIs recorded", "dominant_share_pct": 0.0, "final_functional_class": "Other", "dominant_share_pct_formatted": "0.0%", "Retail_Food_Ratio_formatted": "0.0%", "Work": 0.0, "Food_Drink": 0.0, "Retail_Leisure": 0.0, "Education": 0.0, "Medical": 0.0, "Transportation": 0.0, "Other_POI": 0.0, "poi_sum": 0.0, "Retail_Food_Ratio": 0.0, "poi_names_list": "0" }, "geometry": { "type": "Polygon", "coordinates": [ [ [ -0.0214803, 51.4995575 ], [ -0.0217546, 51.4995713 ], [ -0.0217788, 51.4994326 ], [ -0.0215038, 51.4994205 ], [ -0.0214803, 51.4995575 ] ] ] } },
{ "type": "Feature", "properties": { "id": "81852be8-07b0-49ae-b03f-70eab540905e", "building_name": "0", "building_class": "warehouse", "building_subtype": "commercial", "height": 0.0, "num_floors": 0, "new_functional_class": "Infrastructure", "all_poi_names": "Monday Muse Skin", "dominant_share_pct": 100.0, "final_functional_class": "Other", "dominant_share_pct_formatted": "100.0%", "Retail_Food_Ratio_formatted": "0.0%", "Work": 0.0, "Food_Drink": 0.0, "Retail_Leisure": 0.0, "Education": 0.0, "Medical": 0.0, "Transportation": 0.0, "Other_POI": 1.0, "poi_sum": 1.0, "Retail_Food_Ratio": 0.0, "poi_names_list": "<details><summary>1 POIs (click to expand)</summary><ul><li>Monday Muse Skin</li></ul></details>" }, "geometry": { "type": "Polygon", "coordinates": [ [ [ -0.0223954, 51.4999662 ], [ -0.0224422, 51.499672 ], [ -0.0221563, 51.4996543 ], [ -0.0221082, 51.4999476 ], [ -0.0223954, 51.4999662 ] ] ] } },
{ "type": "Feature", "properties": { "id": "d672ec18-e176-4292-80a0-53cc6ada8598", "building_name": "0", "building_class": "house", "building_subtype": "residential", "height": 0.0, "num_floors": 2, "new_functional_class": "Residential", "all_poi_names": "No POIs recorded", "dominant_share_pct": 0.0, "final_functional_class": "Residential", "dominant_share_pct_formatted": "0.0%", "Retail_Food_Ratio_formatted": "0.0%", "Work": 0.0, "Food_Drink": 0.0, "Retail_Leisure": 0.0, "Education": 0.0, "Medical": 0.0, "Transportation": 0.0, "Other_POI": 0.0, "poi_sum": 0.0, "Retail_Food_Ratio": 0.0, "poi_names_list": "0" }, "geometry": { "type": "Polygon", "coordinates": [ [ [ -0.0227932, 51.4999308 ], [ -0.0228739, 51.4999288 ], [ -0.0228686, 51.4998405 ], [ -0.0227879, 51.4998421 ], [ -0.0227932, 51.4999308 ] ] ] } },
{ "type": "Feature", "properties": { "id": "406aefd0-5efa-4a79-882f-0873eab29244", "building_name": "0", "building_class": "house", "building_subtype": "residential", "height": 0.0, "num_floors": 3, "new_functional_class": "Residential", "all_poi_names": "No POIs recorded", "dominant_share_pct": 0.0, "final_functional_class": "Residential", "dominant_share_pct_formatted": "0.0%", "Retail_Food_Ratio_formatted": "0.0%", "Work": 0.0, "Food_Drink": 0.0, "Retail_Leisure": 0.0, "Education": 0.0, "Medical": 0.0, "Transportation": 0.0, "Other_POI": 0.0, "poi_sum": 0.0, "Retail_Food_Ratio": 0.0, "poi_names_list": "0" }, "geometry": { "type": "Polygon", "coordinates": [ [ [ -0.0227138, 51.4999327 ], [ -0.0227932, 51.4999308 ], [ -0.0227879, 51.4998421 ], [ -0.0227074, 51.4998446 ], [ -0.0227138, 51.4999327 ] ] ] } },
{ "type": "Feature", "properties": { "id": "ac54860c-5394-475e-b37b-31ba0031eeec", "building_name": "0", "building_class": "house", "building_subtype": "residential", "height": 0.0, "num_floors": 3, "new_functional_class": "Residential", "all_poi_names": "No POIs recorded", "dominant_share_pct": 0.0, "final_functional_class": "Residential", "dominant_share_pct_formatted": "0.0%", "Retail_Food_Ratio_formatted": "0.0%", "Work": 0.0, "Food_Drink": 0.0, "Retail_Leisure": 0.0, "Education": 0.0, "Medical": 0.0, "Transportation": 0.0, "Other_POI": 0.0, "poi_sum": 0.0, "Retail_Food_Ratio": 0.0, "poi_names_list": "0" }, "geometry": { "type": "Polygon", "coordinates": [ [ [ -0.0226374, 51.4999349 ], [ -0.0227138, 51.4999327 ], [ -0.0227074, 51.4998446 ], [ -0.022631, 51.4998468 ], [ -0.0226374, 51.4999349 ] ] ] } },
{ "type": "Feature", "properties": { "id": "4765d72f-a0df-4169-8d12-7c583b077cdb", "building_name": "0", "building_class": "house", "building_subtype": "residential", "height": 0.0, "num_floors": 2, "new_functional_class": "Residential", "all_poi_names": "No POIs recorded", "dominant_share_pct": 0.0, "final_functional_class": "Residential", "dominant_share_pct_formatted": "0.0%", "Retail_Food_Ratio_formatted": "0.0%", "Work": 0.0, "Food_Drink": 0.0, "Retail_Leisure": 0.0, "Education": 0.0, "Medical": 0.0, "Transportation": 0.0, "Other_POI": 0.0, "poi_sum": 0.0, "Retail_Food_Ratio": 0.0, "poi_names_list": "0" }, "geometry": { "type": "Polygon", "coordinates": [ [ [ -0.0225612, 51.4999368 ], [ -0.0226374, 51.4999349 ], [ -0.022631, 51.4998468 ], [ -0.0225548, 51.4998491 ], [ -0.0225612, 51.4999368 ] ] ] } },
{ "type": "Feature", "properties": { "id": "76fee79e-2e82-4c55-8c37-cc6110d6d215", "building_name": "0", "building_class": "warehouse", "building_subtype": "commercial", "height": 0.0, "num_floors": 0, "new_functional_class": "Infrastructure", "all_poi_names": "No POIs recorded", "dominant_share_pct": 0.0, "final_functional_class": "Other", "dominant_share_pct_formatted": "0.0%", "Retail_Food_Ratio_formatted": "0.0%", "Work": 0.0, "Food_Drink": 0.0, "Retail_Leisure": 0.0, "Education": 0.0, "Medical": 0.0, "Transportation": 0.0, "Other_POI": 0.0, "poi_sum": 0.0, "Retail_Food_Ratio": 0.0, "poi_names_list": "0" }, "geometry": { "type": "Polygon", "coordinates": [ [ [ -0.0216985, 51.4999219 ], [ -0.0218702, 51.4999326 ], [ -0.0218998, 51.4997504 ], [ -0.0217281, 51.4997396 ], [ -0.0216985, 51.4999219 ] ] ] } },
{ "type": "Feature", "properties": { "id": "e979058f-1312-4cbc-95d5-5c8f98433e06", "building_name": "0", "building_class": "warehouse", "building_subtype": "commercial", "height": 0.0, "num_floors": 0, "new_functional_class": "Infrastructure", "all_poi_names": "No POIs recorded", "dominant_share_pct": 0.0, "final_functional_class": "Other", "dominant_share_pct_formatted": "0.0%", "Retail_Food_Ratio_formatted": "0.0%", "Work": 0.0, "Food_Drink": 0.0, "Retail_Leisure": 0.0, "Education": 0.0, "Medical": 0.0, "Transportation": 0.0, "Other_POI": 0.0, "poi_sum": 0.0, "Retail_Food_Ratio": 0.0, "poi_names_list": "0" }, "geometry": { "type": "Polygon", "coordinates": [ [ [ -0.0218702, 51.4999326 ], [ -0.0221082, 51.4999476 ], [ -0.0221378, 51.4997654 ], [ -0.0218998, 51.4997504 ], [ -0.0218702, 51.4999326 ] ] ] } },
{ "type": "Feature", "properties": { "id": "990043d1-63c7-44ba-ba04-fa7870b3fd2b", "building_name": "0", "building_class": "warehouse", "building_subtype": "commercial", "height": 0.0, "num_floors": 0, "new_functional_class": "Infrastructure", "all_poi_names": "No POIs recorded", "dominant_share_pct": 0.0, "final_functional_class": "Other", "dominant_share_pct_formatted": "0.0%", "Retail_Food_Ratio_formatted": "0.0%", "Work": 0.0, "Food_Drink": 0.0, "Retail_Leisure": 0.0, "Education": 0.0, "Medical": 0.0, "Transportation": 0.0, "Other_POI": 0.0, "poi_sum": 0.0, "Retail_Food_Ratio": 0.0, "poi_names_list": "0" }, "geometry": { "type": "Polygon", "coordinates": [ [ [ -0.021413, 51.4999045 ], [ -0.0216985, 51.4999219 ], [ -0.0217281, 51.4997396 ], [ -0.0217458, 51.4996317 ], [ -0.0214631, 51.4996128 ], [ -0.021413, 51.4999045 ] ] ] } },
{ "type": "Feature", "properties": { "id": "e6a2c7c9-5720-466f-8adc-1ae2ba85cae7", "building_name": "Great Eastern Enterprise Centre", "building_class": "office", "building_subtype": "commercial", "height": 0.0, "num_floors": 2, "new_functional_class": "Office", "all_poi_names": "No POIs recorded", "dominant_share_pct": 0.0, "final_functional_class": "Other", "dominant_share_pct_formatted": "0.0%", "Retail_Food_Ratio_formatted": "0.0%", "Work": 0.0, "Food_Drink": 0.0, "Retail_Leisure": 0.0, "Education": 0.0, "Medical": 0.0, "Transportation": 0.0, "Other_POI": 0.0, "poi_sum": 0.0, "Retail_Food_Ratio": 0.0, "poi_names_list": "0" }, "geometry": { "type": "Polygon", "coordinates": [ [ [ -0.0181321, 51.4987296 ], [ -0.0184698, 51.4987505 ], [ -0.0184632, 51.498793 ], [ -0.0184348, 51.4987918 ], [ -0.0184013, 51.4987962 ], [ -0.0183785, 51.4988069 ], [ -0.0183651, 51.4988219 ], [ -0.0183584, 51.498838 ], [ -0.0183638, 51.4988488 ], [ -0.0183745, 51.4988645 ], [ -0.0183919, 51.4988772 ], [ -0.0184174, 51.4988845 ], [ -0.0184523, 51.4988881 ], [ -0.0185381, 51.4988928 ], [ -0.0185797, 51.4988931 ], [ -0.0186105, 51.4988847 ], [ -0.018632, 51.498872 ], [ -0.0186414, 51.4988594 ], [ -0.0186414, 51.4988436 ], [ -0.0186333, 51.4988261 ], [ -0.0186199, 51.4988113 ], [ -0.0185877, 51.4988027 ], [ -0.0185609, 51.4988002 ], [ -0.0185656, 51.4987571 ], [ -0.0186591, 51.4987623 ], [ -0.0186928, 51.4985569 ], [ -0.0186099, 51.4985099 ], [ -0.0181705, 51.4984802 ], [ -0.0174494, 51.4984379 ], [ -0.0173705, 51.4988562 ], [ -0.0173711, 51.4988696 ], [ -0.0173777, 51.4988858 ], [ -0.0173914, 51.4988956 ], [ -0.0174111, 51.4989025 ], [ -0.017434, 51.4989038 ], [ -0.0174547, 51.4989003 ], [ -0.017476, 51.4988906 ], [ -0.017489, 51.498879 ], [ -0.0174974, 51.4988655 ], [ -0.0175048, 51.4988252 ], [ -0.0175163, 51.4987497 ], [ -0.0174978, 51.4987482 ], [ -0.0175048, 51.4986934 ], [ -0.0181321, 51.4987296 ] ] ] } },
{ "type": "Feature", "properties": { "id": "a7da8e66-c7fe-4359-8e2e-16368a355418", "building_name": "0", "building_class": "office", "building_subtype": "commercial", "height": 6.0, "num_floors": 1, "new_functional_class": "Office", "all_poi_names": "Tompkins, Design Cube at Ballymore, Tower Hamlet Council", "dominant_share_pct": 33.333333333333329, "final_functional_class": "Other", "dominant_share_pct_formatted": "33.3%", "Retail_Food_Ratio_formatted": "33.3%", "Work": 1.0, "Food_Drink": 1.0, "Retail_Leisure": 0.0, "Education": 0.0, "Medical": 0.0, "Transportation": 0.0, "Other_POI": 1.0, "poi_sum": 3.0, "Retail_Food_Ratio": 33.333333333333329, "poi_names_list": "<details><summary>3 POIs (click to expand)</summary><ul><li>Tompkins</li><li>Design Cube at Ballymore</li><li>Tower Hamlet Council</li></ul></details>" }, "geometry": { "type": "Polygon", "coordinates": [ [ [ -0.016836, 51.4996458 ], [ -0.0171453, 51.499663 ], [ -0.0171525, 51.4996271 ], [ -0.0171529, 51.4996122 ], [ -0.0171714, 51.4994745 ], [ -0.0171556, 51.4994726 ], [ -0.0168916, 51.4994541 ], [ -0.0168639, 51.499452 ], [ -0.016836, 51.4996458 ] ] ] } },
{ "type": "Feature", "properties": { "id": "db95edda-e33a-448e-975a-943d8f37c605", "building_name": "Pan Peninsula", "building_class": "residential", "building_subtype": "residential", "height": 0.0, "num_floors": 0, "new_functional_class": "Residential", "all_poi_names": "melindanuszer, Capeesh, ClickBuzz Media, FlashAid | Get a Private Ambulance, Avocat.uk, Pashe Swimwear, Mudchute Farm Stables", "dominant_share_pct": 28.571428571428569, "final_functional_class": "Mixed-use/Complex", "dominant_share_pct_formatted": "28.6%", "Retail_Food_Ratio_formatted": "28.6%", "Work": 2.0, "Food_Drink": 1.0, "Retail_Leisure": 1.0, "Education": 1.0, "Medical": 1.0, "Transportation": 0.0, "Other_POI": 1.0, "poi_sum": 7.0, "Retail_Food_Ratio": 28.571428571428569, "poi_names_list": "<details><summary>7 POIs (click to expand)</summary><ul><li>melindanuszer</li><li>Capeesh</li><li>ClickBuzz Media</li><li>FlashAid | Get a Private Ambulance</li><li>Avocat.uk</li><li>Pashe Swimwear</li><li>Mudchute Farm Stables</li></ul></details>" }, "geometry": { "type": "Polygon", "coordinates": [ [ [ -0.0179762, 51.5002311 ], [ -0.0180189, 51.5003005 ], [ -0.0183461, 51.5003254 ], [ -0.0184333, 51.4998815 ], [ -0.0181061, 51.4998566 ], [ -0.0180519, 51.499906 ], [ -0.0179954, 51.4999278 ], [ -0.0179343, 51.4999375 ], [ -0.0178726, 51.4999337 ], [ -0.0178188, 51.499919 ], [ -0.0177674, 51.4998895 ], [ -0.0177392, 51.4998432 ], [ -0.0177375, 51.499769 ], [ -0.0177479, 51.4997135 ], [ -0.01729, 51.4996802 ], [ -0.0172238, 51.5000333 ], [ -0.0173403, 51.5000417 ], [ -0.0174365, 51.5000587 ], [ -0.017533, 51.5000754 ], [ -0.0176081, 51.5000938 ], [ -0.0177315, 51.5001239 ], [ -0.0178502, 51.500171 ], [ -0.0179246, 51.500204 ], [ -0.0179762, 51.5002311 ] ] ] } },
{ "type": "Feature", "properties": { "id": "03cbaac2-dfc5-4cd7-b78c-a48a33965157", "building_name": "0", "building_class": "transportation", "building_subtype": "transportation", "height": 0.0, "num_floors": 3, "new_functional_class": "Transportation", "all_poi_names": "No POIs recorded", "dominant_share_pct": 0.0, "final_functional_class": "Other", "dominant_share_pct_formatted": "0.0%", "Retail_Food_Ratio_formatted": "0.0%", "Work": 0.0, "Food_Drink": 0.0, "Retail_Leisure": 0.0, "Education": 0.0, "Medical": 0.0, "Transportation": 0.0, "Other_POI": 0.0, "poi_sum": 0.0, "Retail_Food_Ratio": 0.0, "poi_names_list": "0" }, "geometry": { "type": "Polygon", "coordinates": [ [ [ -0.0170491, 51.5000424 ], [ -0.0170188, 51.5000392 ], [ -0.0170112, 51.500067 ], [ -0.0170414, 51.5000702 ], [ -0.0170491, 51.5000424 ] ] ] } },
{ "type": "Feature", "properties": { "id": "25871039-7f89-4e1a-8b8f-9d05459e667a", "building_name": "0", "building_class": "roof", "building_subtype": "outbuilding", "height": 0.0, "num_floors": 3, "new_functional_class": "Infrastructure", "all_poi_names": "South Quay DLR Station, South Quay DLR station, Yuanda UK Co", "dominant_share_pct": 66.666666666666657, "final_functional_class": "Transit Hub", "dominant_share_pct_formatted": "66.7%", "Retail_Food_Ratio_formatted": "0.0%", "Work": 0.0, "Food_Drink": 0.0, "Retail_Leisure": 0.0, "Education": 0.0, "Medical": 0.0, "Transportation": 2.0, "Other_POI": 1.0, "poi_sum": 3.0, "Retail_Food_Ratio": 0.0, "poi_names_list": "<details><summary>3 POIs (click to expand)</summary><ul><li>South Quay DLR Station</li><li>South Quay DLR station</li><li>Yuanda UK Co</li></ul></details>" }, "geometry": { "type": "Polygon", "coordinates": [ [ [ -0.0156986, 51.4999348 ], [ -0.0156959, 51.4999444 ], [ -0.0170035, 51.5000905 ], [ -0.0170063, 51.5000808 ], [ -0.0170112, 51.500067 ], [ -0.0170188, 51.5000392 ], [ -0.0164017, 51.4999737 ], [ -0.0162628, 51.4999557 ], [ -0.0161772, 51.4999451 ], [ -0.0160999, 51.4999355 ], [ -0.0160287, 51.4999275 ], [ -0.0157109, 51.4998921 ], [ -0.0156986, 51.4999348 ] ] ] } },
{ "type": "Feature", "properties": { "id": "34ccc0a9-9d9d-47b7-a586-f14ff0935c88", "building_name": "The Madison", "building_class": "apartments", "building_subtype": "residential", "height": 3.1315624713897705, "num_floors": 54, "new_functional_class": "Residential", "all_poi_names": "Jockomo Digital, Giotech, Vance Harris LLP, Hadleys & Co, Krea Noir, Coulomb", "dominant_share_pct": 50.0, "final_functional_class": "Mixed-use/Complex", "dominant_share_pct_formatted": "50.0%", "Retail_Food_Ratio_formatted": "16.7%", "Work": 2.0, "Food_Drink": 0.0, "Retail_Leisure": 1.0, "Education": 0.0, "Medical": 0.0, "Transportation": 0.0, "Other_POI": 3.0, "poi_sum": 6.0, "Retail_Food_Ratio": 16.666666666666664, "poi_names_list": "<details><summary>6 POIs (click to expand)</summary><ul><li>Jockomo Digital</li><li>Giotech</li><li>Vance Harris LLP</li><li>Hadleys &amp; Co</li><li>Krea Noir</li><li>Coulomb</li></ul></details>" }, "geometry": { "type": "Polygon", "coordinates": [ [ [ -0.0138362, 51.5002018 ], [ -0.0138444, 51.5001917 ], [ -0.0138904, 51.5000325 ], [ -0.0138878, 51.5000218 ], [ -0.0138481, 51.5000004 ], [ -0.0137263, 51.4999488 ], [ -0.0133603, 51.5000158 ], [ -0.0133508, 51.5000529 ], [ -0.0133359, 51.5000947 ], [ -0.013634, 51.500232 ], [ -0.0136578, 51.5002362 ], [ -0.0138362, 51.5002018 ] ] ] } },
{ "type": "Feature", "properties": { "id": "7f7d16b5-974b-44cc-8ac3-f30c958962e0", "building_name": "One Thames Quay", "building_class": "apartments", "building_subtype": "residential", "height": 9.1050596237182617, "num_floors": 46, "new_functional_class": "Residential", "all_poi_names": "Commercial People Ltd, Goodlife Promotions, 15billionebp, CPA Tax, Tower Utility, Hostudio - East London Digital Agency, IAM - Immigrationandmigration /korea, 360 Travel Group - Brazil, Groopacc Taxation, London Professional College, CBIT Assist, One Thames Quay, Fashion Crossover London, SeekaHost, Clever Rank, Drewry Shipping Consultants, The London City Learning Academy, ecrmHub, Assistax, Jethro Ltd, Goodlife Business Directory, Time4London, Lifetime Learning, Yanaz LTD, IT Managers Hub, ASSET for Virtual Schools, Archview Properties", "dominant_share_pct": 44.444444444444443, "final_functional_class": "Office/HQ", "dominant_share_pct_formatted": "44.4%", "Retail_Food_Ratio_formatted": "7.4%", "Work": 12.0, "Food_Drink": 0.0, "Retail_Leisure": 2.0, "Education": 3.0, "Medical": 0.0, "Transportation": 2.0, "Other_POI": 8.0, "poi_sum": 27.0, "Retail_Food_Ratio": 7.4074074074074066, "poi_names_list": "<details><summary>27 POIs (click to expand)</summary><ul><li>Commercial People Ltd</li><li>Goodlife Promotions</li><li>15billionebp</li><li>CPA Tax</li><li>Tower Utility</li><li>Hostudio - East London Digital Agency</li><li>IAM - Immigrationandmigration /korea</li><li>360 Travel Group - Brazil</li><li>Groopacc Taxation</li><li>London Professional College</li><li>CBIT Assist</li><li>One Thames Quay</li><li>Fashion Crossover London</li><li>SeekaHost</li><li>Clever Rank</li><li>Drewry Shipping Consultants</li><li>The London City Learning Academy</li><li>ecrmHub</li><li>Assistax</li><li>Jethro Ltd</li><li>Goodlife Business Directory</li><li>Time4London</li><li>Lifetime Learning</li><li>Yanaz LTD</li><li>IT Managers Hub</li><li>ASSET for Virtual Schools</li><li>Archview Properties</li></ul></details>" }, "geometry": { "type": "Polygon", "coordinates": [ [ [ -0.0121932, 51.4999384 ], [ -0.0122441, 51.4997734 ], [ -0.0117494, 51.4997143 ], [ -0.0116618, 51.4997038 ], [ -0.0115852, 51.4999519 ], [ -0.0121675, 51.5000216 ], [ -0.0121932, 51.4999384 ] ] ] } },
{ "type": "Feature", "properties": { "id": "6d05a9ee-8c19-448d-b29f-5c1bacd8651c", "building_name": "West India Quay Car Park", "building_class": "parking", "building_subtype": "transportation", "height": 10.320181846618652, "num_floors": 8, "new_functional_class": "Infrastructure", "all_poi_names": "Feet By Pody, Smart School of Cookery, The Little Cakery - Cupcakes & Cakes, Via, 5D Marketing Ltd., onevisionclasses.com, onevisionstudio.com, Private Dining, Big M Promotions, The Womens Health Clinic - Canary Wharf, Rattan Garden Furniture 4u, S W Fitness, Skuna Sauna, Amazon Locker - victory, Cineworld West India Quay, Amazon Locker - hudson, PureGym London Canary Wharf, London Olympia Stadion, The Jack Petchey Foundation, ParkBee Saba", "dominant_share_pct": 65.0, "final_functional_class": "Office/HQ", "dominant_share_pct_formatted": "65.0%", "Retail_Food_Ratio_formatted": "15.0%", "Work": 1.0, "Food_Drink": 1.0, "Retail_Leisure": 2.0, "Education": 0.0, "Medical": 2.0, "Transportation": 1.0, "Other_POI": 13.0, "poi_sum": 20.0, "Retail_Food_Ratio": 15.0, "poi_names_list": "<details><summary>20 POIs (click to expand)</summary><ul><li>Feet By Pody</li><li>Smart School of Cookery</li><li>The Little Cakery - Cupcakes &amp; Cakes</li><li>Via</li><li>5D Marketing Ltd.</li><li>onevisionclasses.com</li><li>onevisionstudio.com</li><li>Private Dining</li><li>Big M Promotions</li><li>The Womens Health Clinic - Canary Wharf</li><li>Rattan Garden Furniture 4u</li><li>S W Fitness</li><li>Skuna Sauna</li><li>Amazon Locker - victory</li><li>Cineworld West India Quay</li><li>Amazon Locker - hudson</li><li>PureGym London Canary Wharf</li><li>London Olympia Stadion</li><li>The Jack Petchey Foundation</li><li>ParkBee Saba</li></ul></details>" }, "geometry": { "type": "Polygon", "coordinates": [ [ [ -0.0238995, 51.5082998 ], [ -0.0239024, 51.5082779 ], [ -0.0238987, 51.5082606 ], [ -0.0238855, 51.5082384 ], [ -0.0238652, 51.5082201 ], [ -0.0238389, 51.5082056 ], [ -0.0238031, 51.5081943 ], [ -0.0238071, 51.5081768 ], [ -0.0238419, 51.5081795 ], [ -0.0238443, 51.5081702 ], [ -0.023855, 51.5081293 ], [ -0.0238939, 51.5079808 ], [ -0.0238943, 51.5079581 ], [ -0.0238862, 51.5079414 ], [ -0.0238715, 51.5079255 ], [ -0.0238393, 51.5079114 ], [ -0.0238031, 51.5079013 ], [ -0.0237749, 51.507898 ], [ -0.0226162, 51.5077653 ], [ -0.0222836, 51.5078646 ], [ -0.0220985, 51.5078304 ], [ -0.0221092, 51.5077803 ], [ -0.0217069, 51.5077236 ], [ -0.02166, 51.5078646 ], [ -0.0217225, 51.5078724 ], [ -0.0217316, 51.5078881 ], [ -0.0217445, 51.5079016 ], [ -0.0217564, 51.5079104 ], [ -0.0217869, 51.5079253 ], [ -0.0218033, 51.5079302 ], [ -0.0218394, 51.507936 ], [ -0.0218668, 51.5079362 ], [ -0.0218839, 51.5079346 ], [ -0.0219164, 51.5079275 ], [ -0.0219348, 51.5079205 ], [ -0.0219416, 51.5079272 ], [ -0.0219228, 51.5079589 ], [ -0.0235791, 51.5083297 ], [ -0.0236073, 51.5082914 ], [ -0.0236138, 51.50831 ], [ -0.0236239, 51.5083247 ], [ -0.0236392, 51.5083391 ], [ -0.0236566, 51.5083505 ], [ -0.0236858, 51.5083629 ], [ -0.0237259, 51.5083717 ], [ -0.0237745, 51.5083726 ], [ -0.0238118, 51.5083663 ], [ -0.0238422, 51.5083555 ], [ -0.0238743, 51.5083354 ], [ -0.0238914, 51.5083163 ], [ -0.0238995, 51.5082998 ] ], [ [ -0.0218875, 51.5078812 ], [ -0.0218825, 51.507883 ], [ -0.0218648, 51.5078869 ], [ -0.0218614, 51.5078873 ], [ -0.0218498, 51.5078872 ], [ -0.0218306, 51.5078841 ], [ -0.0218288, 51.5078835 ], [ -0.0218113, 51.507875 ], [ -0.0218088, 51.5078732 ], [ -0.0218029, 51.5078671 ], [ -0.0217985, 51.5078595 ], [ -0.0217976, 51.5078565 ], [ -0.0217972, 51.5078499 ], [ -0.0217989, 51.5078432 ], [ -0.0218057, 51.507833 ], [ -0.0218123, 51.5078273 ], [ -0.0218216, 51.5078223 ], [ -0.0218365, 51.5078175 ], [ -0.0218464, 51.507816 ], [ -0.0218593, 51.5078158 ], [ -0.0218789, 51.507819 ], [ -0.0218895, 51.5078227 ], [ -0.0218973, 51.5078271 ], [ -0.0219053, 51.507834 ], [ -0.0219097, 51.50784 ], [ -0.0219117, 51.5078446 ], [ -0.0219126, 51.5078516 ], [ -0.0219105, 51.507861 ], [ -0.0219073, 51.5078665 ], [ -0.0218978, 51.5078753 ], [ -0.0218875, 51.5078812 ] ], [ [ -0.0236916, 51.5082726 ], [ -0.0237031, 51.5082618 ], [ -0.0237198, 51.5082541 ], [ -0.0237397, 51.5082503 ], [ -0.0237605, 51.508251 ], [ -0.0237796, 51.508256 ], [ -0.023795, 51.5082647 ], [ -0.023804, 51.5082751 ], [ -0.0238075, 51.5082866 ], [ -0.023805, 51.5082983 ], [ -0.0237969, 51.5083089 ], [ -0.0237839, 51.5083175 ], [ -0.0237674, 51.5083231 ], [ -0.0237488, 51.5083253 ], [ -0.02373, 51.5083238 ], [ -0.0237129, 51.5083187 ], [ -0.023698, 51.5083097 ], [ -0.0236889, 51.5082981 ], [ -0.0236867, 51.5082852 ], [ -0.0236916, 51.5082726 ] ] ] } },
{ "type": "Feature", "properties": { "id": "5019ab55-6b4c-4272-bd1f-b6363dffc570", "building_name": "0", "building_class": "service", "building_subtype": "service", "height": 8.8137941360473633, "num_floors": 0, "new_functional_class": "Commercial", "all_poi_names": "No POIs recorded", "dominant_share_pct": 0.0, "final_functional_class": "Infrastructure", "dominant_share_pct_formatted": "0.0%", "Retail_Food_Ratio_formatted": "0.0%", "Work": 0.0, "Food_Drink": 0.0, "Retail_Leisure": 0.0, "Education": 0.0, "Medical": 0.0, "Transportation": 0.0, "Other_POI": 0.0, "poi_sum": 0.0, "Retail_Food_Ratio": 0.0, "poi_names_list": "0" }, "geometry": { "type": "Polygon", "coordinates": [ [ [ -0.0224715, 51.5086056 ], [ -0.0230388, 51.5087316 ], [ -0.0231155, 51.5085961 ], [ -0.0225603, 51.5084509 ], [ -0.0224879, 51.508577 ], [ -0.0224715, 51.5086056 ] ] ] } },
{ "type": "Feature", "properties": { "id": "c49fe248-5bcb-4c38-832a-16f82d3e7abf", "building_name": "0", "building_class": "apartments", "building_subtype": "residential", "height": 14.911214828491211, "num_floors": 0, "new_functional_class": "Residential", "all_poi_names": "No POIs recorded", "dominant_share_pct": 0.0, "final_functional_class": "Residential", "dominant_share_pct_formatted": "0.0%", "Retail_Food_Ratio_formatted": "0.0%", "Work": 0.0, "Food_Drink": 0.0, "Retail_Leisure": 0.0, "Education": 0.0, "Medical": 0.0, "Transportation": 0.0, "Other_POI": 0.0, "poi_sum": 0.0, "Retail_Food_Ratio": 0.0, "poi_names_list": "0" }, "geometry": { "type": "Polygon", "coordinates": [ [ [ -0.025986, 51.5089943 ], [ -0.0262667, 51.5090907 ], [ -0.0262714, 51.5090855 ], [ -0.0262903, 51.5090855 ], [ -0.0263124, 51.5090834 ], [ -0.0263299, 51.5090795 ], [ -0.0263506, 51.5090715 ], [ -0.0263644, 51.5090615 ], [ -0.0263762, 51.5090493 ], [ -0.0263811, 51.509035 ], [ -0.0263814, 51.5090195 ], [ -0.0263733, 51.5090023 ], [ -0.0263568, 51.5089902 ], [ -0.0263618, 51.5089846 ], [ -0.0261274, 51.5089032 ], [ -0.0260798, 51.5089563 ], [ -0.0260329, 51.5089403 ], [ -0.025986, 51.5089943 ] ] ] } },
{ "type": "Feature", "properties": { "id": "83f7952c-bab8-411a-883f-2d29826d192e", "building_name": "Westferry", "building_class": "train_station", "building_subtype": "transportation", "height": 7.0424365997314453, "num_floors": 3, "new_functional_class": "Transportation", "all_poi_names": "No POIs recorded", "dominant_share_pct": 0.0, "final_functional_class": "Transit Hub", "dominant_share_pct_formatted": "0.0%", "Retail_Food_Ratio_formatted": "0.0%", "Work": 0.0, "Food_Drink": 0.0, "Retail_Leisure": 0.0, "Education": 0.0, "Medical": 0.0, "Transportation": 0.0, "Other_POI": 0.0, "poi_sum": 0.0, "Retail_Food_Ratio": 0.0, "poi_names_list": "0" }, "geometry": { "type": "Polygon", "coordinates": [ [ [ -0.0273608, 51.5096554 ], [ -0.0273724, 51.5096443 ], [ -0.0273785, 51.5096379 ], [ -0.0269216, 51.5094586 ], [ -0.0268802, 51.5094423 ], [ -0.0267968, 51.5094096 ], [ -0.0267716, 51.509401 ], [ -0.0267535, 51.509394 ], [ -0.0267392, 51.5093885 ], [ -0.026732, 51.5093857 ], [ -0.0266883, 51.5093682 ], [ -0.0266623, 51.5093576 ], [ -0.0265054, 51.509298 ], [ -0.0264469, 51.5092747 ], [ -0.0263565, 51.5092387 ], [ -0.0262864, 51.5092116 ], [ -0.0262662, 51.5092038 ], [ -0.0262438, 51.5091959 ], [ -0.0262369, 51.5092038 ], [ -0.0262236, 51.509199 ], [ -0.0261674, 51.5092585 ], [ -0.0261536, 51.5092718 ], [ -0.0261464, 51.5092801 ], [ -0.0261399, 51.5092875 ], [ -0.0261614, 51.5092947 ], [ -0.0261788, 51.5093006 ], [ -0.0261729, 51.5093074 ], [ -0.0262509, 51.509336 ], [ -0.0263528, 51.5093735 ], [ -0.0264019, 51.5093915 ], [ -0.0265346, 51.5094431 ], [ -0.0266027, 51.5094697 ], [ -0.0266451, 51.5094862 ], [ -0.0266645, 51.5094934 ], [ -0.0266783, 51.5094985 ], [ -0.0267081, 51.5095095 ], [ -0.0267872, 51.5095387 ], [ -0.0268217, 51.5095584 ], [ -0.0268955, 51.5095883 ], [ -0.0272074, 51.509711 ], [ -0.027228, 51.5096908 ], [ -0.0272955, 51.5097185 ], [ -0.027303, 51.5097107 ], [ -0.0273172, 51.5096961 ], [ -0.0273608, 51.5096554 ] ] ] } },
{ "type": "Feature", "properties": { "id": "77fe52ba-c734-43e8-9d49-715626fe1925", "building_name": "0", "building_class": "apartments", "building_subtype": "residential", "height": 9.5108842849731445, "num_floors": 0, "new_functional_class": "Residential", "all_poi_names": "Shanu's Kitchen", "dominant_share_pct": 100.0, "final_functional_class": "Residential", "dominant_share_pct_formatted": "100.0%", "Retail_Food_Ratio_formatted": "100.0%", "Work": 0.0, "Food_Drink": 1.0, "Retail_Leisure": 0.0, "Education": 0.0, "Medical": 0.0, "Transportation": 0.0, "Other_POI": 0.0, "poi_sum": 1.0, "Retail_Food_Ratio": 100.0, "poi_names_list": "<details><summary>1 POIs (click to expand)</summary><ul><li>Shanu&#x27;s Kitchen</li></ul></details>" }, "geometry": { "type": "Polygon", "coordinates": [ [ [ -0.0265503, 51.5086274 ], [ -0.0267497, 51.5086642 ], [ -0.0268376, 51.5084764 ], [ -0.0268289, 51.5084747 ], [ -0.0268367, 51.5084586 ], [ -0.026837, 51.508444 ], [ -0.0268266, 51.5084319 ], [ -0.0268061, 51.5084242 ], [ -0.0267741, 51.5084227 ], [ -0.0267599, 51.5084284 ], [ -0.02675, 51.5084343 ], [ -0.0267364, 51.5084584 ], [ -0.0266332, 51.5084403 ], [ -0.0266143, 51.508483 ], [ -0.0265503, 51.5086274 ] ] ] } },
{ "type": "Feature", "properties": { "id": "e089f4d0-5512-4aa2-b973-782c910fbd62", "building_name": "0", "building_class": "apartments", "building_subtype": "residential", "height": 0.0, "num_floors": 0, "new_functional_class": "Residential", "all_poi_names": "No POIs recorded", "dominant_share_pct": 0.0, "final_functional_class": "Residential", "dominant_share_pct_formatted": "0.0%", "Retail_Food_Ratio_formatted": "0.0%", "Work": 0.0, "Food_Drink": 0.0, "Retail_Leisure": 0.0, "Education": 0.0, "Medical": 0.0, "Transportation": 0.0, "Other_POI": 0.0, "poi_sum": 0.0, "Retail_Food_Ratio": 0.0, "poi_names_list": "0" }, "geometry": { "type": "Polygon", "coordinates": [ [ [ -0.0268826, 51.5082088 ], [ -0.0268868, 51.5081938 ], [ -0.0265665, 51.5081578 ], [ -0.0265496, 51.5082233 ], [ -0.0266029, 51.5082294 ], [ -0.0265881, 51.5082954 ], [ -0.026848, 51.5083246 ], [ -0.0268486, 51.5083188 ], [ -0.0268666, 51.5083208 ], [ -0.0268836, 51.5083173 ], [ -0.0268965, 51.5083113 ], [ -0.026913, 51.5083035 ], [ -0.0269245, 51.5082947 ], [ -0.0269333, 51.5082826 ], [ -0.0269406, 51.5082705 ], [ -0.0269398, 51.5082571 ], [ -0.0269365, 51.5082441 ], [ -0.0269285, 51.5082315 ], [ -0.0269161, 51.5082223 ], [ -0.0269031, 51.5082148 ], [ -0.0268826, 51.5082088 ] ] ] } },
{ "type": "Feature", "properties": { "id": "f222bc61-5ca6-48e4-bba7-cf70b15ab986", "building_name": "0", "building_class": "apartments", "building_subtype": "residential", "height": 11.961346626281738, "num_floors": 6, "new_functional_class": "Residential", "all_poi_names": "Kerb West India Quay", "dominant_share_pct": 100.0, "final_functional_class": "Residential", "dominant_share_pct_formatted": "100.0%", "Retail_Food_Ratio_formatted": "100.0%", "Work": 0.0, "Food_Drink": 1.0, "Retail_Leisure": 0.0, "Education": 0.0, "Medical": 0.0, "Transportation": 0.0, "Other_POI": 0.0, "poi_sum": 1.0, "Retail_Food_Ratio": 100.0, "poi_names_list": "<details><summary>1 POIs (click to expand)</summary><ul><li>Kerb West India Quay</li></ul></details>" }, "geometry": { "type": "Polygon", "coordinates": [ [ [ -0.0248836, 51.5080942 ], [ -0.0250676, 51.5080127 ], [ -0.0250031, 51.507968 ], [ -0.0249782, 51.507979 ], [ -0.024946, 51.5079551 ], [ -0.0249085, 51.5079719 ], [ -0.024895, 51.5079635 ], [ -0.0246996, 51.5080437 ], [ -0.0246715, 51.5081007 ], [ -0.0246809, 51.5081227 ], [ -0.0246903, 51.508122 ], [ -0.0247578, 51.5082715 ], [ -0.0248025, 51.5082624 ], [ -0.0248139, 51.5082805 ], [ -0.0249345, 51.5082553 ], [ -0.0248711, 51.5081201 ], [ -0.0248836, 51.5080942 ] ] ] } },
{ "type": "Feature", "properties": { "id": "00851081-a921-44b3-a74f-a20d78c92746", "building_name": "0", "building_class": "apartments", "building_subtype": "residential", "height": 0.0, "num_floors": 0, "new_functional_class": "Residential", "all_poi_names": "No POIs recorded", "dominant_share_pct": 0.0, "final_functional_class": "Residential", "dominant_share_pct_formatted": "0.0%", "Retail_Food_Ratio_formatted": "0.0%", "Work": 0.0, "Food_Drink": 0.0, "Retail_Leisure": 0.0, "Education": 0.0, "Medical": 0.0, "Transportation": 0.0, "Other_POI": 0.0, "poi_sum": 0.0, "Retail_Food_Ratio": 0.0, "poi_names_list": "0" }, "geometry": { "type": "Polygon", "coordinates": [ [ [ -0.0257025, 51.5081848 ], [ -0.0256676, 51.5081106 ], [ -0.0254733, 51.5081042 ], [ -0.0255333, 51.5082313 ], [ -0.0255796, 51.5082229 ], [ -0.0255723, 51.5082075 ], [ -0.0256078, 51.508201 ], [ -0.025616, 51.5082183 ], [ -0.025688, 51.5082052 ], [ -0.0256803, 51.5081888 ], [ -0.0257025, 51.5081848 ] ] ] } },
{ "type": "Feature", "properties": { "id": "90a03f9a-0265-43c6-b735-9167c05f2d6e", "building_name": "0", "building_class": "house", "building_subtype": "residential", "height": 0.0, "num_floors": 2, "new_functional_class": "Residential", "all_poi_names": "No POIs recorded", "dominant_share_pct": 0.0, "final_functional_class": "Residential", "dominant_share_pct_formatted": "0.0%", "Retail_Food_Ratio_formatted": "0.0%", "Work": 0.0, "Food_Drink": 0.0, "Retail_Leisure": 0.0, "Education": 0.0, "Medical": 0.0, "Transportation": 0.0, "Other_POI": 0.0, "poi_sum": 0.0, "Retail_Food_Ratio": 0.0, "poi_names_list": "0" }, "geometry": { "type": "Polygon", "coordinates": [ [ [ -0.0254395, 51.5084061 ], [ -0.0253914, 51.5084145 ], [ -0.0254192, 51.5084762 ], [ -0.0254462, 51.5084715 ], [ -0.0254506, 51.5084813 ], [ -0.0255227, 51.5084685 ], [ -0.0254887, 51.5083942 ], [ -0.0254619, 51.5083353 ], [ -0.0254469, 51.5083026 ], [ -0.025397, 51.5083118 ], [ -0.0254395, 51.5084061 ] ] ] } },
{ "type": "Feature", "properties": { "id": "4b48412f-b3bb-45e6-98a2-d4300fded763", "building_name": "0", "building_class": "residential", "building_subtype": "residential", "height": 8.1112098693847656, "num_floors": 0, "new_functional_class": "Residential", "all_poi_names": "Elite Support Services", "dominant_share_pct": 100.0, "final_functional_class": "Residential", "dominant_share_pct_formatted": "100.0%", "Retail_Food_Ratio_formatted": "0.0%", "Work": 1.0, "Food_Drink": 0.0, "Retail_Leisure": 0.0, "Education": 0.0, "Medical": 0.0, "Transportation": 0.0, "Other_POI": 0.0, "poi_sum": 1.0, "Retail_Food_Ratio": 0.0, "poi_names_list": "<details><summary>1 POIs (click to expand)</summary><ul><li>Elite Support Services</li></ul></details>" }, "geometry": { "type": "Polygon", "coordinates": [ [ [ -0.0257588, 51.5084261 ], [ -0.0257107, 51.5083194 ], [ -0.025582, 51.5083419 ], [ -0.0256301, 51.5084486 ], [ -0.0257588, 51.5084261 ] ] ] } },
{ "type": "Feature", "properties": { "id": "563b76e8-1bcd-4ae9-9903-fb103e70c214", "building_name": "0", "building_class": "house", "building_subtype": "residential", "height": 0.0, "num_floors": 2, "new_functional_class": "Residential", "all_poi_names": "No POIs recorded", "dominant_share_pct": 0.0, "final_functional_class": "Residential", "dominant_share_pct_formatted": "0.0%", "Retail_Food_Ratio_formatted": "0.0%", "Work": 0.0, "Food_Drink": 0.0, "Retail_Leisure": 0.0, "Education": 0.0, "Medical": 0.0, "Transportation": 0.0, "Other_POI": 0.0, "poi_sum": 0.0, "Retail_Food_Ratio": 0.0, "poi_names_list": "0" }, "geometry": { "type": "Polygon", "coordinates": [ [ [ -0.0255496, 51.5083834 ], [ -0.0254887, 51.5083942 ], [ -0.0255227, 51.5084685 ], [ -0.0255877, 51.508457 ], [ -0.0255834, 51.5084477 ], [ -0.0256181, 51.5084415 ], [ -0.0255464, 51.5082849 ], [ -0.0254469, 51.5083026 ], [ -0.0254619, 51.5083353 ], [ -0.0255227, 51.5083246 ], [ -0.0255496, 51.5083834 ] ] ] } },
{ "type": "Feature", "properties": { "id": "1f9270f4-be48-427a-8b63-886838c77ec9", "building_name": "0", "building_class": "apartments", "building_subtype": "residential", "height": 9.7836456298828125, "num_floors": 4, "new_functional_class": "Residential", "all_poi_names": "No POIs recorded", "dominant_share_pct": 0.0, "final_functional_class": "Residential", "dominant_share_pct_formatted": "0.0%", "Retail_Food_Ratio_formatted": "0.0%", "Work": 0.0, "Food_Drink": 0.0, "Retail_Leisure": 0.0, "Education": 0.0, "Medical": 0.0, "Transportation": 0.0, "Other_POI": 0.0, "poi_sum": 0.0, "Retail_Food_Ratio": 0.0, "poi_names_list": "0" }, "geometry": { "type": "Polygon", "coordinates": [ [ [ -0.0256676, 51.5081106 ], [ -0.0257025, 51.5081848 ], [ -0.0256803, 51.5081888 ], [ -0.025688, 51.5082052 ], [ -0.0256996, 51.5082373 ], [ -0.0257538, 51.508228 ], [ -0.0258001, 51.5083318 ], [ -0.0257663, 51.5083376 ], [ -0.0257998, 51.5084128 ], [ -0.0261011, 51.5083607 ], [ -0.0260554, 51.5082583 ], [ -0.0260261, 51.5082634 ], [ -0.0259672, 51.5081312 ], [ -0.0256676, 51.5081106 ] ] ] } },
{ "type": "Feature", "properties": { "id": "9dc3ac14-3476-4029-980c-b21665062ed2", "building_name": "0", "building_class": "apartments", "building_subtype": "residential", "height": 9.9725332260131836, "num_floors": 0, "new_functional_class": "Residential", "all_poi_names": "No POIs recorded", "dominant_share_pct": 0.0, "final_functional_class": "Residential", "dominant_share_pct_formatted": "0.0%", "Retail_Food_Ratio_formatted": "0.0%", "Work": 0.0, "Food_Drink": 0.0, "Retail_Leisure": 0.0, "Education": 0.0, "Medical": 0.0, "Transportation": 0.0, "Other_POI": 0.0, "poi_sum": 0.0, "Retail_Food_Ratio": 0.0, "poi_names_list": "0" }, "geometry": { "type": "Polygon", "coordinates": [ [ [ -0.0262287, 51.5083374 ], [ -0.0264682, 51.5082938 ], [ -0.0264173, 51.5081855 ], [ -0.0261778, 51.5082291 ], [ -0.0262287, 51.5083374 ] ] ] } },
{ "type": "Feature", "properties": { "id": "2d0b42f9-6d92-4a26-9a37-11e48bf36d84", "building_name": "0", "building_class": "house", "building_subtype": "residential", "height": 0.0, "num_floors": 2, "new_functional_class": "Residential", "all_poi_names": "No POIs recorded", "dominant_share_pct": 0.0, "final_functional_class": "Residential", "dominant_share_pct_formatted": "0.0%", "Retail_Food_Ratio_formatted": "0.0%", "Work": 0.0, "Food_Drink": 0.0, "Retail_Leisure": 0.0, "Education": 0.0, "Medical": 0.0, "Transportation": 0.0, "Other_POI": 0.0, "poi_sum": 0.0, "Retail_Food_Ratio": 0.0, "poi_names_list": "0" }, "geometry": { "type": "Polygon", "coordinates": [ [ [ -0.0263061, 51.5085558 ], [ -0.0263836, 51.5085425 ], [ -0.0263444, 51.5084514 ], [ -0.026266, 51.5084647 ], [ -0.0263061, 51.5085558 ] ] ] } },
{ "type": "Feature", "properties": { "id": "a46e140b-7ebd-460c-8fe6-a47c0a0e5d26", "building_name": "0", "building_class": "house", "building_subtype": "residential", "height": 0.0, "num_floors": 2, "new_functional_class": "Residential", "all_poi_names": "No POIs recorded", "dominant_share_pct": 0.0, "final_functional_class": "Residential", "dominant_share_pct_formatted": "0.0%", "Retail_Food_Ratio_formatted": "0.0%", "Work": 0.0, "Food_Drink": 0.0, "Retail_Leisure": 0.0, "Education": 0.0, "Medical": 0.0, "Transportation": 0.0, "Other_POI": 0.0, "poi_sum": 0.0, "Retail_Food_Ratio": 0.0, "poi_names_list": "0" }, "geometry": { "type": "Polygon", "coordinates": [ [ [ -0.0262251, 51.5085696 ], [ -0.0263061, 51.5085558 ], [ -0.026266, 51.5084647 ], [ -0.026185, 51.5084785 ], [ -0.0262251, 51.5085696 ] ] ] } },
{ "type": "Feature", "properties": { "id": "02ed5509-3d53-4769-9531-711b73d7028c", "building_name": "0", "building_class": "house", "building_subtype": "residential", "height": 0.0, "num_floors": 2, "new_functional_class": "Residential", "all_poi_names": "No POIs recorded", "dominant_share_pct": 0.0, "final_functional_class": "Residential", "dominant_share_pct_formatted": "0.0%", "Retail_Food_Ratio_formatted": "0.0%", "Work": 0.0, "Food_Drink": 0.0, "Retail_Leisure": 0.0, "Education": 0.0, "Medical": 0.0, "Transportation": 0.0, "Other_POI": 0.0, "poi_sum": 0.0, "Retail_Food_Ratio": 0.0, "poi_names_list": "0" }, "geometry": { "type": "Polygon", "coordinates": [ [ [ -0.0260634, 51.5085975 ], [ -0.0261428, 51.5085838 ], [ -0.0261028, 51.5084934 ], [ -0.0260237, 51.5085066 ], [ -0.0260634, 51.5085975 ] ] ] } },
{ "type": "Feature", "properties": { "id": "fff95900-d435-440a-9565-7c85be540453", "building_name": "0", "building_class": "house", "building_subtype": "residential", "height": 0.0, "num_floors": 2, "new_functional_class": "Residential", "all_poi_names": "No POIs recorded", "dominant_share_pct": 0.0, "final_functional_class": "Residential", "dominant_share_pct_formatted": "0.0%", "Retail_Food_Ratio_formatted": "0.0%", "Work": 0.0, "Food_Drink": 0.0, "Retail_Leisure": 0.0, "Education": 0.0, "Medical": 0.0, "Transportation": 0.0, "Other_POI": 0.0, "poi_sum": 0.0, "Retail_Food_Ratio": 0.0, "poi_names_list": "0" }, "geometry": { "type": "Polygon", "coordinates": [ [ [ -0.0259875, 51.5086104 ], [ -0.0260634, 51.5085975 ], [ -0.0260237, 51.5085066 ], [ -0.0259477, 51.5085194 ], [ -0.0259875, 51.5086104 ] ] ] } },
{ "type": "Feature", "properties": { "id": "7641b648-cec7-45a5-a2c8-885ae8727dde", "building_name": "0", "building_class": "house", "building_subtype": "residential", "height": 0.0, "num_floors": 2, "new_functional_class": "Residential", "all_poi_names": "No POIs recorded", "dominant_share_pct": 0.0, "final_functional_class": "Residential", "dominant_share_pct_formatted": "0.0%", "Retail_Food_Ratio_formatted": "0.0%", "Work": 0.0, "Food_Drink": 0.0, "Retail_Leisure": 0.0, "Education": 0.0, "Medical": 0.0, "Transportation": 0.0, "Other_POI": 0.0, "poi_sum": 0.0, "Retail_Food_Ratio": 0.0, "poi_names_list": "0" }, "geometry": { "type": "Polygon", "coordinates": [ [ [ -0.025824, 51.5086371 ], [ -0.025903, 51.5086239 ], [ -0.0258633, 51.5085329 ], [ -0.0257844, 51.5085465 ], [ -0.025824, 51.5086371 ] ] ] } },
{ "type": "Feature", "properties": { "id": "888ae090-8fde-44e5-ac40-89ed00adbc1c", "building_name": "0", "building_class": "house", "building_subtype": "residential", "height": 0.0, "num_floors": 2, "new_functional_class": "Residential", "all_poi_names": "No POIs recorded", "dominant_share_pct": 0.0, "final_functional_class": "Residential", "dominant_share_pct_formatted": "0.0%", "Retail_Food_Ratio_formatted": "0.0%", "Work": 0.0, "Food_Drink": 0.0, "Retail_Leisure": 0.0, "Education": 0.0, "Medical": 0.0, "Transportation": 0.0, "Other_POI": 0.0, "poi_sum": 0.0, "Retail_Food_Ratio": 0.0, "poi_names_list": "0" }, "geometry": { "type": "Polygon", "coordinates": [ [ [ -0.0257479, 51.50865 ], [ -0.025824, 51.5086371 ], [ -0.0257844, 51.5085465 ], [ -0.0257083, 51.5085594 ], [ -0.0257479, 51.50865 ] ] ] } },
{ "type": "Feature", "properties": { "id": "649e4a9d-af86-4c83-9b53-82cb3507c241", "building_name": "0", "building_class": "apartments", "building_subtype": "residential", "height": 12.065957069396973, "num_floors": 0, "new_functional_class": "Residential", "all_poi_names": "No POIs recorded", "dominant_share_pct": 0.0, "final_functional_class": "Residential", "dominant_share_pct_formatted": "0.0%", "Retail_Food_Ratio_formatted": "0.0%", "Work": 0.0, "Food_Drink": 0.0, "Retail_Leisure": 0.0, "Education": 0.0, "Medical": 0.0, "Transportation": 0.0, "Other_POI": 0.0, "poi_sum": 0.0, "Retail_Food_Ratio": 0.0, "poi_names_list": "0" }, "geometry": { "type": "Polygon", "coordinates": [ [ [ -0.0265926, 51.5087111 ], [ -0.026566, 51.5087424 ], [ -0.0264752, 51.5087124 ], [ -0.026322, 51.5088922 ], [ -0.0264183, 51.508924 ], [ -0.0264053, 51.5089393 ], [ -0.0264054, 51.5089553 ], [ -0.0264268, 51.5089687 ], [ -0.0264604, 51.5089745 ], [ -0.0264885, 51.5089645 ], [ -0.0265087, 51.5089503 ], [ -0.0266862, 51.508742 ], [ -0.0265926, 51.5087111 ] ] ] } },
{ "type": "Feature", "properties": { "id": "77b71bf2-4605-4660-9138-9ddb271e76ba", "building_name": "0", "building_class": "apartments", "building_subtype": "residential", "height": 0.0, "num_floors": 0, "new_functional_class": "Residential", "all_poi_names": "No POIs recorded", "dominant_share_pct": 0.0, "final_functional_class": "Residential", "dominant_share_pct_formatted": "0.0%", "Retail_Food_Ratio_formatted": "0.0%", "Work": 0.0, "Food_Drink": 0.0, "Retail_Leisure": 0.0, "Education": 0.0, "Medical": 0.0, "Transportation": 0.0, "Other_POI": 0.0, "poi_sum": 0.0, "Retail_Food_Ratio": 0.0, "poi_names_list": "0" }, "geometry": { "type": "Polygon", "coordinates": [ [ [ -0.0257652, 51.508805 ], [ -0.0256819, 51.5089004 ], [ -0.0258902, 51.508972 ], [ -0.0259751, 51.5088764 ], [ -0.0257652, 51.508805 ] ] ] } },
{ "type": "Feature", "properties": { "id": "8b6d8595-e1ed-489e-aa42-9b5ef4c770b0", "building_name": "0", "building_class": "house", "building_subtype": "residential", "height": 0.0, "num_floors": 2, "new_functional_class": "Residential", "all_poi_names": "No POIs recorded", "dominant_share_pct": 0.0, "final_functional_class": "Residential", "dominant_share_pct_formatted": "0.0%", "Retail_Food_Ratio_formatted": "0.0%", "Work": 0.0, "Food_Drink": 0.0, "Retail_Leisure": 0.0, "Education": 0.0, "Medical": 0.0, "Transportation": 0.0, "Other_POI": 0.0, "poi_sum": 0.0, "Retail_Food_Ratio": 0.0, "poi_names_list": "0" }, "geometry": { "type": "Polygon", "coordinates": [ [ [ -0.0253453, 51.5087192 ], [ -0.0254243, 51.5087057 ], [ -0.0253845, 51.508615 ], [ -0.0253054, 51.5086284 ], [ -0.0253453, 51.5087192 ] ] ] } },
{ "type": "Feature", "properties": { "id": "b6034034-c71d-47a6-9008-e8988bc49993", "building_name": "0", "building_class": "apartments", "building_subtype": "residential", "height": 0.0, "num_floors": 0, "new_functional_class": "Residential", "all_poi_names": "The Salvation Army", "dominant_share_pct": 100.0, "final_functional_class": "Residential", "dominant_share_pct_formatted": "100.0%", "Retail_Food_Ratio_formatted": "0.0%", "Work": 0.0, "Food_Drink": 0.0, "Retail_Leisure": 0.0, "Education": 0.0, "Medical": 0.0, "Transportation": 0.0, "Other_POI": 1.0, "poi_sum": 1.0, "Retail_Food_Ratio": 0.0, "poi_names_list": "<details><summary>1 POIs (click to expand)</summary><ul><li>The Salvation Army</li></ul></details>" }, "geometry": { "type": "Polygon", "coordinates": [ [ [ -0.0254773, 51.5088312 ], [ -0.0256819, 51.5089004 ], [ -0.0257652, 51.508805 ], [ -0.0255606, 51.5087358 ], [ -0.0255279, 51.5087732 ], [ -0.0255118, 51.5087724 ], [ -0.0254971, 51.5087723 ], [ -0.0254804, 51.5087772 ], [ -0.0254694, 51.5087868 ], [ -0.0254619, 51.5087969 ], [ -0.0254643, 51.5088089 ], [ -0.02547, 51.5088194 ], [ -0.0254814, 51.5088265 ], [ -0.0254773, 51.5088312 ] ] ] } },
{ "type": "Feature", "properties": { "id": "b022760d-b27c-4a51-96f3-a25aad647284", "building_name": "0", "building_class": "house", "building_subtype": "residential", "height": 0.0, "num_floors": 2, "new_functional_class": "Residential", "all_poi_names": "No POIs recorded", "dominant_share_pct": 0.0, "final_functional_class": "Residential", "dominant_share_pct_formatted": "0.0%", "Retail_Food_Ratio_formatted": "0.0%", "Work": 0.0, "Food_Drink": 0.0, "Retail_Leisure": 0.0, "Education": 0.0, "Medical": 0.0, "Transportation": 0.0, "Other_POI": 0.0, "poi_sum": 0.0, "Retail_Food_Ratio": 0.0, "poi_names_list": "0" }, "geometry": { "type": "Polygon", "coordinates": [ [ [ -0.025269, 51.5087322 ], [ -0.0253453, 51.5087192 ], [ -0.0253054, 51.5086284 ], [ -0.025229, 51.5086415 ], [ -0.025269, 51.5087322 ] ] ] } },
{ "type": "Feature", "properties": { "id": "0ef75666-aba4-4254-92c2-d67d056e7654", "building_name": "0", "building_class": "service", "building_subtype": "service", "height": 0.0, "num_floors": 0, "new_functional_class": "Commercial", "all_poi_names": "No POIs recorded", "dominant_share_pct": 0.0, "final_functional_class": "Infrastructure", "dominant_share_pct_formatted": "0.0%", "Retail_Food_Ratio_formatted": "0.0%", "Work": 0.0, "Food_Drink": 0.0, "Retail_Leisure": 0.0, "Education": 0.0, "Medical": 0.0, "Transportation": 0.0, "Other_POI": 0.0, "poi_sum": 0.0, "Retail_Food_Ratio": 0.0, "poi_names_list": "0" }, "geometry": { "type": "Polygon", "coordinates": [ [ [ -0.0250127, 51.5087211 ], [ -0.0250732, 51.5087133 ], [ -0.0250635, 51.5086844 ], [ -0.025003, 51.5086923 ], [ -0.0250127, 51.5087211 ] ] ] } },
{ "type": "Feature", "properties": { "id": "2c9951c2-950e-4ed2-950c-5c2dfc9cd880", "building_name": "0", "building_class": "house", "building_subtype": "residential", "height": 0.0, "num_floors": 2, "new_functional_class": "Residential", "all_poi_names": "No POIs recorded", "dominant_share_pct": 0.0, "final_functional_class": "Residential", "dominant_share_pct_formatted": "0.0%", "Retail_Food_Ratio_formatted": "0.0%", "Work": 0.0, "Food_Drink": 0.0, "Retail_Leisure": 0.0, "Education": 0.0, "Medical": 0.0, "Transportation": 0.0, "Other_POI": 0.0, "poi_sum": 0.0, "Retail_Food_Ratio": 0.0, "poi_names_list": "0" }, "geometry": { "type": "Polygon", "coordinates": [ [ [ -0.0255077, 51.5086913 ], [ -0.0255859, 51.508678 ], [ -0.0255462, 51.5085875 ], [ -0.025468, 51.5086008 ], [ -0.0255077, 51.5086913 ] ] ] } },
{ "type": "Feature", "properties": { "id": "5964c68b-9de3-4526-80e6-c54bca244916", "building_name": "0", "building_class": "house", "building_subtype": "residential", "height": 0.0, "num_floors": 2, "new_functional_class": "Residential", "all_poi_names": "No POIs recorded", "dominant_share_pct": 0.0, "final_functional_class": "Residential", "dominant_share_pct_formatted": "0.0%", "Retail_Food_Ratio_formatted": "0.0%", "Work": 0.0, "Food_Drink": 0.0, "Retail_Leisure": 0.0, "Education": 0.0, "Medical": 0.0, "Transportation": 0.0, "Other_POI": 0.0, "poi_sum": 0.0, "Retail_Food_Ratio": 0.0, "poi_names_list": "0" }, "geometry": { "type": "Polygon", "coordinates": [ [ [ -0.0255859, 51.508678 ], [ -0.025664, 51.5086648 ], [ -0.0256246, 51.5085741 ], [ -0.0255462, 51.5085875 ], [ -0.0255859, 51.508678 ] ] ] } },
{ "type": "Feature", "properties": { "id": "94620c8d-1ce4-4fe5-9991-77971c4e6b31", "building_name": "0", "building_class": "house", "building_subtype": "residential", "height": 0.0, "num_floors": 2, "new_functional_class": "Residential", "all_poi_names": "No POIs recorded", "dominant_share_pct": 0.0, "final_functional_class": "Residential", "dominant_share_pct_formatted": "0.0%", "Retail_Food_Ratio_formatted": "0.0%", "Work": 0.0, "Food_Drink": 0.0, "Retail_Leisure": 0.0, "Education": 0.0, "Medical": 0.0, "Transportation": 0.0, "Other_POI": 0.0, "poi_sum": 0.0, "Retail_Food_Ratio": 0.0, "poi_names_list": "0" }, "geometry": { "type": "Polygon", "coordinates": [ [ [ -0.0253726, 51.5084116 ], [ -0.0252155, 51.5084383 ], [ -0.0252184, 51.508445 ], [ -0.0252466, 51.5085091 ], [ -0.0252498, 51.5085166 ], [ -0.0254073, 51.5084898 ], [ -0.0254026, 51.5084791 ], [ -0.0254192, 51.5084762 ], [ -0.0253914, 51.5084145 ], [ -0.0253752, 51.5084176 ], [ -0.0253726, 51.5084116 ] ] ] } },
{ "type": "Feature", "properties": { "id": "2c5e193a-0b0a-449b-aacb-bf16ad9c34d6", "building_name": "0", "building_class": "house", "building_subtype": "residential", "height": 0.0, "num_floors": 2, "new_functional_class": "Residential", "all_poi_names": "No POIs recorded", "dominant_share_pct": 0.0, "final_functional_class": "Residential", "dominant_share_pct_formatted": "0.0%", "Retail_Food_Ratio_formatted": "0.0%", "Work": 0.0, "Food_Drink": 0.0, "Retail_Leisure": 0.0, "Education": 0.0, "Medical": 0.0, "Transportation": 0.0, "Other_POI": 0.0, "poi_sum": 0.0, "Retail_Food_Ratio": 0.0, "poi_names_list": "0" }, "geometry": { "type": "Polygon", "coordinates": [ [ [ -0.0252004, 51.508517 ], [ -0.0252466, 51.5085091 ], [ -0.0252184, 51.508445 ], [ -0.0251731, 51.5084528 ], [ -0.0251701, 51.5084462 ], [ -0.0251627, 51.5084475 ], [ -0.0251523, 51.5084242 ], [ -0.0250896, 51.5084351 ], [ -0.0251344, 51.5085354 ], [ -0.0252033, 51.5085235 ], [ -0.0252004, 51.508517 ] ] ] } },
{ "type": "Feature", "properties": { "id": "e3eaaa64-5b72-4612-b364-175374178af3", "building_name": "0", "building_class": "house", "building_subtype": "residential", "height": 6.2029528617858887, "num_floors": 2, "new_functional_class": "Residential", "all_poi_names": "No POIs recorded", "dominant_share_pct": 0.0, "final_functional_class": "Residential", "dominant_share_pct_formatted": "0.0%", "Retail_Food_Ratio_formatted": "0.0%", "Work": 0.0, "Food_Drink": 0.0, "Retail_Leisure": 0.0, "Education": 0.0, "Medical": 0.0, "Transportation": 0.0, "Other_POI": 0.0, "poi_sum": 0.0, "Retail_Food_Ratio": 0.0, "poi_names_list": "0" }, "geometry": { "type": "Polygon", "coordinates": [ [ [ -0.0250654, 51.5085474 ], [ -0.0251344, 51.5085354 ], [ -0.0250896, 51.5084351 ], [ -0.0250293, 51.5084454 ], [ -0.0250393, 51.5084678 ], [ -0.025031, 51.5084693 ], [ -0.025033, 51.5084736 ], [ -0.0250034, 51.5084788 ], [ -0.0250325, 51.5085435 ], [ -0.0250614, 51.5085385 ], [ -0.0250654, 51.5085474 ] ] ] } },
{ "type": "Feature", "properties": { "id": "aace8b76-3b8c-44f1-8ed8-ed8e2c326cfe", "building_name": "0", "building_class": "office", "building_subtype": "commercial", "height": 7.3559198379516602, "num_floors": 2, "new_functional_class": "Office", "all_poi_names": "Greig House Addiction Services, West India Docks railway station", "dominant_share_pct": 50.0, "final_functional_class": "Other", "dominant_share_pct_formatted": "50.0%", "Retail_Food_Ratio_formatted": "0.0%", "Work": 0.0, "Food_Drink": 0.0, "Retail_Leisure": 0.0, "Education": 0.0, "Medical": 0.0, "Transportation": 1.0, "Other_POI": 1.0, "poi_sum": 2.0, "Retail_Food_Ratio": 0.0, "poi_names_list": "<details><summary>2 POIs (click to expand)</summary><ul><li>Greig House Addiction Services</li><li>West India Docks railway station</li></ul></details>" }, "geometry": { "type": "Polygon", "coordinates": [ [ [ -0.024645, 51.5083119 ], [ -0.0247095, 51.5084533 ], [ -0.0246848, 51.5084577 ], [ -0.0246704, 51.5084262 ], [ -0.0245052, 51.5084554 ], [ -0.0245175, 51.5084823 ], [ -0.0244939, 51.5084865 ], [ -0.0244789, 51.5084538 ], [ -0.0243206, 51.5084818 ], [ -0.0243644, 51.5085777 ], [ -0.0244011, 51.5085713 ], [ -0.0243985, 51.5085657 ], [ -0.0244291, 51.5085603 ], [ -0.0244459, 51.5085972 ], [ -0.0244821, 51.5085908 ], [ -0.0244924, 51.5086135 ], [ -0.0245205, 51.5086086 ], [ -0.0245331, 51.5086363 ], [ -0.0246758, 51.5086111 ], [ -0.0246796, 51.5086195 ], [ -0.024758, 51.5086057 ], [ -0.0247704, 51.5086327 ], [ -0.0249831, 51.5085952 ], [ -0.0249401, 51.5085009 ], [ -0.0247296, 51.5085381 ], [ -0.0247212, 51.5085197 ], [ -0.0247348, 51.5085173 ], [ -0.0247235, 51.5084925 ], [ -0.0248531, 51.5084696 ], [ -0.024771, 51.5082897 ], [ -0.024645, 51.5083119 ] ] ] } },
{ "type": "Feature", "properties": { "id": "f30dd240-ac49-4c47-ba2f-a192f0029aa4", "building_name": "0", "building_class": "retail", "building_subtype": "commercial", "height": 10.137831687927246, "num_floors": 3, "new_functional_class": "Commercial", "all_poi_names": "Tabla, Jack Petchey Foundation", "dominant_share_pct": 50.0, "final_functional_class": "Other", "dominant_share_pct_formatted": "50.0%", "Retail_Food_Ratio_formatted": "50.0%", "Work": 0.0, "Food_Drink": 1.0, "Retail_Leisure": 0.0, "Education": 0.0, "Medical": 0.0, "Transportation": 0.0, "Other_POI": 1.0, "poi_sum": 2.0, "Retail_Food_Ratio": 50.0, "poi_names_list": "<details><summary>2 POIs (click to expand)</summary><ul><li>Tabla</li><li>Jack Petchey Foundation</li></ul></details>" }, "geometry": { "type": "Polygon", "coordinates": [ [ [ -0.0242274, 51.5083198 ], [ -0.0245259, 51.5082811 ], [ -0.0245098, 51.5082327 ], [ -0.0245259, 51.5082302 ], [ -0.0245018, 51.5081568 ], [ -0.0243502, 51.5081751 ], [ -0.0243422, 51.5081576 ], [ -0.0243181, 51.508151 ], [ -0.0242878, 51.5081468 ], [ -0.0242577, 51.5081484 ], [ -0.02423, 51.508156 ], [ -0.0242034, 51.5081661 ], [ -0.024188, 51.5081785 ], [ -0.024207, 51.5082465 ], [ -0.0242274, 51.5083198 ] ] ] } },
{ "type": "Feature", "properties": { "id": "dbe8f73e-e036-48c5-9059-bb6350356575", "building_name": "London Museum Docklands", "building_class": "warehouse", "building_subtype": "commercial", "height": 0.0, "num_floors": 4, "new_functional_class": "Infrastructure", "all_poi_names": "London Dockyards Muesum, West India Quey - Docklands; Museum of London, Museum of London Docklands, Abtech Garage, Skuna Hot Tub and BBQ Boats, My London Wedding Planner, Sainsbury Archive, The Women's Health Clinic, Port East Warehouse, Antoan Delyanov, The Canary Yacht, London - West India Quay, London Museum Docklands, Docklands Museum, London, Sugar, and Slavery, London Wellness, Kleins Hair and Beauty, Spencer Ivy Electric Bikes, Wetherspoon, Hadrian's Wall", "dominant_share_pct": 50.0, "final_functional_class": "Mixed-use/Complex", "dominant_share_pct_formatted": "50.0%", "Retail_Food_Ratio_formatted": "55.0%", "Work": 0.0, "Food_Drink": 1.0, "Retail_Leisure": 10.0, "Education": 0.0, "Medical": 2.0, "Transportation": 1.0, "Other_POI": 6.0, "poi_sum": 20.0, "Retail_Food_Ratio": 55.000000000000007, "poi_names_list": "<details><summary>20 POIs (click to expand)</summary><ul><li>London Dockyards Muesum</li><li>West India Quey - Docklands; Museum of London</li><li>Museum of London Docklands</li><li>Abtech Garage</li><li>Skuna Hot Tub and BBQ Boats</li><li>My London Wedding Planner</li><li>Sainsbury Archive</li><li>The Women&#x27;s Health Clinic</li><li>Port East Warehouse</li><li>Antoan Delyanov</li><li>The Canary Yacht</li><li>London - West India Quay</li><li>London Museum Docklands</li><li>Docklands Museum</li><li>London, Sugar, and Slavery</li><li>London Wellness</li><li>Kleins Hair and Beauty</li><li>Spencer Ivy Electric Bikes</li><li>Wetherspoon</li><li>Hadrian&#x27;s Wall</li></ul></details>" }, "geometry": { "type": "Polygon", "coordinates": [ [ [ -0.0236622, 51.5077637 ], [ -0.0236663, 51.5077492 ], [ -0.0238436, 51.5077684 ], [ -0.023998, 51.5077852 ], [ -0.0240014, 51.5077721 ], [ -0.0243198, 51.5078067 ], [ -0.0243254, 51.5077864 ], [ -0.0243896, 51.5075537 ], [ -0.0244011, 51.5075122 ], [ -0.0240746, 51.5074768 ], [ -0.024078, 51.5074634 ], [ -0.0237561, 51.5074285 ], [ -0.0237595, 51.5074164 ], [ -0.0236097, 51.5074001 ], [ -0.0234407, 51.5073818 ], [ -0.0234373, 51.5073939 ], [ -0.0233474, 51.5077146 ], [ -0.0233434, 51.5077291 ], [ -0.0234834, 51.5077443 ], [ -0.0236622, 51.5077637 ] ] ] } },
{ "type": "Feature", "properties": { "id": "451c4afe-af5b-48ee-ad7d-e6ebeaff2c91", "building_name": "0", "building_class": "industrial", "building_subtype": "industrial", "height": 0.0, "num_floors": 0, "new_functional_class": "Commercial", "all_poi_names": "Swim Canary Wharf, Minimal FIT, Jack Knight Personal Training, Bale-Tek Ltd., Canary Wharf Brazilian Jiu Jitsu, Peakepro, Premier GB, Seeds for Growth, The Prime Coffee Co, AGS One, Rexel, M & S Restorations Ltd, Comfort Executive, Kmpt Personal Trainers, Swim For Tri Ltd., Express Canary Wharf Plumbers, AGS Recruitment, Studio Lagree UK, Stonebridge Equity Partners, Trademark Building Solutions Ltd, Tower Hamlets Co-operative Development Agency, Vape Inc Online, Re-balance Therapies London, XL Marketing & Office Supplies, Beyond Group Training Winchester, DACC Europe Ltd, i-genie", "dominant_share_pct": 59.259259259259252, "final_functional_class": "Office/HQ", "dominant_share_pct_formatted": "59.3%", "Retail_Food_Ratio_formatted": "11.1%", "Work": 7.0, "Food_Drink": 1.0, "Retail_Leisure": 2.0, "Education": 0.0, "Medical": 0.0, "Transportation": 1.0, "Other_POI": 16.0, "poi_sum": 27.0, "Retail_Food_Ratio": 11.111111111111111, "poi_names_list": "<details><summary>27 POIs (click to expand)</summary><ul><li>Swim Canary Wharf</li><li>Minimal FIT</li><li>Jack Knight Personal Training</li><li>Bale-Tek Ltd.</li><li>Canary Wharf Brazilian Jiu Jitsu</li><li>Peakepro</li><li>Premier GB</li><li>Seeds for Growth</li><li>The Prime Coffee Co</li><li>AGS One</li><li>Rexel</li><li>M &amp; S Restorations Ltd</li><li>Comfort Executive</li><li>Kmpt Personal Trainers</li><li>Swim For Tri Ltd.</li><li>Express Canary Wharf Plumbers</li><li>AGS Recruitment</li><li>Studio Lagree UK</li><li>Stonebridge Equity Partners</li><li>Trademark Building Solutions Ltd</li><li>Tower Hamlets Co-operative Development Agency</li><li>Vape Inc Online</li><li>Re-balance Therapies London</li><li>XL Marketing &amp; Office Supplies</li><li>Beyond Group Training Winchester</li><li>DACC Europe Ltd</li><li>i-genie</li></ul></details>" }, "geometry": { "type": "Polygon", "coordinates": [ [ [ -0.0261592, 51.5077986 ], [ -0.0266863, 51.5078567 ], [ -0.0267794, 51.5075297 ], [ -0.0262522, 51.5074716 ], [ -0.0261592, 51.5077986 ] ] ] } },
{ "type": "Feature", "properties": { "id": "e3720684-eba2-496c-9e69-17656f051b1a", "building_name": "0", "building_class": "industrial", "building_subtype": "industrial", "height": 0.0, "num_floors": 0, "new_functional_class": "Commercial", "all_poi_names": "VCL Property UK Ltd, Train Canary Wharf, Plantforce Interior Landscaping, High Reach Systems London, Ashley King Estate & Letting Agents, Pendulum Massage, Counselling Canary Wharf (E14), Canary Office Solutions, Wharf Therapy - Counselling Psychologist & psychotherapist, Capital Couriers Ltd. - Same Day Courier Service & Delivery Company In London, Loughton Contract Carpets, Docklands Diner, Hubbub Catering, Whiter Smile Studio London, Cleaners West India Docks, Timuna Sea Ltd., Giotech, Commercial Stone Ltd., Rowat & Gray Interiors, Metropolitan Services, Group Metropolitan, The Quiet Space, CBT Canary Wharf, Thames Crossfit, Linkmore Business Communications, Control Circle Ltd., Cannon Workshops", "dominant_share_pct": 48.148148148148145, "final_functional_class": "Office/HQ", "dominant_share_pct_formatted": "48.1%", "Retail_Food_Ratio_formatted": "18.5%", "Work": 3.0, "Food_Drink": 1.0, "Retail_Leisure": 4.0, "Education": 0.0, "Medical": 4.0, "Transportation": 2.0, "Other_POI": 13.0, "poi_sum": 27.0, "Retail_Food_Ratio": 18.518518518518519, "poi_names_list": "<details><summary>27 POIs (click to expand)</summary><ul><li>VCL Property UK Ltd</li><li>Train Canary Wharf</li><li>Plantforce Interior Landscaping</li><li>High Reach Systems London</li><li>Ashley King Estate &amp; Letting Agents</li><li>Pendulum Massage</li><li>Counselling Canary Wharf (E14)</li><li>Canary Office Solutions</li><li>Wharf Therapy - Counselling Psychologist &amp; psychotherapist</li><li>Capital Couriers Ltd. - Same Day Courier Service &amp; Delivery Company In London</li><li>Loughton Contract Carpets</li><li>Docklands Diner</li><li>Hubbub Catering</li><li>Whiter Smile Studio London</li><li>Cleaners West India Docks</li><li>Timuna Sea Ltd.</li><li>Giotech</li><li>Commercial Stone Ltd.</li><li>Rowat &amp; Gray Interiors</li><li>Metropolitan Services</li><li>Group Metropolitan</li><li>The Quiet Space</li><li>CBT Canary Wharf</li><li>Thames Crossfit</li><li>Linkmore Business Communications</li><li>Control Circle Ltd.</li><li>Cannon Workshops</li></ul></details>" }, "geometry": { "type": "Polygon", "coordinates": [ [ [ -0.0271628, 51.5075464 ], [ -0.0271719, 51.5072695 ], [ -0.025863, 51.5071242 ], [ -0.0257417, 51.5075846 ], [ -0.0256754, 51.5078367 ], [ -0.0256232, 51.5080184 ], [ -0.0269836, 51.508179 ], [ -0.0271628, 51.5075464 ] ], [ [ -0.0270163, 51.5073613 ], [ -0.0270485, 51.5073646 ], [ -0.02685, 51.5080574 ], [ -0.025804, 51.5079389 ], [ -0.0259016, 51.5076041 ], [ -0.0259971, 51.5072511 ], [ -0.0260269, 51.5072546 ], [ -0.0260051, 51.5073396 ], [ -0.0269895, 51.5074514 ], [ -0.0270163, 51.5073613 ] ] ] } },
{ "type": "Feature", "properties": { "id": "16f1e467-90a0-45fc-83d8-652f9c616202", "building_name": "Bertie's Newsagents", "building_class": "service", "building_subtype": "service", "height": 0.0, "num_floors": 0, "new_functional_class": "Commercial", "all_poi_names": "Abell Morliss International", "dominant_share_pct": 100.0, "final_functional_class": "Infrastructure", "dominant_share_pct_formatted": "100.0%", "Retail_Food_Ratio_formatted": "0.0%", "Work": 1.0, "Food_Drink": 0.0, "Retail_Leisure": 0.0, "Education": 0.0, "Medical": 0.0, "Transportation": 0.0, "Other_POI": 0.0, "poi_sum": 1.0, "Retail_Food_Ratio": 0.0, "poi_names_list": "<details><summary>1 POIs (click to expand)</summary><ul><li>Abell Morliss International</li></ul></details>" }, "geometry": { "type": "Polygon", "coordinates": [ [ [ -0.0254959, 51.5076577 ], [ -0.0255051, 51.5076463 ], [ -0.0255055, 51.5076377 ], [ -0.0255011, 51.5076295 ], [ -0.025487, 51.5076202 ], [ -0.0254674, 51.5076165 ], [ -0.0254484, 51.507619 ], [ -0.0254341, 51.5076264 ], [ -0.0254298, 51.507631 ], [ -0.0254263, 51.5076393 ], [ -0.025429, 51.5076505 ], [ -0.025441, 51.5076606 ], [ -0.0254549, 51.5076651 ], [ -0.0254638, 51.5076661 ], [ -0.0254775, 51.507665 ], [ -0.0254851, 51.5076631 ], [ -0.0254959, 51.5076577 ] ] ] } },
{ "type": "Feature", "properties": { "id": "fd3832a2-ff5c-40ab-b03b-4b3d74307d49", "building_name": "0", "building_class": "service", "building_subtype": "service", "height": 0.0, "num_floors": 0, "new_functional_class": "Commercial", "all_poi_names": "No POIs recorded", "dominant_share_pct": 0.0, "final_functional_class": "Infrastructure", "dominant_share_pct_formatted": "0.0%", "Retail_Food_Ratio_formatted": "0.0%", "Work": 0.0, "Food_Drink": 0.0, "Retail_Leisure": 0.0, "Education": 0.0, "Medical": 0.0, "Transportation": 0.0, "Other_POI": 0.0, "poi_sum": 0.0, "Retail_Food_Ratio": 0.0, "poi_names_list": "0" }, "geometry": { "type": "Polygon", "coordinates": [ [ [ -0.0293725, 51.5079116 ], [ -0.0294368, 51.5079104 ], [ -0.0294352, 51.507878 ], [ -0.0293708, 51.5078793 ], [ -0.0293725, 51.5079116 ] ] ] } },
{ "type": "Feature", "properties": { "id": "5d0c0a64-ecae-4f09-899c-e70a4224c6bd", "building_name": "Limehouse Link Eastern Service Building", "building_class": "service", "building_subtype": "service", "height": 8.4984674453735352, "num_floors": 0, "new_functional_class": "Commercial", "all_poi_names": "No POIs recorded", "dominant_share_pct": 0.0, "final_functional_class": "Infrastructure", "dominant_share_pct_formatted": "0.0%", "Retail_Food_Ratio_formatted": "0.0%", "Work": 0.0, "Food_Drink": 0.0, "Retail_Leisure": 0.0, "Education": 0.0, "Medical": 0.0, "Transportation": 0.0, "Other_POI": 0.0, "poi_sum": 0.0, "Retail_Food_Ratio": 0.0, "poi_names_list": "0" }, "geometry": { "type": "Polygon", "coordinates": [ [ [ -0.0291018, 51.5078746 ], [ -0.0294319, 51.50787 ], [ -0.029428, 51.5077598 ], [ -0.0293237, 51.5077613 ], [ -0.0293135, 51.5074771 ], [ -0.0293753, 51.5074762 ], [ -0.0293723, 51.5073937 ], [ -0.0291348, 51.507397 ], [ -0.0291372, 51.5074632 ], [ -0.0290871, 51.5074639 ], [ -0.0290905, 51.5075533 ], [ -0.0290979, 51.5077657 ], [ -0.0290989, 51.5077957 ], [ -0.0291018, 51.5078746 ] ] ] } },
{ "type": "Feature", "properties": { "id": "95b9e8d4-99ea-4cec-8463-6648896c1c06", "building_name": "0", "building_class": "apartments", "building_subtype": "residential", "height": 27.399478912353516, "num_floors": 0, "new_functional_class": "Residential", "all_poi_names": "Riverside Car Wash, Mala Indian Kitchen & Bar, Lazy Mala Shisha Lounge, Artit, Belgique Brasserie", "dominant_share_pct": 60.0, "final_functional_class": "Mixed-use/Complex", "dominant_share_pct_formatted": "60.0%", "Retail_Food_Ratio_formatted": "60.0%", "Work": 0.0, "Food_Drink": 3.0, "Retail_Leisure": 0.0, "Education": 0.0, "Medical": 0.0, "Transportation": 1.0, "Other_POI": 1.0, "poi_sum": 5.0, "Retail_Food_Ratio": 60.0, "poi_names_list": "<details><summary>5 POIs (click to expand)</summary><ul><li>Riverside Car Wash</li><li>Mala Indian Kitchen &amp; Bar</li><li>Lazy Mala Shisha Lounge</li><li>Artit</li><li>Belgique Brasserie</li></ul></details>" }, "geometry": { "type": "Polygon", "coordinates": [ [ [ -0.0286466, 51.5071678 ], [ -0.0285621, 51.5071968 ], [ -0.0286823, 51.5073517 ], [ -0.028751, 51.507325 ], [ -0.028811, 51.5073998 ], [ -0.0290857, 51.5072182 ], [ -0.029118, 51.5072077 ], [ -0.0294634, 51.5070953 ], [ -0.0294327, 51.5070608 ], [ -0.0292831, 51.5068923 ], [ -0.0292502, 51.5069025 ], [ -0.0291802, 51.5069243 ], [ -0.0289398, 51.5069991 ], [ -0.0289827, 51.5070525 ], [ -0.0286466, 51.5071678 ] ] ] } },
{ "type": "Feature", "properties": { "id": "f83a9508-88fd-45e2-8e64-324c2f5d9ba3", "building_name": "0", "building_class": "apartments", "building_subtype": "residential", "height": 0.0, "num_floors": 17, "new_functional_class": "Residential", "all_poi_names": "Bridge Street Global Hospitality, Circus Apartments, Tower Quay", "dominant_share_pct": 66.666666666666657, "final_functional_class": "Residential", "dominant_share_pct_formatted": "66.7%", "Retail_Food_Ratio_formatted": "0.0%", "Work": 0.0, "Food_Drink": 0.0, "Retail_Leisure": 0.0, "Education": 0.0, "Medical": 0.0, "Transportation": 1.0, "Other_POI": 2.0, "poi_sum": 3.0, "Retail_Food_Ratio": 0.0, "poi_names_list": "<details><summary>3 POIs (click to expand)</summary><ul><li>Bridge Street Global Hospitality</li><li>Circus Apartments</li><li>Tower Quay</li></ul></details>" }, "geometry": { "type": "Polygon", "coordinates": [ [ [ -0.0286055, 51.507127 ], [ -0.0284327, 51.5069217 ], [ -0.0280526, 51.5070456 ], [ -0.0280837, 51.5070826 ], [ -0.027715, 51.5072028 ], [ -0.0278567, 51.5073711 ], [ -0.0286055, 51.507127 ] ] ] } },
{ "type": "Feature", "properties": { "id": "b3a281ea-af20-4280-8e8f-caa1cb5be6df", "building_name": "0", "building_class": "hotel", "building_subtype": "commercial", "height": 0.0, "num_floors": 1, "new_functional_class": "Commercial", "all_poi_names": "Canary Riverside, Dove Spa, Virgin Active", "dominant_share_pct": 66.666666666666657, "final_functional_class": "Other", "dominant_share_pct_formatted": "66.7%", "Retail_Food_Ratio_formatted": "0.0%", "Work": 0.0, "Food_Drink": 0.0, "Retail_Leisure": 0.0, "Education": 0.0, "Medical": 0.0, "Transportation": 1.0, "Other_POI": 2.0, "poi_sum": 3.0, "Retail_Food_Ratio": 0.0, "poi_names_list": "<details><summary>3 POIs (click to expand)</summary><ul><li>Canary Riverside</li><li>Dove Spa</li><li>Virgin Active</li></ul></details>" }, "geometry": { "type": "Polygon", "coordinates": [ [ [ -0.0289398, 51.5069991 ], [ -0.0291802, 51.5069243 ], [ -0.0290739, 51.5067865 ], [ -0.0290188, 51.5067228 ], [ -0.0285018, 51.506878 ], [ -0.0284054, 51.5067526 ], [ -0.0289438, 51.5066154 ], [ -0.0289229, 51.5065877 ], [ -0.0288989, 51.506556 ], [ -0.0286104, 51.5066361 ], [ -0.0283843, 51.5063276 ], [ -0.0286728, 51.5062476 ], [ -0.0286244, 51.5061877 ], [ -0.0284098, 51.5062578 ], [ -0.0283562, 51.5061911 ], [ -0.0281706, 51.5062419 ], [ -0.0279539, 51.5063012 ], [ -0.0280455, 51.506405 ], [ -0.0284107, 51.5068606 ], [ -0.02839, 51.506867 ], [ -0.0284327, 51.5069217 ], [ -0.0286055, 51.507127 ], [ -0.0286466, 51.5071678 ], [ -0.0289827, 51.5070525 ], [ -0.0289398, 51.5069991 ] ] ] } },
{ "type": "Feature", "properties": { "id": "6e45134d-70c3-4626-a710-0e63d1d3b738", "building_name": "0", "building_class": "apartments", "building_subtype": "residential", "height": 26.121303558349609, "num_floors": 7, "new_functional_class": "Residential", "all_poi_names": "NURI Korean BBQ- Canary Wharf, Zizzi, Mediseek, Cafe Brera, UWTSD London", "dominant_share_pct": 60.0, "final_functional_class": "Mixed-use/Complex", "dominant_share_pct_formatted": "60.0%", "Retail_Food_Ratio_formatted": "60.0%", "Work": 0.0, "Food_Drink": 3.0, "Retail_Leisure": 0.0, "Education": 1.0, "Medical": 1.0, "Transportation": 0.0, "Other_POI": 0.0, "poi_sum": 5.0, "Retail_Food_Ratio": 60.0, "poi_names_list": "<details><summary>5 POIs (click to expand)</summary><ul><li>NURI Korean BBQ- Canary Wharf</li><li>Zizzi</li><li>Mediseek</li><li>Cafe Brera</li><li>UWTSD London</li></ul></details>" }, "geometry": { "type": "Polygon", "coordinates": [ [ [ -0.0277711, 51.5061203 ], [ -0.0279539, 51.5063012 ], [ -0.0283562, 51.5061911 ], [ -0.0284098, 51.5062578 ], [ -0.0286244, 51.5061877 ], [ -0.0284957, 51.5060508 ], [ -0.0282283, 51.506027 ], [ -0.0278966, 51.5059939 ], [ -0.0278766, 51.5059904 ], [ -0.0278315, 51.506055 ], [ -0.0277711, 51.5061203 ] ] ] } },
{ "type": "Feature", "properties": { "id": "bdb88391-16c9-4d39-8fe2-2202c3618caf", "building_name": "0", "building_class": "apartments", "building_subtype": "residential", "height": 0.0, "num_floors": 21, "new_functional_class": "Residential", "all_poi_names": "Quadrato, Procoat UK, A Fresh Start Ltd., Ceilcote, Pret A Manger, Canary Riverside Plaza Hotel", "dominant_share_pct": 66.666666666666657, "final_functional_class": "Residential", "dominant_share_pct_formatted": "66.7%", "Retail_Food_Ratio_formatted": "33.3%", "Work": 0.0, "Food_Drink": 2.0, "Retail_Leisure": 0.0, "Education": 0.0, "Medical": 0.0, "Transportation": 0.0, "Other_POI": 4.0, "poi_sum": 6.0, "Retail_Food_Ratio": 33.333333333333329, "poi_names_list": "<details><summary>6 POIs (click to expand)</summary><ul><li>Quadrato</li><li>Procoat UK</li><li>A Fresh Start Ltd.</li><li>Ceilcote</li><li>Pret A Manger</li><li>Canary Riverside Plaza Hotel</li></ul></details>" }, "geometry": { "type": "Polygon", "coordinates": [ [ [ -0.0275675, 51.5064254 ], [ -0.0277634, 51.5064236 ], [ -0.027809, 51.5064784 ], [ -0.0280455, 51.506405 ], [ -0.0279539, 51.5063012 ], [ -0.0277711, 51.5061203 ], [ -0.0277143, 51.5061692 ], [ -0.0276454, 51.506218 ], [ -0.0275754, 51.506259 ], [ -0.0275197, 51.506286 ], [ -0.0274934, 51.5062987 ], [ -0.0275675, 51.5064254 ] ] ] } },
{ "type": "Feature", "properties": { "id": "4b3e0de5-1053-4a20-bc30-1410fafcfbbe", "building_name": "Entrance To Westferry Circus Car Park", "building_class": "service", "building_subtype": "service", "height": 0.0, "num_floors": 0, "new_functional_class": "Commercial", "all_poi_names": "Canary Car Park & Wash", "dominant_share_pct": 100.0, "final_functional_class": "Transit Hub", "dominant_share_pct_formatted": "100.0%", "Retail_Food_Ratio_formatted": "0.0%", "Work": 0.0, "Food_Drink": 0.0, "Retail_Leisure": 0.0, "Education": 0.0, "Medical": 0.0, "Transportation": 1.0, "Other_POI": 0.0, "poi_sum": 1.0, "Retail_Food_Ratio": 0.0, "poi_names_list": "<details><summary>1 POIs (click to expand)</summary><ul><li>Canary Car Park &amp; Wash</li></ul></details>" }, "geometry": { "type": "Polygon", "coordinates": [ [ [ -0.0272805, 51.5060517 ], [ -0.0273263, 51.5060815 ], [ -0.0273777, 51.5060479 ], [ -0.0274243, 51.5060138 ], [ -0.0273705, 51.50599 ], [ -0.0273334, 51.5060187 ], [ -0.0272805, 51.5060517 ] ] ] } },
{ "type": "Feature", "properties": { "id": "6019910a-84f8-40b5-b9b0-cf50cabf225c", "building_name": "7 Westferry Circus", "building_class": "office", "building_subtype": "commercial", "height": 0.0, "num_floors": 0, "new_functional_class": "Office", "all_poi_names": "Cabot Square Car Park, TSM Group, Campbell Residential, ATC Joint Venture (London Westferry), Pret a Manger, Freedom Clinics, Wellbeing Centres, European Medicines Evaluation Agency, Tortilla Canary Wharf, Bupa Dental Care, Starbucks, Revolut, Obsgynlondon, The Modern Samurai, SmartestEnergy Ltd, Nipnip - Bike Repairs And Servicing, Cleaners Canary Wharf Ltd., Chevron, Iaseminars, Handyman Canary Wharf, IFRS Foundation, International Accounting Standards Board, London Travel Clinic - Canary Wharf, Designpass Ltd., London Doctors Clinic, De Vere Canary Wharf, Refundnova, Liberty Tribe, Beyond Beauty Cosmetic, Assenheims 56", "dominant_share_pct": 23.333333333333332, "final_functional_class": "Office/HQ", "dominant_share_pct_formatted": "23.3%", "Retail_Food_Ratio_formatted": "23.3%", "Work": 7.0, "Food_Drink": 5.0, "Retail_Leisure": 2.0, "Education": 1.0, "Medical": 6.0, "Transportation": 2.0, "Other_POI": 7.0, "poi_sum": 30.0, "Retail_Food_Ratio": 23.333333333333332, "poi_names_list": "<details><summary>30 POIs (click to expand)</summary><ul><li>Cabot Square Car Park</li><li>TSM Group</li><li>Campbell Residential</li><li>ATC Joint Venture (London Westferry)</li><li>Pret a Manger</li><li>Freedom Clinics</li><li>Wellbeing Centres</li><li>European Medicines Evaluation Agency</li><li>Tortilla Canary Wharf</li><li>Bupa Dental Care</li><li>Starbucks</li><li>Revolut</li><li>Obsgynlondon</li><li>The Modern Samurai</li><li>SmartestEnergy Ltd</li><li>Nipnip - Bike Repairs And Servicing</li><li>Cleaners Canary Wharf Ltd.</li><li>Chevron</li><li>Iaseminars</li><li>Handyman Canary Wharf</li><li>IFRS Foundation</li><li>International Accounting Standards Board</li><li>London Travel Clinic - Canary Wharf</li><li>Designpass Ltd.</li><li>London Doctors Clinic</li><li>De Vere Canary Wharf</li><li>Refundnova</li><li>Liberty Tribe</li><li>Beyond Beauty Cosmetic</li><li>Assenheims 56</li></ul></details>" }, "geometry": { "type": "Polygon", "coordinates": [ [ [ -0.0257566, 51.5067932 ], [ -0.0261394, 51.5068255 ], [ -0.0262427, 51.5064381 ], [ -0.0263933, 51.5063226 ], [ -0.0261948, 51.5062158 ], [ -0.0260955, 51.506134 ], [ -0.0259534, 51.5060188 ], [ -0.0259222, 51.5060046 ], [ -0.0256507, 51.5060538 ], [ -0.025776, 51.5061886 ], [ -0.0258515, 51.5062509 ], [ -0.0259131, 51.5063043 ], [ -0.0259024, 51.5063777 ], [ -0.0258595, 51.506538 ], [ -0.0256342, 51.5065146 ], [ -0.0255618, 51.5067767 ], [ -0.0257566, 51.5067932 ] ] ] } },
{ "type": "Feature", "properties": { "id": "37538d42-ee60-462c-8b88-b4846b6c5f2c", "building_name": "One Westferry Circus", "building_class": "office", "building_subtype": "commercial", "height": 0.0, "num_floors": 0, "new_functional_class": "Office", "all_poi_names": "XRP., Viylora, Astroforex, Purestream4k, Crypto Hardware, Ahmad Z Andishmand , Parkbee, ParkBee Westferry Circus, A Groen Group of Companies, London Acupuncture Space, Ayama Coaching, Invenhomes, A D Interiors, EME a, LycaHealth, Mr Deepu Sethi | Consultant Orthopaedic Knee Surgeon | London, Department of Coffee and Social Affairs, Bright Horizons Westferry Circus Day Nursery And Pre school, De Vere Venues", "dominant_share_pct": 21.052631578947366, "final_functional_class": "Office/HQ", "dominant_share_pct_formatted": "21.1%", "Retail_Food_Ratio_formatted": "21.1%", "Work": 4.0, "Food_Drink": 1.0, "Retail_Leisure": 3.0, "Education": 1.0, "Medical": 4.0, "Transportation": 2.0, "Other_POI": 4.0, "poi_sum": 19.0, "Retail_Food_Ratio": 21.052631578947366, "poi_names_list": "<details><summary>19 POIs (click to expand)</summary><ul><li>XRP.</li><li>Viylora</li><li>Astroforex</li><li>Purestream4k</li><li>Crypto Hardware</li><li>Ahmad Z Andishmand </li><li>Parkbee</li><li>ParkBee Westferry Circus</li><li>A Groen Group of Companies</li><li>London Acupuncture Space</li><li>Ayama Coaching</li><li>Invenhomes</li><li>A D Interiors</li><li>EME a</li><li>LycaHealth</li><li>Mr Deepu Sethi | Consultant Orthopaedic Knee Surgeon | London</li><li>Department of Coffee and Social Affairs</li><li>Bright Horizons Westferry Circus Day Nursery And Pre school</li><li>De Vere Venues</li></ul></details>" }, "geometry": { "type": "Polygon", "coordinates": [ [ [ -0.026928, 51.5069139 ], [ -0.0269489, 51.506923 ], [ -0.0269715, 51.5069261 ], [ -0.0270173, 51.5069184 ], [ -0.0270364, 51.5069051 ], [ -0.0270442, 51.5068876 ], [ -0.0270379, 51.5068714 ], [ -0.0270536, 51.5068252 ], [ -0.0270554, 51.5067789 ], [ -0.0270429, 51.506752 ], [ -0.0270257, 51.5067388 ], [ -0.0269916, 51.5067348 ], [ -0.0270265, 51.506564 ], [ -0.0268629, 51.5065447 ], [ -0.0268648, 51.5064184 ], [ -0.0267033, 51.5064086 ], [ -0.0265865, 51.5063917 ], [ -0.0264759, 51.5063673 ], [ -0.0263933, 51.5063226 ], [ -0.0262427, 51.5064381 ], [ -0.0261394, 51.5068255 ], [ -0.026928, 51.5069139 ] ] ] } },
{ "type": "Feature", "properties": { "id": "999ceaf7-e4c6-4c09-bee4-803886ceaaec", "building_name": "Credit Suisse", "building_class": "commercial", "building_subtype": "commercial", "height": 0.0, "num_floors": 8, "new_functional_class": "Commercial", "all_poi_names": "Barbican Dental Care - Canary Wharf, Westferry, Seven Continent Investment, Bright Horizons Columbus Courtyard Day Nursery And Preschool, Trading Online Accounts, Credit Suisse", "dominant_share_pct": 40.0, "final_functional_class": "Office/HQ", "dominant_share_pct_formatted": "40.0%", "Retail_Food_Ratio_formatted": "0.0%", "Work": 2.0, "Food_Drink": 0.0, "Retail_Leisure": 0.0, "Education": 1.0, "Medical": 1.0, "Transportation": 0.0, "Other_POI": 1.0, "poi_sum": 5.0, "Retail_Food_Ratio": 0.0, "poi_names_list": "<details><summary>5 POIs (click to expand)</summary><ul><li>Barbican Dental Care - Canary Wharf, Westferry</li><li>Seven Continent Investment</li><li>Bright Horizons Columbus Courtyard Day Nursery And Preschool</li><li>Trading Online Accounts</li><li>Credit Suisse</li></ul></details>" }, "geometry": { "type": "Polygon", "coordinates": [ [ [ -0.0247877, 51.5062457 ], [ -0.0244461, 51.5062089 ], [ -0.0244198, 51.506286 ], [ -0.0243953, 51.5063578 ], [ -0.0243339, 51.5065819 ], [ -0.0243226, 51.5066231 ], [ -0.0243567, 51.5066268 ], [ -0.0243719, 51.5066285 ], [ -0.0248982, 51.5066856 ], [ -0.0250262, 51.5066995 ], [ -0.0251627, 51.5067131 ], [ -0.0252644, 51.5067232 ], [ -0.0253246, 51.5064892 ], [ -0.0253321, 51.506453 ], [ -0.0247518, 51.5063949 ], [ -0.0247689, 51.5063234 ], [ -0.0247877, 51.5062457 ] ] ] } },
{ "type": "Feature", "properties": { "id": "86fb6d66-5264-44aa-8b71-5d768276b25e", "building_name": "Spes Secunda", "building_class": "houseboat", "building_subtype": "residential", "height": 6.0, "num_floors": 0, "new_functional_class": "Residential", "all_poi_names": "No POIs recorded", "dominant_share_pct": 0.0, "final_functional_class": "Other", "dominant_share_pct_formatted": "0.0%", "Retail_Food_Ratio_formatted": "0.0%", "Work": 0.0, "Food_Drink": 0.0, "Retail_Leisure": 0.0, "Education": 0.0, "Medical": 0.0, "Transportation": 0.0, "Other_POI": 0.0, "poi_sum": 0.0, "Retail_Food_Ratio": 0.0, "poi_names_list": "0" }, "geometry": { "type": "Polygon", "coordinates": [ [ [ -0.0235258, 51.5070647 ], [ -0.0235379, 51.5070643 ], [ -0.02356, 51.5070601 ], [ -0.0235767, 51.5070401 ], [ -0.0235841, 51.5070276 ], [ -0.0236559, 51.5067329 ], [ -0.0236539, 51.5067133 ], [ -0.0236458, 51.5067054 ], [ -0.0236331, 51.5066987 ], [ -0.0236156, 51.506697 ], [ -0.0235949, 51.5067045 ], [ -0.0235774, 51.5067191 ], [ -0.0234956, 51.5070167 ], [ -0.0234949, 51.5070388 ], [ -0.023501, 51.5070518 ], [ -0.023513, 51.5070593 ], [ -0.0235258, 51.5070647 ] ] ] } },
{ "type": "Feature", "properties": { "id": "8a32ebec-6499-4155-a8fa-c174c1995a94", "building_name": "MV Dana", "building_class": "houseboat", "building_subtype": "residential", "height": 6.0, "num_floors": 0, "new_functional_class": "Residential", "all_poi_names": "La Tasca", "dominant_share_pct": 100.0, "final_functional_class": "Small Retail/Dining", "dominant_share_pct_formatted": "100.0%", "Retail_Food_Ratio_formatted": "100.0%", "Work": 0.0, "Food_Drink": 1.0, "Retail_Leisure": 0.0, "Education": 0.0, "Medical": 0.0, "Transportation": 0.0, "Other_POI": 0.0, "poi_sum": 1.0, "Retail_Food_Ratio": 100.0, "poi_names_list": "<details><summary>1 POIs (click to expand)</summary><ul><li>La Tasca</li></ul></details>" }, "geometry": { "type": "Polygon", "coordinates": [ [ [ -0.0234105, 51.5070493 ], [ -0.0234245, 51.507048 ], [ -0.0234353, 51.5070468 ], [ -0.023442, 51.5070418 ], [ -0.0234473, 51.5070322 ], [ -0.0235271, 51.5067375 ], [ -0.0235305, 51.5067233 ], [ -0.0235271, 51.506715 ], [ -0.0235184, 51.5067058 ], [ -0.0235104, 51.5066991 ], [ -0.0234929, 51.506697 ], [ -0.0234815, 51.5066983 ], [ -0.0234748, 51.506702 ], [ -0.0234641, 51.5067075 ], [ -0.0234547, 51.506715 ], [ -0.0233736, 51.5070213 ], [ -0.0233769, 51.5070317 ], [ -0.0233816, 51.5070393 ], [ -0.023395, 51.5070459 ], [ -0.0234105, 51.5070493 ] ] ] } },
{ "type": "Feature", "properties": { "id": "8d7dd071-a045-4380-b336-b3e06b4d715d", "building_name": "Credit Suisse", "building_class": "office", "building_subtype": "commercial", "height": 0.0, "num_floors": 19, "new_functional_class": "Office", "all_poi_names": "Sailmakers - Ostro Tower, Chopstix, Rockar Land Rover, Canary Wharf, Ryman Stationery, Ignite Technologies International Ltd., MMC Global, Mina Tours, Get A Drip - Canary Wharf - Longevity Clinic, Rainmaker Marketing, MD Diamonds And Jewellers, EE, Adam Grooming Atelier, Canary Wharf - Cabot Place, TaxAssist Accountants, Removal Companies Canary Wharf Ltd., General Pharmaceutical Council, Wharfside Car Valeting, Canary Wharf Healthclub, ReFundx Solutions, Corney & Barrow, Lloyds Bank, Fortnum & Mason, Clays Bar, Absolute Pleasure Yacht, Fisherman's Walk West, TfL Santander Cycle Hire", "dominant_share_pct": 44.0, "final_functional_class": "Office/HQ", "dominant_share_pct_formatted": "44.0%", "Retail_Food_Ratio_formatted": "28.0%", "Work": 5.0, "Food_Drink": 4.0, "Retail_Leisure": 3.0, "Education": 0.0, "Medical": 0.0, "Transportation": 2.0, "Other_POI": 11.0, "poi_sum": 25.0, "Retail_Food_Ratio": 28.000000000000004, "poi_names_list": "<details><summary>25 POIs (click to expand)</summary><ul><li>Sailmakers - Ostro Tower</li><li>Chopstix</li><li>Rockar Land Rover, Canary Wharf</li><li>Ryman Stationery</li><li>Ignite Technologies International Ltd.</li><li>MMC Global</li><li>Mina Tours</li><li>Get A Drip - Canary Wharf - Longevity Clinic</li><li>Rainmaker Marketing</li><li>MD Diamonds And Jewellers</li><li>EE</li><li>Adam Grooming Atelier, Canary Wharf - Cabot Place</li><li>TaxAssist Accountants</li><li>Removal Companies Canary Wharf Ltd.</li><li>General Pharmaceutical Council</li><li>Wharfside Car Valeting</li><li>Canary Wharf Healthclub</li><li>ReFundx Solutions</li><li>Corney &amp; Barrow</li><li>Lloyds Bank</li><li>Fortnum &amp; Mason</li><li>Clays Bar</li><li>Absolute Pleasure Yacht</li><li>Fisherman&#x27;s Walk West</li><li>TfL Santander Cycle Hire</li></ul></details>" }, "geometry": { "type": "Polygon", "coordinates": [ [ [ -0.0241274, 51.5061743 ], [ -0.0242816, 51.5056236 ], [ -0.0240751, 51.5056012 ], [ -0.0237887, 51.5055701 ], [ -0.0235815, 51.5055476 ], [ -0.0235231, 51.5057562 ], [ -0.0230286, 51.5057057 ], [ -0.023023, 51.5057258 ], [ -0.0229545, 51.5059716 ], [ -0.0229518, 51.5059811 ], [ -0.0230292, 51.5061456 ], [ -0.023263, 51.5062585 ], [ -0.0234394, 51.5062761 ], [ -0.0236335, 51.506297 ], [ -0.0238808, 51.5062233 ], [ -0.0239761, 51.5061589 ], [ -0.0241274, 51.5061743 ] ] ] } },
{ "type": "Feature", "properties": { "id": "3a202b7c-1361-4edd-8889-67b0f5266360", "building_name": "Credit Suisse", "building_class": "office", "building_subtype": "commercial", "height": 0.0, "num_floors": 10, "new_functional_class": "Office", "all_poi_names": "Crockett & Jones, Jo Malone London", "dominant_share_pct": 100.0, "final_functional_class": "Office/HQ", "dominant_share_pct_formatted": "100.0%", "Retail_Food_Ratio_formatted": "100.0%", "Work": 0.0, "Food_Drink": 0.0, "Retail_Leisure": 2.0, "Education": 0.0, "Medical": 0.0, "Transportation": 0.0, "Other_POI": 0.0, "poi_sum": 2.0, "Retail_Food_Ratio": 100.0, "poi_names_list": "<details><summary>2 POIs (click to expand)</summary><ul><li>Crockett &amp; Jones</li><li>Jo Malone London</li></ul></details>" }, "geometry": { "type": "Polygon", "coordinates": [ [ [ -0.0248564, 51.5059902 ], [ -0.0249336, 51.5056943 ], [ -0.0243425, 51.5056302 ], [ -0.0242816, 51.5056236 ], [ -0.0241274, 51.5061743 ], [ -0.024198, 51.5061818 ], [ -0.0244461, 51.5062089 ], [ -0.0247877, 51.5062457 ], [ -0.0248564, 51.5059902 ] ] ] } },
{ "type": "Feature", "properties": { "id": "26bcb1ba-c69d-4699-9515-e7bf20012506", "building_name": "Westferry House", "building_class": "commercial", "building_subtype": "commercial", "height": 0.0, "num_floors": 9, "new_functional_class": "Commercial", "all_poi_names": "UK, London, Canary Wharf, 11 Westferry Circus, Adecco, WSP, Tom's Kitchen, East London Family Court, JLL Canary Wharf Residential", "dominant_share_pct": 42.857142857142854, "final_functional_class": "Mixed-use/Complex", "dominant_share_pct_formatted": "42.9%", "Retail_Food_Ratio_formatted": "28.6%", "Work": 2.0, "Food_Drink": 1.0, "Retail_Leisure": 1.0, "Education": 0.0, "Medical": 0.0, "Transportation": 0.0, "Other_POI": 3.0, "poi_sum": 7.0, "Retail_Food_Ratio": 28.571428571428569, "poi_names_list": "<details><summary>7 POIs (click to expand)</summary><ul><li>UK, London, Canary Wharf</li><li>11 Westferry Circus</li><li>Adecco</li><li>WSP</li><li>Tom&#x27;s Kitchen</li><li>East London Family Court</li><li>JLL Canary Wharf Residential</li></ul></details>" }, "geometry": { "type": "Polygon", "coordinates": [ [ [ -0.0250587, 51.505726 ], [ -0.0249853, 51.5060041 ], [ -0.0254436, 51.506053 ], [ -0.0254516, 51.506033 ], [ -0.0256507, 51.5060538 ], [ -0.0259222, 51.5060046 ], [ -0.0258502, 51.5058988 ], [ -0.0258278, 51.5057948 ], [ -0.0257399, 51.5058093 ], [ -0.0257386, 51.5057959 ], [ -0.0250587, 51.505726 ] ] ] } },
{ "type": "Feature", "properties": { "id": "7503e906-6091-4d23-b9b6-8e2d7d10f126", "building_name": "0", "building_class": "service", "building_subtype": "service", "height": 0.0, "num_floors": 0, "new_functional_class": "Commercial", "all_poi_names": "No POIs recorded", "dominant_share_pct": 0.0, "final_functional_class": "Infrastructure", "dominant_share_pct_formatted": "0.0%", "Retail_Food_Ratio_formatted": "0.0%", "Work": 0.0, "Food_Drink": 0.0, "Retail_Leisure": 0.0, "Education": 0.0, "Medical": 0.0, "Transportation": 0.0, "Other_POI": 0.0, "poi_sum": 0.0, "Retail_Food_Ratio": 0.0, "poi_names_list": "0" }, "geometry": { "type": "Polygon", "coordinates": [ [ [ -0.0255245, 51.5056308 ], [ -0.0255356, 51.5055885 ], [ -0.0252942, 51.505564 ], [ -0.0252832, 51.5056063 ], [ -0.0255245, 51.5056308 ] ] ] } },
{ "type": "Feature", "properties": { "id": "4cf43bea-e9fe-4e14-8c21-6c480f382d5c", "building_name": "0", "building_class": "commercial", "building_subtype": "commercial", "height": 0.0, "num_floors": 10, "new_functional_class": "Commercial", "all_poi_names": "Thomas Exchange Global, 15 Westferry Circus, PKF Littlejohn, Morgan Stanley", "dominant_share_pct": 75.0, "final_functional_class": "Other", "dominant_share_pct_formatted": "75.0%", "Retail_Food_Ratio_formatted": "0.0%", "Work": 3.0, "Food_Drink": 0.0, "Retail_Leisure": 0.0, "Education": 0.0, "Medical": 0.0, "Transportation": 0.0, "Other_POI": 1.0, "poi_sum": 4.0, "Retail_Food_Ratio": 0.0, "poi_names_list": "<details><summary>4 POIs (click to expand)</summary><ul><li>Thomas Exchange Global</li><li>15 Westferry Circus</li><li>PKF Littlejohn</li><li>Morgan Stanley</li></ul></details>" }, "geometry": { "type": "Polygon", "coordinates": [ [ [ -0.0259605, 51.5053147 ], [ -0.0258826, 51.505208 ], [ -0.0257903, 51.5051058 ], [ -0.0256783, 51.5049939 ], [ -0.0255561, 51.504881 ], [ -0.0254455, 51.5047789 ], [ -0.0253356, 51.5047569 ], [ -0.0252627, 51.5047706 ], [ -0.0251921, 51.5048073 ], [ -0.0251982, 51.50485 ], [ -0.0252167, 51.5049527 ], [ -0.0252352, 51.505052 ], [ -0.0253918, 51.5050664 ], [ -0.0253612, 51.5052215 ], [ -0.0252607, 51.5052109 ], [ -0.0252984, 51.5054342 ], [ -0.0258291, 51.5054926 ], [ -0.0259551, 51.50537 ], [ -0.0259632, 51.5053556 ], [ -0.0259661, 51.5053362 ], [ -0.0259605, 51.5053147 ] ] ] } },
{ "type": "Feature", "properties": { "id": "d7084593-dbd3-46ec-8466-81fb8d5e734a", "building_name": "0", "building_class": "service", "building_subtype": "service", "height": 0.0, "num_floors": 0, "new_functional_class": "Commercial", "all_poi_names": "Wharf Side Car Valet Service", "dominant_share_pct": 100.0, "final_functional_class": "Transit Hub", "dominant_share_pct_formatted": "100.0%", "Retail_Food_Ratio_formatted": "0.0%", "Work": 0.0, "Food_Drink": 0.0, "Retail_Leisure": 0.0, "Education": 0.0, "Medical": 0.0, "Transportation": 1.0, "Other_POI": 0.0, "poi_sum": 1.0, "Retail_Food_Ratio": 0.0, "poi_names_list": "<details><summary>1 POIs (click to expand)</summary><ul><li>Wharf Side Car Valet Service</li></ul></details>" }, "geometry": { "type": "Polygon", "coordinates": [ [ [ -0.0241203, 51.5054763 ], [ -0.0241314, 51.505434 ], [ -0.0238901, 51.5054095 ], [ -0.023879, 51.5054518 ], [ -0.0241203, 51.5054763 ] ] ] } },
{ "type": "Feature", "properties": { "id": "db76e64e-dd49-478b-bfca-d51e4f7a7c41", "building_name": "0", "building_class": "service", "building_subtype": "service", "height": 0.0, "num_floors": 0, "new_functional_class": "Commercial", "all_poi_names": "Harpenden painters and decorators - Herts Decorators", "dominant_share_pct": 100.0, "final_functional_class": "Infrastructure", "dominant_share_pct_formatted": "100.0%", "Retail_Food_Ratio_formatted": "0.0%", "Work": 0.0, "Food_Drink": 0.0, "Retail_Leisure": 0.0, "Education": 0.0, "Medical": 0.0, "Transportation": 0.0, "Other_POI": 1.0, "poi_sum": 1.0, "Retail_Food_Ratio": 0.0, "poi_names_list": "<details><summary>1 POIs (click to expand)</summary><ul><li>Harpenden painters and decorators - Herts Decorators</li></ul></details>" }, "geometry": { "type": "Polygon", "coordinates": [ [ [ -0.0233208, 51.5054653 ], [ -0.0233415, 51.5053917 ], [ -0.0233089, 51.5053881 ], [ -0.0232882, 51.5054618 ], [ -0.0233208, 51.5054653 ] ] ] } },
{ "type": "Feature", "properties": { "id": "cfe1368d-17c9-4e24-b2c4-25ac84f5f12a", "building_name": "0", "building_class": "service", "building_subtype": "service", "height": 0.0, "num_floors": 0, "new_functional_class": "Commercial", "all_poi_names": "PYON AI, Amazon Locker - cireno", "dominant_share_pct": 100.0, "final_functional_class": "Infrastructure", "dominant_share_pct_formatted": "100.0%", "Retail_Food_Ratio_formatted": "0.0%", "Work": 0.0, "Food_Drink": 0.0, "Retail_Leisure": 0.0, "Education": 0.0, "Medical": 0.0, "Transportation": 0.0, "Other_POI": 2.0, "poi_sum": 2.0, "Retail_Food_Ratio": 0.0, "poi_names_list": "<details><summary>2 POIs (click to expand)</summary><ul><li>PYON AI</li><li>Amazon Locker - cireno</li></ul></details>" }, "geometry": { "type": "Polygon", "coordinates": [ [ [ -0.0233621, 51.5053182 ], [ -0.0233831, 51.5052431 ], [ -0.0233505, 51.5052395 ], [ -0.0233295, 51.5053146 ], [ -0.0233621, 51.5053182 ] ] ] } },
{ "type": "Feature", "properties": { "id": "f4658f14-725d-4769-a8fe-a01af160be18", "building_name": "Morgan Stanley", "building_class": "office", "building_subtype": "commercial", "height": 26.065980911254883, "num_floors": 0, "new_functional_class": "Office", "all_poi_names": "Penhaligon's, Amerigo Vespucci, FTRM , SafeCrowds Barriers, Sumerfies Travel, SMP London, Visa24 London, Global Link Consultants, Egyetemi Kepzesek Londonban, Chars Roundworld Travel , Connect Intergrated Company UK Limited, LeviteVisas, x one vision - Contactless Business Card, Moss Bros., Office Of Rail And Road, MD Diamonds and Jewellers, Dune London, Pure Sports Medicine Canary Wharf, Super Man and Van, Morgan Stanley Financial Advisors, Snap Watches Jewellers, Immersive Brands, Skylite Visa, Vagabond Wines, Ultra-Figure, Nexucon Consultancy Services Private Limited, Charron Properties, Spaces - London, Spaces Canary Wharf, Nara Solicitors, SPACES., 25 Cabot Square, ZentraTech, Rood Lane Medical, Penerley Lawyers, Yummzy, Ibérica Canary Wharf, Trading Online Accounts, Amazing Gadgets Outlet Ltd., Gallio, Itsu, Hotlinks Internet Services, MoneyTO Money Transfer, Zero Interest Cars, Finchley Business Services, ALB Jewellers, D1 Risk, South London Removals, Midlands Timepieces, ABC Education Consultancy Ltd, Saint Jewellers, Make My Visa, Dreban Digital, 350 PPM Ltd, BEIM Services, Apprenticeship Connect, The Zeit Club Ltd, MTM Ldn Timepieces, Al Hamd Tours UK, Luxury Times, Ignite Technologies International, Squadlead Management Consultants, United Medical Hospital System, Mina Tours, Corefy London, Luxe Mattress Ltd, Wardian, Skills Max Academy, EveryDay Voip, TravelPremier, Innovative Accounts, Competition and Markets Authority, The Corporate CA Service Limited, Rainmaker Marketing, D6ix Records, Easy Peasy Education", "dominant_share_pct": 32.0, "final_functional_class": "Office/HQ", "dominant_share_pct_formatted": "32.0%", "Retail_Food_Ratio_formatted": "18.7%", "Work": 24.0, "Food_Drink": 4.0, "Retail_Leisure": 10.0, "Education": 5.0, "Medical": 2.0, "Transportation": 7.0, "Other_POI": 23.0, "poi_sum": 75.0, "Retail_Food_Ratio": 18.666666666666668, "poi_names_list": "<details><summary>75 POIs (click to expand)</summary><ul><li>Penhaligon&#x27;s</li><li>Amerigo Vespucci</li><li>FTRM </li><li>SafeCrowds Barriers</li><li>Sumerfies Travel</li><li>SMP London</li><li>Visa24 London</li><li>Global Link Consultants</li><li>Egyetemi Kepzesek Londonban</li><li>Chars Roundworld Travel </li><li>Connect Intergrated Company UK Limited</li><li>LeviteVisas</li><li>x one vision - Contactless Business Card</li><li>Moss Bros.</li><li>Office Of Rail And Road</li><li>MD Diamonds and Jewellers</li><li>Dune London</li><li>Pure Sports Medicine Canary Wharf</li><li>Super Man and Van</li><li>Morgan Stanley Financial Advisors</li><li>Snap Watches Jewellers</li><li>Immersive Brands</li><li>Skylite Visa</li><li>Vagabond Wines</li><li>Ultra-Figure</li><li>Nexucon Consultancy Services Private Limited</li><li>Charron Properties</li><li>Spaces - London, Spaces Canary Wharf</li><li>Nara Solicitors</li><li>SPACES.</li><li>25 Cabot Square</li><li>ZentraTech</li><li>Rood Lane Medical</li><li>Penerley Lawyers</li><li>Yummzy</li><li>Ibérica Canary Wharf</li><li>Trading Online Accounts</li><li>Amazing Gadgets Outlet Ltd.</li><li>Gallio</li><li>Itsu</li><li>Hotlinks Internet Services</li><li>MoneyTO Money Transfer</li><li>Zero Interest Cars</li><li>Finchley Business Services</li><li>ALB Jewellers</li><li>D1 Risk</li><li>South London Removals</li><li>Midlands Timepieces</li><li>ABC Education Consultancy Ltd</li><li>Saint Jewellers</li><li>Make My Visa</li><li>Dreban Digital</li><li>350 PPM Ltd</li><li>BEIM Services</li><li>Apprenticeship Connect</li><li>The Zeit Club Ltd</li><li>MTM Ldn Timepieces</li><li>Al Hamd Tours UK</li><li>Luxury Times</li><li>Ignite Technologies International</li><li>Squadlead Management Consultants</li><li>United Medical Hospital System</li><li>Mina Tours</li><li>Corefy London</li><li>Luxe Mattress Ltd</li><li>Wardian</li><li>Skills Max Academy</li><li>EveryDay Voip</li><li>TravelPremier</li><li>Innovative Accounts</li><li>Competition and Markets Authority</li><li>The Corporate CA Service Limited</li><li>Rainmaker Marketing</li><li>D6ix Records</li><li>Easy Peasy Education</li></ul></details>" }, "geometry": { "type": "Polygon", "coordinates": [ [ [ -0.0240709, 51.5052992 ], [ -0.0240749, 51.5052853 ], [ -0.0241611, 51.5052949 ], [ -0.0242022, 51.5051519 ], [ -0.0242341, 51.5050409 ], [ -0.0242634, 51.5049388 ], [ -0.0243619, 51.5045868 ], [ -0.024378, 51.5045303 ], [ -0.0243903, 51.5044884 ], [ -0.0243004, 51.5044782 ], [ -0.0242271, 51.5044699 ], [ -0.0242284, 51.5044607 ], [ -0.024211, 51.5044587 ], [ -0.0241233, 51.5044484 ], [ -0.0240279, 51.5044363 ], [ -0.0238965, 51.5044228 ], [ -0.0238842, 51.5044669 ], [ -0.023734, 51.5044506 ], [ -0.0237248, 51.5044831 ], [ -0.023657, 51.504485 ], [ -0.0236063, 51.5044999 ], [ -0.0235618, 51.5045304 ], [ -0.023543, 51.5045626 ], [ -0.0234882, 51.5045568 ], [ -0.0234616, 51.5046517 ], [ -0.0233065, 51.5046348 ], [ -0.0232698, 51.5047443 ], [ -0.0232253, 51.5049203 ], [ -0.0237452, 51.5049731 ], [ -0.0236646, 51.5052541 ], [ -0.0240709, 51.5052992 ] ] ] } },
{ "type": "Feature", "properties": { "id": "b0939932-881e-4c5c-8797-8a0a91c38f5c", "building_name": "Newfoundland Quay", "building_class": "apartments", "building_subtype": "residential", "height": 0.0, "num_floors": 60, "new_functional_class": "Residential", "all_poi_names": "Newfoundland, Canary Wharf Chiropractic, M Canary Wharf, La Petite M, 1 Newfoundland Place -Floor 2 Lounge", "dominant_share_pct": 60.0, "final_functional_class": "Mixed-use/Complex", "dominant_share_pct_formatted": "60.0%", "Retail_Food_Ratio_formatted": "20.0%", "Work": 0.0, "Food_Drink": 1.0, "Retail_Leisure": 0.0, "Education": 0.0, "Medical": 1.0, "Transportation": 0.0, "Other_POI": 3.0, "poi_sum": 5.0, "Retail_Food_Ratio": 20.0, "poi_names_list": "<details><summary>5 POIs (click to expand)</summary><ul><li>Newfoundland</li><li>Canary Wharf Chiropractic</li><li>M Canary Wharf</li><li>La Petite M</li><li>1 Newfoundland Place -Floor 2 Lounge</li></ul></details>" }, "geometry": { "type": "Polygon", "coordinates": [ [ [ -0.024932, 51.5044827 ], [ -0.0250945, 51.5045012 ], [ -0.0252622, 51.5043221 ], [ -0.0252956, 51.5042176 ], [ -0.0252389, 51.5039992 ], [ -0.0250815, 51.5039793 ], [ -0.0249181, 51.5041723 ], [ -0.0248912, 51.5042813 ], [ -0.024932, 51.5044827 ] ] ] } },
{ "type": "Feature", "properties": { "id": "d4623a65-855a-4f9d-aad5-2943f8d65d90", "building_name": "0", "building_class": "office", "building_subtype": "commercial", "height": 0.0, "num_floors": 0, "new_functional_class": "Office", "all_poi_names": "No POIs recorded", "dominant_share_pct": 0.0, "final_functional_class": "Other", "dominant_share_pct_formatted": "0.0%", "Retail_Food_Ratio_formatted": "0.0%", "Work": 0.0, "Food_Drink": 0.0, "Retail_Leisure": 0.0, "Education": 0.0, "Medical": 0.0, "Transportation": 0.0, "Other_POI": 0.0, "poi_sum": 0.0, "Retail_Food_Ratio": 0.0, "poi_names_list": "0" }, "geometry": { "type": "Polygon", "coordinates": [ [ [ -0.025143, 51.5047038 ], [ -0.0252318, 51.504714 ], [ -0.0253311, 51.50462 ], [ -0.0253592, 51.5045347 ], [ -0.0253292, 51.5044131 ], [ -0.0252336, 51.5043999 ], [ -0.0251292, 51.5045103 ], [ -0.0251064, 51.5045892 ], [ -0.025143, 51.5047038 ] ] ] } },
{ "type": "Feature", "properties": { "id": "272fcce0-85fe-428a-b3b1-7e62bee1238e", "building_name": "0", "building_class": "transportation", "building_subtype": "transportation", "height": 0.0, "num_floors": 1, "new_functional_class": "Transportation", "all_poi_names": "皇朝, Canary Wharf Pier", "dominant_share_pct": 50.0, "final_functional_class": "Other", "dominant_share_pct_formatted": "50.0%", "Retail_Food_Ratio_formatted": "50.0%", "Work": 0.0, "Food_Drink": 1.0, "Retail_Leisure": 0.0, "Education": 0.0, "Medical": 0.0, "Transportation": 1.0, "Other_POI": 0.0, "poi_sum": 2.0, "Retail_Food_Ratio": 50.0, "poi_names_list": "<details><summary>2 POIs (click to expand)</summary><ul><li>皇朝</li><li>Canary Wharf Pier</li></ul></details>" }, "geometry": { "type": "Polygon", "coordinates": [ [ [ -0.0285249, 51.5050942 ], [ -0.0285986, 51.5051863 ], [ -0.0285439, 51.5052032 ], [ -0.0284568, 51.5052278 ], [ -0.0285037, 51.505287 ], [ -0.0284554, 51.5056543 ], [ -0.0285018, 51.5056535 ], [ -0.0285533, 51.5052775 ], [ -0.0285904, 51.5052648 ], [ -0.0286456, 51.505248 ], [ -0.0287141, 51.5053345 ], [ -0.028663, 51.5053505 ], [ -0.028733, 51.5054338 ], [ -0.0287771, 51.5054196 ], [ -0.0287608, 51.5053959 ], [ -0.0288658, 51.5053663 ], [ -0.028582, 51.5050129 ], [ -0.0284861, 51.5050456 ], [ -0.0284574, 51.5050181 ], [ -0.0284058, 51.5050349 ], [ -0.028467, 51.5051108 ], [ -0.0285249, 51.5050942 ] ] ] } },
{ "type": "Feature", "properties": { "id": "db038689-3a13-4de6-b847-2e82d8288008", "building_name": "28West", "building_class": "retail", "building_subtype": "commercial", "height": 0.0, "num_floors": 0, "new_functional_class": "Commercial", "all_poi_names": "28 West", "dominant_share_pct": 100.0, "final_functional_class": "Small Retail/Dining", "dominant_share_pct_formatted": "100.0%", "Retail_Food_Ratio_formatted": "100.0%", "Work": 0.0, "Food_Drink": 1.0, "Retail_Leisure": 0.0, "Education": 0.0, "Medical": 0.0, "Transportation": 0.0, "Other_POI": 0.0, "poi_sum": 1.0, "Retail_Food_Ratio": 100.0, "poi_names_list": "<details><summary>1 POIs (click to expand)</summary><ul><li>28 West</li></ul></details>" }, "geometry": { "type": "Polygon", "coordinates": [ [ [ -0.0278, 51.5053011 ], [ -0.0278179, 51.5053145 ], [ -0.0279399, 51.5052483 ], [ -0.0278633, 51.5051923 ], [ -0.0277788, 51.5051405 ], [ -0.0276671, 51.505218 ], [ -0.0277269, 51.5052539 ], [ -0.0278, 51.5053011 ] ] ] } },
{ "type": "Feature", "properties": { "id": "afdb1fc9-3774-4bbf-90d6-424843fb683b", "building_name": "0", "building_class": "service", "building_subtype": "service", "height": 0.0, "num_floors": 0, "new_functional_class": "Commercial", "all_poi_names": "No POIs recorded", "dominant_share_pct": 0.0, "final_functional_class": "Infrastructure", "dominant_share_pct_formatted": "0.0%", "Retail_Food_Ratio_formatted": "0.0%", "Work": 0.0, "Food_Drink": 0.0, "Retail_Leisure": 0.0, "Education": 0.0, "Medical": 0.0, "Transportation": 0.0, "Other_POI": 0.0, "poi_sum": 0.0, "Retail_Food_Ratio": 0.0, "poi_names_list": "0" }, "geometry": { "type": "Polygon", "coordinates": [ [ [ -0.027658, 51.5051793 ], [ -0.0276886, 51.505199 ], [ -0.0277176, 51.5051815 ], [ -0.027687, 51.5051618 ], [ -0.027658, 51.5051793 ] ] ] } },
{ "type": "Feature", "properties": { "id": "9b10c425-335c-4a23-b667-908ea87a0dde", "building_name": "Entrance To Westferry Circus Car Park", "building_class": "service", "building_subtype": "service", "height": 0.0, "num_floors": 0, "new_functional_class": "Commercial", "all_poi_names": "No POIs recorded", "dominant_share_pct": 0.0, "final_functional_class": "Infrastructure", "dominant_share_pct_formatted": "0.0%", "Retail_Food_Ratio_formatted": "0.0%", "Work": 0.0, "Food_Drink": 0.0, "Retail_Leisure": 0.0, "Education": 0.0, "Medical": 0.0, "Transportation": 0.0, "Other_POI": 0.0, "poi_sum": 0.0, "Retail_Food_Ratio": 0.0, "poi_names_list": "0" }, "geometry": { "type": "Polygon", "coordinates": [ [ [ -0.0270366, 51.5053948 ], [ -0.0270523, 51.5053493 ], [ -0.02705, 51.5053491 ], [ -0.0270474, 51.5053487 ], [ -0.0270445, 51.5053484 ], [ -0.0270413, 51.5053479 ], [ -0.0270378, 51.5053475 ], [ -0.0270341, 51.505347 ], [ -0.0270302, 51.5053465 ], [ -0.027026, 51.505346 ], [ -0.0270217, 51.5053455 ], [ -0.0270172, 51.5053449 ], [ -0.0270126, 51.5053444 ], [ -0.0270078, 51.5053438 ], [ -0.0270046, 51.5053434 ], [ -0.027003, 51.5053433 ], [ -0.0269884, 51.5053417 ], [ -0.0269704, 51.5053399 ], [ -0.0269653, 51.5053394 ], [ -0.0269602, 51.505339 ], [ -0.0269551, 51.5053386 ], [ -0.02695, 51.5053382 ], [ -0.0269449, 51.5053379 ], [ -0.0269398, 51.5053375 ], [ -0.0269347, 51.5053372 ], [ -0.0269296, 51.505337 ], [ -0.0269245, 51.5053367 ], [ -0.0269194, 51.5053365 ], [ -0.0269144, 51.5053363 ], [ -0.0269118, 51.5053362 ], [ -0.0269042, 51.5053807 ], [ -0.0269058, 51.5053808 ], [ -0.0269074, 51.5053808 ], [ -0.026909, 51.5053809 ], [ -0.0269106, 51.5053809 ], [ -0.0269123, 51.505381 ], [ -0.0269139, 51.5053811 ], [ -0.0269155, 51.5053812 ], [ -0.0269172, 51.5053812 ], [ -0.0269188, 51.5053813 ], [ -0.0269204, 51.5053814 ], [ -0.026922, 51.5053815 ], [ -0.0269236, 51.5053816 ], [ -0.0269244, 51.5053816 ], [ -0.026925, 51.5053816 ], [ -0.0269255, 51.5053817 ], [ -0.0269259, 51.5053817 ], [ -0.0269263, 51.5053817 ], [ -0.0269268, 51.5053817 ], [ -0.0269272, 51.5053818 ], [ -0.0269276, 51.5053818 ], [ -0.026928, 51.5053818 ], [ -0.0269285, 51.5053818 ], [ -0.0269289, 51.5053819 ], [ -0.0269294, 51.5053819 ], [ -0.0269299, 51.5053819 ], [ -0.0269304, 51.505382 ], [ -0.026932, 51.5053821 ], [ -0.0269337, 51.5053822 ], [ -0.0269353, 51.5053823 ], [ -0.026937, 51.5053824 ], [ -0.0269387, 51.5053825 ], [ -0.0269404, 51.5053826 ], [ -0.0269421, 51.5053827 ], [ -0.0269438, 51.5053829 ], [ -0.0269455, 51.505383 ], [ -0.0269472, 51.5053831 ], [ -0.0269489, 51.5053832 ], [ -0.026951, 51.5053834 ], [ -0.0269632, 51.5053845 ], [ -0.0269907, 51.5053875 ], [ -0.0269913, 51.5053875 ], [ -0.0269938, 51.5053879 ], [ -0.0269962, 51.5053882 ], [ -0.0269987, 51.5053885 ], [ -0.0270012, 51.5053888 ], [ -0.0270036, 51.5053892 ], [ -0.0270061, 51.5053895 ], [ -0.0270085, 51.5053898 ], [ -0.027011, 51.5053902 ], [ -0.0270134, 51.5053905 ], [ -0.0270158, 51.5053909 ], [ -0.0270183, 51.5053913 ], [ -0.0270213, 51.5053917 ], [ -0.0270366, 51.5053948 ] ] ] } },
{ "type": "Feature", "properties": { "id": "b8ec8992-c0e8-4b38-99e3-c0e760cd053a", "building_name": "Fire Command Centre", "building_class": "service", "building_subtype": "service", "height": 0.0, "num_floors": 0, "new_functional_class": "Commercial", "all_poi_names": "No POIs recorded", "dominant_share_pct": 0.0, "final_functional_class": "Infrastructure", "dominant_share_pct_formatted": "0.0%", "Retail_Food_Ratio_formatted": "0.0%", "Work": 0.0, "Food_Drink": 0.0, "Retail_Leisure": 0.0, "Education": 0.0, "Medical": 0.0, "Transportation": 0.0, "Other_POI": 0.0, "poi_sum": 0.0, "Retail_Food_Ratio": 0.0, "poi_names_list": "0" }, "geometry": { "type": "Polygon", "coordinates": [ [ [ -0.0267433, 51.5055557 ], [ -0.0266249, 51.5056075 ], [ -0.0266746, 51.5056516 ], [ -0.0267931, 51.5055997 ], [ -0.0267433, 51.5055557 ] ] ] } },
{ "type": "Feature", "properties": { "id": "986161d7-63c9-4267-984b-23b02f2bfe0f", "building_name": "0", "building_class": "house", "building_subtype": "residential", "height": 0.0, "num_floors": 3, "new_functional_class": "Residential", "all_poi_names": "No POIs recorded", "dominant_share_pct": 0.0, "final_functional_class": "Residential", "dominant_share_pct_formatted": "0.0%", "Retail_Food_Ratio_formatted": "0.0%", "Work": 0.0, "Food_Drink": 0.0, "Retail_Leisure": 0.0, "Education": 0.0, "Medical": 0.0, "Transportation": 0.0, "Other_POI": 0.0, "poi_sum": 0.0, "Retail_Food_Ratio": 0.0, "poi_names_list": "0" }, "geometry": { "type": "Polygon", "coordinates": [ [ [ -0.0265927, 51.5021412 ], [ -0.0266737, 51.5021448 ], [ -0.0266828, 51.5020667 ], [ -0.0266017, 51.502063 ], [ -0.0265927, 51.5021412 ] ] ] } },
{ "type": "Feature", "properties": { "id": "b4194f74-b035-48c5-a77b-0760b84bb2ee", "building_name": "0", "building_class": "apartments", "building_subtype": "residential", "height": 0.0, "num_floors": 20, "new_functional_class": "Residential", "all_poi_names": "Sumo Move LTD Removals Company, Allegorical Studio, The Free Mind, Best Brands International, Your Media London, Canary Wharf Cleaners", "dominant_share_pct": 66.666666666666657, "final_functional_class": "Residential", "dominant_share_pct_formatted": "66.7%", "Retail_Food_Ratio_formatted": "16.7%", "Work": 0.0, "Food_Drink": 0.0, "Retail_Leisure": 1.0, "Education": 0.0, "Medical": 1.0, "Transportation": 0.0, "Other_POI": 4.0, "poi_sum": 6.0, "Retail_Food_Ratio": 16.666666666666664, "poi_names_list": "<details><summary>6 POIs (click to expand)</summary><ul><li>Sumo Move LTD Removals Company</li><li>Allegorical Studio</li><li>The Free Mind</li><li>Best Brands International</li><li>Your Media London</li><li>Canary Wharf Cleaners</li></ul></details>" }, "geometry": { "type": "Polygon", "coordinates": [ [ [ -0.0271858, 51.5022338 ], [ -0.0269487, 51.5022033 ], [ -0.0268826, 51.5023805 ], [ -0.0268603, 51.5023766 ], [ -0.0268704, 51.5024163 ], [ -0.0268382, 51.502516 ], [ -0.0267953, 51.5025611 ], [ -0.0268006, 51.5026116 ], [ -0.026782, 51.5026589 ], [ -0.0267658, 51.5027009 ], [ -0.0267175, 51.5027481 ], [ -0.0267275, 51.5028103 ], [ -0.026714, 51.5028476 ], [ -0.0267027, 51.5028825 ], [ -0.02669, 51.5029005 ], [ -0.0266659, 51.5028975 ], [ -0.0266354, 51.5029873 ], [ -0.0267852, 51.5029785 ], [ -0.0267886, 51.5029656 ], [ -0.0269444, 51.5029852 ], [ -0.0269368, 51.502918 ], [ -0.0269622, 51.5028429 ], [ -0.0270152, 51.5027882 ], [ -0.0270025, 51.5027302 ], [ -0.0270174, 51.502692 ], [ -0.0270347, 51.502645 ], [ -0.0270776, 51.502602 ], [ -0.0270675, 51.5025532 ], [ -0.0271017, 51.5024634 ], [ -0.027146, 51.502415 ], [ -0.027116, 51.5024112 ], [ -0.0271858, 51.5022338 ] ] ] } },
{ "type": "Feature", "properties": { "id": "0741fd47-87f3-49ff-918c-e37ae2390289", "building_name": "West India Docks Impounding Station", "building_class": "service", "building_subtype": "service", "height": 20.651426315307617, "num_floors": 1, "new_functional_class": "Commercial", "all_poi_names": "No POIs recorded", "dominant_share_pct": 0.0, "final_functional_class": "Infrastructure", "dominant_share_pct_formatted": "0.0%", "Retail_Food_Ratio_formatted": "0.0%", "Work": 0.0, "Food_Drink": 0.0, "Retail_Leisure": 0.0, "Education": 0.0, "Medical": 0.0, "Transportation": 0.0, "Other_POI": 0.0, "poi_sum": 0.0, "Retail_Food_Ratio": 0.0, "poi_names_list": "0" }, "geometry": { "type": "Polygon", "coordinates": [ [ [ -0.0253311, 51.5032253 ], [ -0.0255267, 51.503245 ], [ -0.02559, 51.503002 ], [ -0.0253944, 51.5029822 ], [ -0.0253311, 51.5032253 ] ] ] } },
{ "type": "Feature", "properties": { "id": "2139f8df-7a92-4b93-bff4-e3b477aaaf2d", "building_name": "0", "building_class": "shed", "building_subtype": "outbuilding", "height": 0.0, "num_floors": 0, "new_functional_class": "Infrastructure", "all_poi_names": "No POIs recorded", "dominant_share_pct": 0.0, "final_functional_class": "Infrastructure", "dominant_share_pct_formatted": "0.0%", "Retail_Food_Ratio_formatted": "0.0%", "Work": 0.0, "Food_Drink": 0.0, "Retail_Leisure": 0.0, "Education": 0.0, "Medical": 0.0, "Transportation": 0.0, "Other_POI": 0.0, "poi_sum": 0.0, "Retail_Food_Ratio": 0.0, "poi_names_list": "0" }, "geometry": { "type": "Polygon", "coordinates": [ [ [ -0.0259895, 51.5034459 ], [ -0.0260575, 51.5034542 ], [ -0.026076, 51.503396 ], [ -0.026008, 51.5033876 ], [ -0.0259895, 51.5034459 ] ] ] } },
{ "type": "Feature", "properties": { "id": "fff0d9e0-18c9-4aff-a3f8-f805c34662fe", "building_name": "0", "building_class": "commercial", "building_subtype": "commercial", "height": 10.665661811828613, "num_floors": 5, "new_functional_class": "Commercial", "all_poi_names": "UK Youth London Office, Amazing Grace Canary Wharf, Landing Canary Wharf, Sacred Garden Rooftop Canary Wharf", "dominant_share_pct": 25.0, "final_functional_class": "Other", "dominant_share_pct_formatted": "25.0%", "Retail_Food_Ratio_formatted": "50.0%", "Work": 1.0, "Food_Drink": 1.0, "Retail_Leisure": 1.0, "Education": 0.0, "Medical": 0.0, "Transportation": 0.0, "Other_POI": 1.0, "poi_sum": 4.0, "Retail_Food_Ratio": 50.0, "poi_names_list": "<details><summary>4 POIs (click to expand)</summary><ul><li>UK Youth London Office</li><li>Amazing Grace Canary Wharf</li><li>Landing Canary Wharf</li><li>Sacred Garden Rooftop Canary Wharf</li></ul></details>" }, "geometry": { "type": "Polygon", "coordinates": [ [ [ -0.0228871, 51.5039283 ], [ -0.0235345, 51.5039987 ], [ -0.0235678, 51.5038801 ], [ -0.0237015, 51.5038946 ], [ -0.023726, 51.5038073 ], [ -0.0237326, 51.5037837 ], [ -0.0228143, 51.5036839 ], [ -0.0228086, 51.5037045 ], [ -0.022801, 51.5037316 ], [ -0.0227827, 51.5037967 ], [ -0.0229204, 51.5038116 ], [ -0.0229127, 51.5038391 ], [ -0.0228873, 51.5038363 ], [ -0.0228681, 51.503905 ], [ -0.0228929, 51.5039077 ], [ -0.0228871, 51.5039283 ] ] ] } },
{ "type": "Feature", "properties": { "id": "207561e0-862a-4afb-9e96-615ffffec8ba", "building_name": "0", "building_class": "office", "building_subtype": "commercial", "height": 11.835833549499512, "num_floors": 26, "new_functional_class": "Office", "all_poi_names": "European Bank for Reconstruction and Development (EBRD), East London Business Place", "dominant_share_pct": 100.0, "final_functional_class": "Other", "dominant_share_pct_formatted": "100.0%", "Retail_Food_Ratio_formatted": "0.0%", "Work": 2.0, "Food_Drink": 0.0, "Retail_Leisure": 0.0, "Education": 0.0, "Medical": 0.0, "Transportation": 0.0, "Other_POI": 0.0, "poi_sum": 2.0, "Retail_Food_Ratio": 0.0, "poi_names_list": "<details><summary>2 POIs (click to expand)</summary><ul><li>European Bank for Reconstruction and Development (EBRD)</li><li>East London Business Place</li></ul></details>" }, "geometry": { "type": "Polygon", "coordinates": [ [ [ -0.0239006, 51.5036356 ], [ -0.0249378, 51.5037357 ], [ -0.0250656, 51.5032229 ], [ -0.0240292, 51.5031224 ], [ -0.0239634, 51.5033867 ], [ -0.0239006, 51.5036356 ] ] ] } },
{ "type": "Feature", "properties": { "id": "7261978b-f2c4-4490-aa4c-69b89d310836", "building_name": "0", "building_class": "garage", "building_subtype": "residential", "height": 8.0, "num_floors": 0, "new_functional_class": "Infrastructure", "all_poi_names": "No POIs recorded", "dominant_share_pct": 0.0, "final_functional_class": "Infrastructure", "dominant_share_pct_formatted": "0.0%", "Retail_Food_Ratio_formatted": "0.0%", "Work": 0.0, "Food_Drink": 0.0, "Retail_Leisure": 0.0, "Education": 0.0, "Medical": 0.0, "Transportation": 0.0, "Other_POI": 0.0, "poi_sum": 0.0, "Retail_Food_Ratio": 0.0, "poi_names_list": "0" }, "geometry": { "type": "Polygon", "coordinates": [ [ [ -0.023914, 51.503382 ], [ -0.0239634, 51.5033867 ], [ -0.0240292, 51.5031224 ], [ -0.0239397, 51.5031137 ], [ -0.0238737, 51.5033781 ], [ -0.023914, 51.503382 ] ] ] } },
{ "type": "Feature", "properties": { "id": "f7a7b9e0-9c2c-4c0e-a6af-3eacfa0fb2d7", "building_name": "0", "building_class": "apartments", "building_subtype": "residential", "height": 0.0, "num_floors": 0, "new_functional_class": "Residential", "all_poi_names": "TrottersEstates, Alex Neil Estate Agents, Cascades and Quayside House, Cascades Gym", "dominant_share_pct": 100.0, "final_functional_class": "Residential", "dominant_share_pct_formatted": "100.0%", "Retail_Food_Ratio_formatted": "0.0%", "Work": 0.0, "Food_Drink": 0.0, "Retail_Leisure": 0.0, "Education": 0.0, "Medical": 0.0, "Transportation": 0.0, "Other_POI": 4.0, "poi_sum": 4.0, "Retail_Food_Ratio": 0.0, "poi_names_list": "<details><summary>4 POIs (click to expand)</summary><ul><li>TrottersEstates</li><li>Alex Neil Estate Agents</li><li>Cascades and Quayside House</li><li>Cascades Gym</li></ul></details>" }, "geometry": { "type": "Polygon", "coordinates": [ [ [ -0.0264632, 51.5028779 ], [ -0.0259596, 51.5028097 ], [ -0.0259504, 51.5028792 ], [ -0.0259747, 51.5028967 ], [ -0.0264368, 51.5029631 ], [ -0.0264632, 51.5028779 ] ] ] } },
{ "type": "Feature", "properties": { "id": "48368bf5-55ba-41c3-a258-75d51b54dc60", "building_name": "0", "building_class": "apartments", "building_subtype": "residential", "height": 26.66645622253418, "num_floors": 75, "new_functional_class": "Residential", "all_poi_names": "Alex Neil & Co. Ltd., First Rate Isle Of Dogs, Cove - Landmark Pinnacle, Canary Wharf, Landmark Pinnacle, Synycs Group, Trellis Consulting, The Landmark Pinnacle, My Nursery, Oaklands Homecare, Rubbish Clearance Docklands", "dominant_share_pct": 60.0, "final_functional_class": "Office/HQ", "dominant_share_pct_formatted": "60.0%", "Retail_Food_Ratio_formatted": "0.0%", "Work": 3.0, "Food_Drink": 0.0, "Retail_Leisure": 0.0, "Education": 0.0, "Medical": 1.0, "Transportation": 0.0, "Other_POI": 6.0, "poi_sum": 10.0, "Retail_Food_Ratio": 0.0, "poi_names_list": "<details><summary>10 POIs (click to expand)</summary><ul><li>Alex Neil &amp; Co. Ltd.</li><li>First Rate Isle Of Dogs</li><li>Cove - Landmark Pinnacle, Canary Wharf</li><li>Landmark Pinnacle</li><li>Synycs Group</li><li>Trellis Consulting</li><li>The Landmark Pinnacle</li><li>My Nursery</li><li>Oaklands Homecare</li><li>Rubbish Clearance Docklands</li></ul></details>" }, "geometry": { "type": "Polygon", "coordinates": [ [ [ -0.0252745, 51.5029248 ], [ -0.0256273, 51.5029431 ], [ -0.0256859, 51.502505 ], [ -0.025333, 51.5024867 ], [ -0.0252745, 51.5029248 ] ] ] } },
{ "type": "Feature", "properties": { "id": "f030a0c8-9772-4325-a638-de49e4dbab61", "building_name": "0", "building_class": "house", "building_subtype": "residential", "height": 0.0, "num_floors": 3, "new_functional_class": "Residential", "all_poi_names": "No POIs recorded", "dominant_share_pct": 0.0, "final_functional_class": "Residential", "dominant_share_pct_formatted": "0.0%", "Retail_Food_Ratio_formatted": "0.0%", "Work": 0.0, "Food_Drink": 0.0, "Retail_Leisure": 0.0, "Education": 0.0, "Medical": 0.0, "Transportation": 0.0, "Other_POI": 0.0, "poi_sum": 0.0, "Retail_Food_Ratio": 0.0, "poi_names_list": "0" }, "geometry": { "type": "Polygon", "coordinates": [ [ [ -0.0263742, 51.5021314 ], [ -0.0264455, 51.5021346 ], [ -0.0264546, 51.5020564 ], [ -0.0263832, 51.5020532 ], [ -0.0263742, 51.5021314 ] ] ] } },
{ "type": "Feature", "properties": { "id": "1c477cd7-3365-4790-91c3-3bfb5c63b33b", "building_name": "0", "building_class": "house", "building_subtype": "residential", "height": 0.0, "num_floors": 3, "new_functional_class": "Residential", "all_poi_names": "No POIs recorded", "dominant_share_pct": 0.0, "final_functional_class": "Residential", "dominant_share_pct_formatted": "0.0%", "Retail_Food_Ratio_formatted": "0.0%", "Work": 0.0, "Food_Drink": 0.0, "Retail_Leisure": 0.0, "Education": 0.0, "Medical": 0.0, "Transportation": 0.0, "Other_POI": 0.0, "poi_sum": 0.0, "Retail_Food_Ratio": 0.0, "poi_names_list": "0" }, "geometry": { "type": "Polygon", "coordinates": [ [ [ -0.0264455, 51.5021346 ], [ -0.0265208, 51.502138 ], [ -0.0265299, 51.5020598 ], [ -0.0264546, 51.5020564 ], [ -0.0264455, 51.5021346 ] ] ] } },
{ "type": "Feature", "properties": { "id": "e774945a-ad7c-4268-be1f-6368130cb288", "building_name": "0", "building_class": "house", "building_subtype": "residential", "height": 0.0, "num_floors": 3, "new_functional_class": "Residential", "all_poi_names": "No POIs recorded", "dominant_share_pct": 0.0, "final_functional_class": "Residential", "dominant_share_pct_formatted": "0.0%", "Retail_Food_Ratio_formatted": "0.0%", "Work": 0.0, "Food_Drink": 0.0, "Retail_Leisure": 0.0, "Education": 0.0, "Medical": 0.0, "Transportation": 0.0, "Other_POI": 0.0, "poi_sum": 0.0, "Retail_Food_Ratio": 0.0, "poi_names_list": "0" }, "geometry": { "type": "Polygon", "coordinates": [ [ [ -0.0265208, 51.502138 ], [ -0.0265927, 51.5021412 ], [ -0.0266017, 51.502063 ], [ -0.0265299, 51.5020598 ], [ -0.0265208, 51.502138 ] ] ] } },
{ "type": "Feature", "properties": { "id": "a8eed461-5764-4eee-8adf-dd46ad7d42fa", "building_name": "0", "building_class": "house", "building_subtype": "residential", "height": 0.0, "num_floors": 3, "new_functional_class": "Residential", "all_poi_names": "No POIs recorded", "dominant_share_pct": 0.0, "final_functional_class": "Residential", "dominant_share_pct_formatted": "0.0%", "Retail_Food_Ratio_formatted": "0.0%", "Work": 0.0, "Food_Drink": 0.0, "Retail_Leisure": 0.0, "Education": 0.0, "Medical": 0.0, "Transportation": 0.0, "Other_POI": 0.0, "poi_sum": 0.0, "Retail_Food_Ratio": 0.0, "poi_names_list": "0" }, "geometry": { "type": "Polygon", "coordinates": [ [ [ -0.0262972, 51.5021279 ], [ -0.0263742, 51.5021314 ], [ -0.0263832, 51.5020532 ], [ -0.0263063, 51.5020498 ], [ -0.0262972, 51.5021279 ] ] ] } },
{ "type": "Feature", "properties": { "id": "3097639f-990e-4d0b-9f89-4bedf69a2678", "building_name": "0", "building_class": "house", "building_subtype": "residential", "height": 0.0, "num_floors": 3, "new_functional_class": "Residential", "all_poi_names": "No POIs recorded", "dominant_share_pct": 0.0, "final_functional_class": "Residential", "dominant_share_pct_formatted": "0.0%", "Retail_Food_Ratio_formatted": "0.0%", "Work": 0.0, "Food_Drink": 0.0, "Retail_Leisure": 0.0, "Education": 0.0, "Medical": 0.0, "Transportation": 0.0, "Other_POI": 0.0, "poi_sum": 0.0, "Retail_Food_Ratio": 0.0, "poi_names_list": "0" }, "geometry": { "type": "Polygon", "coordinates": [ [ [ -0.0262236, 51.5021246 ], [ -0.0262972, 51.5021279 ], [ -0.0263063, 51.5020498 ], [ -0.0262327, 51.5020464 ], [ -0.0262236, 51.5021246 ] ] ] } },
{ "type": "Feature", "properties": { "id": "a8abdddd-5ab4-46d1-bf14-b99a38d115f4", "building_name": "0", "building_class": "house", "building_subtype": "residential", "height": 0.0, "num_floors": 3, "new_functional_class": "Residential", "all_poi_names": "No POIs recorded", "dominant_share_pct": 0.0, "final_functional_class": "Residential", "dominant_share_pct_formatted": "0.0%", "Retail_Food_Ratio_formatted": "0.0%", "Work": 0.0, "Food_Drink": 0.0, "Retail_Leisure": 0.0, "Education": 0.0, "Medical": 0.0, "Transportation": 0.0, "Other_POI": 0.0, "poi_sum": 0.0, "Retail_Food_Ratio": 0.0, "poi_names_list": "0" }, "geometry": { "type": "Polygon", "coordinates": [ [ [ -0.0261505, 51.5021213 ], [ -0.0262236, 51.5021246 ], [ -0.0262327, 51.5020464 ], [ -0.0261595, 51.5020432 ], [ -0.0261505, 51.5021213 ] ] ] } },
{ "type": "Feature", "properties": { "id": "749a0cd1-fd3e-41bb-ab62-d0925bf54dcf", "building_name": "0", "building_class": "house", "building_subtype": "residential", "height": 0.0, "num_floors": 3, "new_functional_class": "Residential", "all_poi_names": "Elitech Smart Tools UK", "dominant_share_pct": 100.0, "final_functional_class": "Residential", "dominant_share_pct_formatted": "100.0%", "Retail_Food_Ratio_formatted": "0.0%", "Work": 0.0, "Food_Drink": 0.0, "Retail_Leisure": 0.0, "Education": 0.0, "Medical": 0.0, "Transportation": 0.0, "Other_POI": 1.0, "poi_sum": 1.0, "Retail_Food_Ratio": 0.0, "poi_names_list": "<details><summary>1 POIs (click to expand)</summary><ul><li>Elitech Smart Tools UK</li></ul></details>" }, "geometry": { "type": "Polygon", "coordinates": [ [ [ -0.0260706, 51.5021177 ], [ -0.0261505, 51.5021213 ], [ -0.0261595, 51.5020432 ], [ -0.0260797, 51.5020396 ], [ -0.0260706, 51.5021177 ] ] ] } },
{ "type": "Feature", "properties": { "id": "60d0bd00-61fe-4404-b58e-66013e511d0e", "building_name": "0", "building_class": "house", "building_subtype": "residential", "height": 0.0, "num_floors": 3, "new_functional_class": "Residential", "all_poi_names": "No POIs recorded", "dominant_share_pct": 0.0, "final_functional_class": "Residential", "dominant_share_pct_formatted": "0.0%", "Retail_Food_Ratio_formatted": "0.0%", "Work": 0.0, "Food_Drink": 0.0, "Retail_Leisure": 0.0, "Education": 0.0, "Medical": 0.0, "Transportation": 0.0, "Other_POI": 0.0, "poi_sum": 0.0, "Retail_Food_Ratio": 0.0, "poi_names_list": "0" }, "geometry": { "type": "Polygon", "coordinates": [ [ [ -0.0259941, 51.5021143 ], [ -0.0260706, 51.5021177 ], [ -0.0260797, 51.5020396 ], [ -0.0260032, 51.5020361 ], [ -0.0259941, 51.5021143 ] ] ] } },
{ "type": "Feature", "properties": { "id": "b6e2d96a-cef8-4a48-a2c8-4f725784b796", "building_name": "0", "building_class": "apartments", "building_subtype": "residential", "height": 98.0, "num_floors": 30, "new_functional_class": "Residential", "all_poi_names": "22 Marsh Wall, The Landmark Gym, Chalegrove Properties Ltd.", "dominant_share_pct": 66.666666666666657, "final_functional_class": "Office/HQ", "dominant_share_pct_formatted": "66.7%", "Retail_Food_Ratio_formatted": "0.0%", "Work": 1.0, "Food_Drink": 0.0, "Retail_Leisure": 0.0, "Education": 0.0, "Medical": 0.0, "Transportation": 0.0, "Other_POI": 2.0, "poi_sum": 3.0, "Retail_Food_Ratio": 0.0, "poi_names_list": "<details><summary>3 POIs (click to expand)</summary><ul><li>22 Marsh Wall</li><li>The Landmark Gym</li><li>Chalegrove Properties Ltd.</li></ul></details>" }, "geometry": { "type": "Polygon", "coordinates": [ [ [ -0.0250751, 51.5023322 ], [ -0.0256714, 51.5023631 ], [ -0.025695, 51.5021865 ], [ -0.0252536, 51.5021636 ], [ -0.0250988, 51.5021556 ], [ -0.0250751, 51.5023322 ] ] ] } },
{ "type": "Feature", "properties": { "id": "d42f49e8-7c91-4cf4-b65b-e7d92b3947d4", "building_name": "0", "building_class": "commercial", "building_subtype": "commercial", "height": 0.0, "num_floors": 5, "new_functional_class": "Commercial", "all_poi_names": "PricewaterhouseCoopers LLP, Trusted Reviews, Britannia International Hotel, G4S Canary Wharf, International Hotel London, Birchtree Sullivan Chartered Certified Accountants, Ballymore, T V Times", "dominant_share_pct": 50.0, "final_functional_class": "Mixed-use/Complex", "dominant_share_pct_formatted": "50.0%", "Retail_Food_Ratio_formatted": "12.5%", "Work": 3.0, "Food_Drink": 0.0, "Retail_Leisure": 1.0, "Education": 0.0, "Medical": 0.0, "Transportation": 0.0, "Other_POI": 4.0, "poi_sum": 8.0, "Retail_Food_Ratio": 12.5, "poi_names_list": "<details><summary>8 POIs (click to expand)</summary><ul><li>PricewaterhouseCoopers LLP</li><li>Trusted Reviews</li><li>Britannia International Hotel</li><li>G4S Canary Wharf</li><li>International Hotel London</li><li>Birchtree Sullivan Chartered Certified Accountants</li><li>Ballymore</li><li>T V Times</li></ul></details>" }, "geometry": { "type": "Polygon", "coordinates": [ [ [ -0.0239473, 51.5026568 ], [ -0.0241539, 51.5026753 ], [ -0.0241929, 51.502543 ], [ -0.0241427, 51.5025392 ], [ -0.0241637, 51.5024525 ], [ -0.0242679, 51.5024618 ], [ -0.0242934, 51.5023712 ], [ -0.0242306, 51.5023222 ], [ -0.0242386, 51.5022969 ], [ -0.023629, 51.502232 ], [ -0.0235877, 51.5023491 ], [ -0.0236187, 51.5023533 ], [ -0.0235846, 51.5024721 ], [ -0.0235604, 51.5024692 ], [ -0.0235254, 51.5026066 ], [ -0.0237274, 51.5026242 ], [ -0.0237376, 51.5025982 ], [ -0.023957, 51.5026229 ], [ -0.0239473, 51.5026568 ] ] ] } },
{ "type": "Feature", "properties": { "id": "27cea071-a066-41a9-9f26-06bc7d45ce42", "building_name": "0", "building_class": "service", "building_subtype": "service", "height": 0.0, "num_floors": 0, "new_functional_class": "Commercial", "all_poi_names": "Bupa Marsh Wall, Eastwinter gardens", "dominant_share_pct": 50.0, "final_functional_class": "Infrastructure", "dominant_share_pct_formatted": "50.0%", "Retail_Food_Ratio_formatted": "50.0%", "Work": 0.0, "Food_Drink": 0.0, "Retail_Leisure": 1.0, "Education": 0.0, "Medical": 1.0, "Transportation": 0.0, "Other_POI": 0.0, "poi_sum": 2.0, "Retail_Food_Ratio": 50.0, "poi_names_list": "<details><summary>2 POIs (click to expand)</summary><ul><li>Bupa Marsh Wall</li><li>Eastwinter gardens</li></ul></details>" }, "geometry": { "type": "Polygon", "coordinates": [ [ [ -0.0239576, 51.5020529 ], [ -0.0240304, 51.5020592 ], [ -0.0240394, 51.502019 ], [ -0.0239812, 51.5020139 ], [ -0.0239892, 51.5019783 ], [ -0.0239382, 51.5019738 ], [ -0.0239262, 51.502027 ], [ -0.0239576, 51.5020529 ] ] ] } },
{ "type": "Feature", "properties": { "id": "4ecb9bef-aab9-482a-bd1e-a4ef83c6d38c", "building_name": "0", "building_class": "apartments", "building_subtype": "residential", "height": 140.0, "num_floors": 44, "new_functional_class": "Residential", "all_poi_names": "Landmark East Tower, Golota Cash, Stylecard", "dominant_share_pct": 66.666666666666657, "final_functional_class": "Residential", "dominant_share_pct_formatted": "66.7%", "Retail_Food_Ratio_formatted": "33.3%", "Work": 0.0, "Food_Drink": 0.0, "Retail_Leisure": 1.0, "Education": 0.0, "Medical": 0.0, "Transportation": 0.0, "Other_POI": 2.0, "poi_sum": 3.0, "Retail_Food_Ratio": 33.333333333333329, "poi_names_list": "<details><summary>3 POIs (click to expand)</summary><ul><li>Landmark East Tower</li><li>Golota Cash</li><li>Stylecard</li></ul></details>" }, "geometry": { "type": "Polygon", "coordinates": [ [ [ -0.0245839, 51.5017988 ], [ -0.0245389, 51.5021581 ], [ -0.0248362, 51.5021726 ], [ -0.0248398, 51.5021436 ], [ -0.0248812, 51.5018132 ], [ -0.0245839, 51.5017988 ] ] ] } },
{ "type": "Feature", "properties": { "id": "1acfe374-8cb4-47cf-bcae-b51c7d325464", "building_name": "0", "building_class": "apartments", "building_subtype": "residential", "height": 0.0, "num_floors": 0, "new_functional_class": "Residential", "all_poi_names": "No POIs recorded", "dominant_share_pct": 0.0, "final_functional_class": "Residential", "dominant_share_pct_formatted": "0.0%", "Retail_Food_Ratio_formatted": "0.0%", "Work": 0.0, "Food_Drink": 0.0, "Retail_Leisure": 0.0, "Education": 0.0, "Medical": 0.0, "Transportation": 0.0, "Other_POI": 0.0, "poi_sum": 0.0, "Retail_Food_Ratio": 0.0, "poi_names_list": "0" }, "geometry": { "type": "Polygon", "coordinates": [ [ [ -0.0245839, 51.5017988 ], [ -0.0248812, 51.5018132 ], [ -0.0248885, 51.5017552 ], [ -0.0245912, 51.5017407 ], [ -0.0245839, 51.5017988 ] ] ] } },
{ "type": "Feature", "properties": { "id": "112b6cf0-b1a9-4c9c-9614-f432af4d0902", "building_name": "Block Wharf", "building_class": "apartments", "building_subtype": "residential", "height": 0.0, "num_floors": 0, "new_functional_class": "Residential", "all_poi_names": "Be Our Guests, VIVIDOR Ltd., ParkBee South Quay - Cuba St., Neama, Heron Quays-South Quay", "dominant_share_pct": 40.0, "final_functional_class": "Mixed-use/Complex", "dominant_share_pct_formatted": "40.0%", "Retail_Food_Ratio_formatted": "40.0%", "Work": 1.0, "Food_Drink": 1.0, "Retail_Leisure": 1.0, "Education": 0.0, "Medical": 0.0, "Transportation": 2.0, "Other_POI": 0.0, "poi_sum": 5.0, "Retail_Food_Ratio": 40.0, "poi_names_list": "<details><summary>5 POIs (click to expand)</summary><ul><li>Be Our Guests</li><li>VIVIDOR Ltd.</li><li>ParkBee South Quay - Cuba St.</li><li>Neama</li><li>Heron Quays-South Quay</li></ul></details>" }, "geometry": { "type": "Polygon", "coordinates": [ [ [ -0.0239495, 51.5014194 ], [ -0.0239626, 51.5013019 ], [ -0.0239554, 51.5013014 ], [ -0.0239569, 51.5012643 ], [ -0.023942, 51.5012634 ], [ -0.0239169, 51.5012623 ], [ -0.0239186, 51.5012352 ], [ -0.0239335, 51.5011095 ], [ -0.023933, 51.501098 ], [ -0.0238026, 51.501095 ], [ -0.0237789, 51.5012463 ], [ -0.0238966, 51.5014268 ], [ -0.0239486, 51.5014282 ], [ -0.0239495, 51.5014194 ] ] ] } },
{ "type": "Feature", "properties": { "id": "23d40963-8e95-4179-900b-6be90a2057a6", "building_name": "0", "building_class": "apartments", "building_subtype": "residential", "height": 0.0, "num_floors": 5, "new_functional_class": "Residential", "all_poi_names": "Canary Wharf Cleaners", "dominant_share_pct": 100.0, "final_functional_class": "Residential", "dominant_share_pct_formatted": "100.0%", "Retail_Food_Ratio_formatted": "0.0%", "Work": 0.0, "Food_Drink": 0.0, "Retail_Leisure": 0.0, "Education": 0.0, "Medical": 0.0, "Transportation": 0.0, "Other_POI": 1.0, "poi_sum": 1.0, "Retail_Food_Ratio": 0.0, "poi_names_list": "<details><summary>1 POIs (click to expand)</summary><ul><li>Canary Wharf Cleaners</li></ul></details>" }, "geometry": { "type": "Polygon", "coordinates": [ [ [ -0.0265283, 51.5018208 ], [ -0.0267154, 51.5018283 ], [ -0.0267359, 51.5016667 ], [ -0.0264022, 51.5016497 ], [ -0.0263929, 51.5017407 ], [ -0.0265383, 51.501747 ], [ -0.0265283, 51.5018208 ] ] ] } },
{ "type": "Feature", "properties": { "id": "754edf2b-5afc-4d4f-b1dc-7491681df542", "building_name": "0", "building_class": "apartments", "building_subtype": "residential", "height": 0.0, "num_floors": 5, "new_functional_class": "Residential", "all_poi_names": "No POIs recorded", "dominant_share_pct": 0.0, "final_functional_class": "Residential", "dominant_share_pct_formatted": "0.0%", "Retail_Food_Ratio_formatted": "0.0%", "Work": 0.0, "Food_Drink": 0.0, "Retail_Leisure": 0.0, "Education": 0.0, "Medical": 0.0, "Transportation": 0.0, "Other_POI": 0.0, "poi_sum": 0.0, "Retail_Food_Ratio": 0.0, "poi_names_list": "0" }, "geometry": { "type": "Polygon", "coordinates": [ [ [ -0.0260328, 51.5017904 ], [ -0.0262151, 51.5017987 ], [ -0.026224, 51.5017326 ], [ -0.0263929, 51.5017407 ], [ -0.0264022, 51.5016497 ], [ -0.0260523, 51.5016329 ], [ -0.0260328, 51.5017904 ] ] ] } },
{ "type": "Feature", "properties": { "id": "d1d8e1b2-3f1a-4651-8183-c42230ccacdb", "building_name": "0", "building_class": "apartments", "building_subtype": "residential", "height": 14.247038841247559, "num_floors": 9, "new_functional_class": "Residential", "all_poi_names": "Museo Britanico, The Business Research Company, Glimmr, Bright Horizons Heron Quays Day Nursery & Preschool", "dominant_share_pct": 25.0, "final_functional_class": "Residential", "dominant_share_pct_formatted": "25.0%", "Retail_Food_Ratio_formatted": "25.0%", "Work": 1.0, "Food_Drink": 0.0, "Retail_Leisure": 1.0, "Education": 1.0, "Medical": 0.0, "Transportation": 0.0, "Other_POI": 1.0, "poi_sum": 4.0, "Retail_Food_Ratio": 25.0, "poi_names_list": "<details><summary>4 POIs (click to expand)</summary><ul><li>Museo Britanico</li><li>The Business Research Company</li><li>Glimmr</li><li>Bright Horizons Heron Quays Day Nursery &amp; Preschool</li></ul></details>" }, "geometry": { "type": "Polygon", "coordinates": [ [ [ -0.0248891, 51.5017457 ], [ -0.0252193, 51.5017636 ], [ -0.0252443, 51.5015837 ], [ -0.0246095, 51.5015495 ], [ -0.0246008, 51.5016123 ], [ -0.0246152, 51.5016131 ], [ -0.024608, 51.5016647 ], [ -0.0245933, 51.501664 ], [ -0.0245842, 51.5017293 ], [ -0.0248891, 51.5017457 ] ] ] } },
{ "type": "Feature", "properties": { "id": "3deeeb0b-9adf-4d99-b90c-f4ab2f354d0b", "building_name": "0", "building_class": "apartments", "building_subtype": "residential", "height": 0.0, "num_floors": 9, "new_functional_class": "Residential", "all_poi_names": "FlatCleanLDN, Evri ParcelShop, Costa Express, Tesco Express", "dominant_share_pct": 60.0, "final_functional_class": "Mixed-use/Complex", "dominant_share_pct_formatted": "60.0%", "Retail_Food_Ratio_formatted": "40.0%", "Work": 0.0, "Food_Drink": 0.0, "Retail_Leisure": 2.0, "Education": 0.0, "Medical": 0.0, "Transportation": 0.0, "Other_POI": 3.0, "poi_sum": 5.0, "Retail_Food_Ratio": 40.0, "poi_names_list": "<details><summary>5 POIs (click to expand)</summary><ul><li>FlatCleanLDN</li><li>Evri ParcelShop</li><li>Costa Express</li><li>Tesco Express</li><li>Tesco Express</li></ul></details>" }, "geometry": { "type": "Polygon", "coordinates": [ [ [ -0.0254036, 51.5020715 ], [ -0.0257073, 51.5020862 ], [ -0.0257267, 51.5019314 ], [ -0.0257477, 51.5017645 ], [ -0.025444, 51.5017497 ], [ -0.025423, 51.5019165 ], [ -0.0254036, 51.5020715 ] ] ] } },
{ "type": "Feature", "properties": { "id": "a785fcd5-a885-40c2-8bb3-f7be08ac0333", "building_name": "0", "building_class": "commercial", "building_subtype": "commercial", "height": 0.0, "num_floors": 1, "new_functional_class": "Commercial", "all_poi_names": "Victoria's Secret, Evri ParcelShop, C P L", "dominant_share_pct": 66.666666666666657, "final_functional_class": "Other", "dominant_share_pct_formatted": "66.7%", "Retail_Food_Ratio_formatted": "33.3%", "Work": 0.0, "Food_Drink": 0.0, "Retail_Leisure": 1.0, "Education": 0.0, "Medical": 0.0, "Transportation": 0.0, "Other_POI": 2.0, "poi_sum": 3.0, "Retail_Food_Ratio": 33.333333333333329, "poi_names_list": "<details><summary>3 POIs (click to expand)</summary><ul><li>Victoria&#x27;s Secret</li><li>Evri ParcelShop</li><li>C P L</li></ul></details>" }, "geometry": { "type": "Polygon", "coordinates": [ [ [ -0.0250185, 51.5019036 ], [ -0.0249984, 51.5020523 ], [ -0.0251058, 51.5020579 ], [ -0.0251258, 51.5019092 ], [ -0.0250185, 51.5019036 ] ] ] } },
{ "type": "Feature", "properties": { "id": "1dfb859d-e1ea-4730-a3e3-5b59d616b707", "building_name": "0", "building_class": "apartments", "building_subtype": "residential", "height": 0.0, "num_floors": 4, "new_functional_class": "Residential", "all_poi_names": "No POIs recorded", "dominant_share_pct": 0.0, "final_functional_class": "Residential", "dominant_share_pct_formatted": "0.0%", "Retail_Food_Ratio_formatted": "0.0%", "Work": 0.0, "Food_Drink": 0.0, "Retail_Leisure": 0.0, "Education": 0.0, "Medical": 0.0, "Transportation": 0.0, "Other_POI": 0.0, "poi_sum": 0.0, "Retail_Food_Ratio": 0.0, "poi_names_list": "0" }, "geometry": { "type": "Polygon", "coordinates": [ [ [ -0.0260134, 51.5019494 ], [ -0.0263627, 51.5019682 ], [ -0.0263741, 51.5018767 ], [ -0.0262076, 51.5018677 ], [ -0.0262151, 51.5017987 ], [ -0.0260328, 51.5017904 ], [ -0.0260134, 51.5019494 ] ] ] } },
{ "type": "Feature", "properties": { "id": "f0d71286-6f12-4d02-b764-f0216145d0e3", "building_name": "0", "building_class": "apartments", "building_subtype": "residential", "height": 0.0, "num_floors": 4, "new_functional_class": "Residential", "all_poi_names": "No POIs recorded", "dominant_share_pct": 0.0, "final_functional_class": "Residential", "dominant_share_pct_formatted": "0.0%", "Retail_Food_Ratio_formatted": "0.0%", "Work": 0.0, "Food_Drink": 0.0, "Retail_Leisure": 0.0, "Education": 0.0, "Medical": 0.0, "Transportation": 0.0, "Other_POI": 0.0, "poi_sum": 0.0, "Retail_Food_Ratio": 0.0, "poi_names_list": "0" }, "geometry": { "type": "Polygon", "coordinates": [ [ [ -0.0263627, 51.5019682 ], [ -0.0266952, 51.5019861 ], [ -0.0267154, 51.5018283 ], [ -0.0265283, 51.5018208 ], [ -0.026523, 51.5018845 ], [ -0.0263741, 51.5018767 ], [ -0.0263627, 51.5019682 ] ] ] } },
{ "type": "Feature", "properties": { "id": "bb6cab7c-e446-48b8-9c3a-49580795f1db", "building_name": "0", "building_class": "apartments", "building_subtype": "residential", "height": 0.0, "num_floors": 9, "new_functional_class": "Residential", "all_poi_names": "No POIs recorded", "dominant_share_pct": 0.0, "final_functional_class": "Residential", "dominant_share_pct_formatted": "0.0%", "Retail_Food_Ratio_formatted": "0.0%", "Work": 0.0, "Food_Drink": 0.0, "Retail_Leisure": 0.0, "Education": 0.0, "Medical": 0.0, "Transportation": 0.0, "Other_POI": 0.0, "poi_sum": 0.0, "Retail_Food_Ratio": 0.0, "poi_names_list": "0" }, "geometry": { "type": "Polygon", "coordinates": [ [ [ -0.0272188, 51.501689 ], [ -0.0269346, 51.501676 ], [ -0.0268505, 51.5021467 ], [ -0.0270105, 51.5021562 ], [ -0.0270785, 51.502162 ], [ -0.0271483, 51.5021671 ], [ -0.0273174, 51.5021758 ], [ -0.0273435, 51.5021769 ], [ -0.0273565, 51.5020801 ], [ -0.0273304, 51.502079 ], [ -0.0271667, 51.5020704 ], [ -0.0272188, 51.501689 ] ] ] } },
{ "type": "Feature", "properties": { "id": "671f2b7f-9602-4343-b0ec-ab40029bf241", "building_name": "0", "building_class": "apartments", "building_subtype": "residential", "height": 13.797723770141602, "num_floors": 6, "new_functional_class": "Residential", "all_poi_names": "No POIs recorded", "dominant_share_pct": 0.0, "final_functional_class": "Residential", "dominant_share_pct_formatted": "0.0%", "Retail_Food_Ratio_formatted": "0.0%", "Work": 0.0, "Food_Drink": 0.0, "Retail_Leisure": 0.0, "Education": 0.0, "Medical": 0.0, "Transportation": 0.0, "Other_POI": 0.0, "poi_sum": 0.0, "Retail_Food_Ratio": 0.0, "poi_names_list": "0" }, "geometry": { "type": "Polygon", "coordinates": [ [ [ -0.0256757, 51.5003766 ], [ -0.0256739, 51.5002119 ], [ -0.025285, 51.5002136 ], [ -0.0252858, 51.5002834 ], [ -0.0247404, 51.5002857 ], [ -0.0247418, 51.5004129 ], [ -0.0252329, 51.5004108 ], [ -0.0252325, 51.5003785 ], [ -0.0256757, 51.5003766 ] ] ] } },
{ "type": "Feature", "properties": { "id": "541ab9f7-26b8-45b2-bfec-cb522bddf2db", "building_name": "0", "building_class": "apartments", "building_subtype": "residential", "height": 0.0, "num_floors": 7, "new_functional_class": "Residential", "all_poi_names": "No POIs recorded", "dominant_share_pct": 0.0, "final_functional_class": "Residential", "dominant_share_pct_formatted": "0.0%", "Retail_Food_Ratio_formatted": "0.0%", "Work": 0.0, "Food_Drink": 0.0, "Retail_Leisure": 0.0, "Education": 0.0, "Medical": 0.0, "Transportation": 0.0, "Other_POI": 0.0, "poi_sum": 0.0, "Retail_Food_Ratio": 0.0, "poi_names_list": "0" }, "geometry": { "type": "Polygon", "coordinates": [ [ [ -0.0250864, 51.5009067 ], [ -0.0250871, 51.5010468 ], [ -0.0250871, 51.5010712 ], [ -0.0255388, 51.5010705 ], [ -0.0255382, 51.5009059 ], [ -0.0252667, 51.5009064 ], [ -0.0250864, 51.5009067 ] ] ] } },
{ "type": "Feature", "properties": { "id": "e2f90314-e645-4984-9566-085e02e68866", "building_name": "0", "building_class": "apartments", "building_subtype": "residential", "height": 0.0, "num_floors": 0, "new_functional_class": "Residential", "all_poi_names": "M$RK", "dominant_share_pct": 100.0, "final_functional_class": "Residential", "dominant_share_pct_formatted": "100.0%", "Retail_Food_Ratio_formatted": "100.0%", "Work": 0.0, "Food_Drink": 0.0, "Retail_Leisure": 1.0, "Education": 0.0, "Medical": 0.0, "Transportation": 0.0, "Other_POI": 0.0, "poi_sum": 1.0, "Retail_Food_Ratio": 100.0, "poi_names_list": "<details><summary>1 POIs (click to expand)</summary><ul><li>M$RK</li></ul></details>" }, "geometry": { "type": "Polygon", "coordinates": [ [ [ -0.0250864, 51.5009067 ], [ -0.0250864, 51.5008909 ], [ -0.0246871, 51.5008908 ], [ -0.0246886, 51.5010475 ], [ -0.0250871, 51.5010468 ], [ -0.0250864, 51.5009067 ] ] ] } },
{ "type": "Feature", "properties": { "id": "ae8130a1-568d-4df6-bc4b-7d82761da867", "building_name": "0", "building_class": "apartments", "building_subtype": "residential", "height": 0.0, "num_floors": 0, "new_functional_class": "Residential", "all_poi_names": "Shell Recharge, ParkBee Marlin Apartments - Canary Wharf, Parkbee, Marlin Apartments Canary Wharf", "dominant_share_pct": 75.0, "final_functional_class": "Residential", "dominant_share_pct_formatted": "75.0%", "Retail_Food_Ratio_formatted": "0.0%", "Work": 0.0, "Food_Drink": 0.0, "Retail_Leisure": 0.0, "Education": 0.0, "Medical": 0.0, "Transportation": 1.0, "Other_POI": 3.0, "poi_sum": 4.0, "Retail_Food_Ratio": 0.0, "poi_names_list": "<details><summary>4 POIs (click to expand)</summary><ul><li>Shell Recharge</li><li>ParkBee Marlin Apartments - Canary Wharf</li><li>Parkbee</li><li>Marlin Apartments Canary Wharf</li></ul></details>" }, "geometry": { "type": "Polygon", "coordinates": [ [ [ -0.025054, 51.5005695 ], [ -0.0250546, 51.5007235 ], [ -0.0252613, 51.5007229 ], [ -0.0255046, 51.5007225 ], [ -0.0255039, 51.5005691 ], [ -0.025054, 51.5005695 ] ] ] } },
{ "type": "Feature", "properties": { "id": "293c8951-df91-4059-9134-172b704b211f", "building_name": "0", "building_class": "apartments", "building_subtype": "residential", "height": 0.0, "num_floors": 4, "new_functional_class": "Residential", "all_poi_names": "No POIs recorded", "dominant_share_pct": 0.0, "final_functional_class": "Residential", "dominant_share_pct_formatted": "0.0%", "Retail_Food_Ratio_formatted": "0.0%", "Work": 0.0, "Food_Drink": 0.0, "Retail_Leisure": 0.0, "Education": 0.0, "Medical": 0.0, "Transportation": 0.0, "Other_POI": 0.0, "poi_sum": 0.0, "Retail_Food_Ratio": 0.0, "poi_names_list": "0" }, "geometry": { "type": "Polygon", "coordinates": [ [ [ -0.025054, 51.5005695 ], [ -0.0246865, 51.50057 ], [ -0.0246874, 51.5007265 ], [ -0.0250546, 51.5007235 ], [ -0.025054, 51.5005695 ] ] ] } },
{ "type": "Feature", "properties": { "id": "df7ce21f-41f6-4c43-8338-0361af031f86", "building_name": "0", "building_class": "apartments", "building_subtype": "residential", "height": 0.0, "num_floors": 0, "new_functional_class": "Residential", "all_poi_names": "No POIs recorded", "dominant_share_pct": 0.0, "final_functional_class": "Residential", "dominant_share_pct_formatted": "0.0%", "Retail_Food_Ratio_formatted": "0.0%", "Work": 0.0, "Food_Drink": 0.0, "Retail_Leisure": 0.0, "Education": 0.0, "Medical": 0.0, "Transportation": 0.0, "Other_POI": 0.0, "poi_sum": 0.0, "Retail_Food_Ratio": 0.0, "poi_names_list": "0" }, "geometry": { "type": "Polygon", "coordinates": [ [ [ -0.0235383, 51.5009936 ], [ -0.0239195, 51.5010125 ], [ -0.0239618, 51.5007107 ], [ -0.0239001, 51.5007132 ], [ -0.0238398, 51.5007181 ], [ -0.0237882, 51.5007246 ], [ -0.0237424, 51.5007336 ], [ -0.0237025, 51.5007447 ], [ -0.0236645, 51.5007594 ], [ -0.0236346, 51.500775 ], [ -0.0236077, 51.5007944 ], [ -0.023585, 51.5008147 ], [ -0.0235674, 51.5008446 ], [ -0.0235383, 51.5009936 ] ] ] } },
{ "type": "Feature", "properties": { "id": "6fac62e2-a83b-4b0a-8f41-2cd4963791ff", "building_name": "0", "building_class": "apartments", "building_subtype": "residential", "height": 0.0, "num_floors": 0, "new_functional_class": "Residential", "all_poi_names": "Moos Juice", "dominant_share_pct": 100.0, "final_functional_class": "Residential", "dominant_share_pct_formatted": "100.0%", "Retail_Food_Ratio_formatted": "100.0%", "Work": 0.0, "Food_Drink": 0.0, "Retail_Leisure": 1.0, "Education": 0.0, "Medical": 0.0, "Transportation": 0.0, "Other_POI": 0.0, "poi_sum": 1.0, "Retail_Food_Ratio": 100.0, "poi_names_list": "<details><summary>1 POIs (click to expand)</summary><ul><li>Moos Juice</li></ul></details>" }, "geometry": { "type": "Polygon", "coordinates": [ [ [ -0.023462, 51.5009895 ], [ -0.0235383, 51.5009936 ], [ -0.0235674, 51.5008446 ], [ -0.0234911, 51.5008388 ], [ -0.0234725, 51.5009343 ], [ -0.023462, 51.5009895 ] ] ] } },
{ "type": "Feature", "properties": { "id": "b804f677-070c-465a-8d90-3eebbff859aa", "building_name": "0", "building_class": "house", "building_subtype": "residential", "height": 0.0, "num_floors": 2, "new_functional_class": "Residential", "all_poi_names": "No POIs recorded", "dominant_share_pct": 0.0, "final_functional_class": "Residential", "dominant_share_pct_formatted": "0.0%", "Retail_Food_Ratio_formatted": "0.0%", "Work": 0.0, "Food_Drink": 0.0, "Retail_Leisure": 0.0, "Education": 0.0, "Medical": 0.0, "Transportation": 0.0, "Other_POI": 0.0, "poi_sum": 0.0, "Retail_Food_Ratio": 0.0, "poi_names_list": "0" }, "geometry": { "type": "Polygon", "coordinates": [ [ [ -0.0226179, 51.500195 ], [ -0.0227379, 51.5001929 ], [ -0.0227355, 51.5001363 ], [ -0.0226153, 51.5001383 ], [ -0.0226179, 51.500195 ] ] ] } },
{ "type": "Feature", "properties": { "id": "01f66b21-7291-4bd8-9d75-9691a7b8366a", "building_name": "0", "building_class": "apartments", "building_subtype": "residential", "height": 16.348913192749023, "num_floors": 0, "new_functional_class": "Residential", "all_poi_names": "No POIs recorded", "dominant_share_pct": 0.0, "final_functional_class": "Residential", "dominant_share_pct_formatted": "0.0%", "Retail_Food_Ratio_formatted": "0.0%", "Work": 0.0, "Food_Drink": 0.0, "Retail_Leisure": 0.0, "Education": 0.0, "Medical": 0.0, "Transportation": 0.0, "Other_POI": 0.0, "poi_sum": 0.0, "Retail_Food_Ratio": 0.0, "poi_names_list": "0" }, "geometry": { "type": "Polygon", "coordinates": [ [ [ -0.0221219, 51.5002634 ], [ -0.0223092, 51.5002753 ], [ -0.0223403, 51.5000842 ], [ -0.0225141, 51.5000954 ], [ -0.0225085, 51.500029 ], [ -0.022349, 51.5000341 ], [ -0.0223492, 51.5000214 ], [ -0.0221673, 51.5000105 ], [ -0.0221219, 51.5002634 ] ] ] } },
{ "type": "Feature", "properties": { "id": "9bc7c72a-92ba-4d38-b307-1735b0a60ea7", "building_name": "0", "building_class": "house", "building_subtype": "residential", "height": 0.0, "num_floors": 2, "new_functional_class": "Residential", "all_poi_names": "No POIs recorded", "dominant_share_pct": 0.0, "final_functional_class": "Residential", "dominant_share_pct_formatted": "0.0%", "Retail_Food_Ratio_formatted": "0.0%", "Work": 0.0, "Food_Drink": 0.0, "Retail_Leisure": 0.0, "Education": 0.0, "Medical": 0.0, "Transportation": 0.0, "Other_POI": 0.0, "poi_sum": 0.0, "Retail_Food_Ratio": 0.0, "poi_names_list": "0" }, "geometry": { "type": "Polygon", "coordinates": [ [ [ -0.022624, 51.5003122 ], [ -0.0227425, 51.5003101 ], [ -0.0227404, 51.5002519 ], [ -0.0226209, 51.500254 ], [ -0.022624, 51.5003122 ] ] ] } },
{ "type": "Feature", "properties": { "id": "2a222082-18d1-48c0-98f0-c7fb0b2587bc", "building_name": "0", "building_class": "house", "building_subtype": "residential", "height": 0.0, "num_floors": 2, "new_functional_class": "Residential", "all_poi_names": "No POIs recorded", "dominant_share_pct": 0.0, "final_functional_class": "Residential", "dominant_share_pct_formatted": "0.0%", "Retail_Food_Ratio_formatted": "0.0%", "Work": 0.0, "Food_Drink": 0.0, "Retail_Leisure": 0.0, "Education": 0.0, "Medical": 0.0, "Transportation": 0.0, "Other_POI": 0.0, "poi_sum": 0.0, "Retail_Food_Ratio": 0.0, "poi_names_list": "0" }, "geometry": { "type": "Polygon", "coordinates": [ [ [ -0.0226209, 51.500254 ], [ -0.0227404, 51.5002519 ], [ -0.0227379, 51.5001929 ], [ -0.0226179, 51.500195 ], [ -0.0226209, 51.500254 ] ] ] } },
{ "type": "Feature", "properties": { "id": "6157d20f-77af-4ab9-ab38-b4171f83c185", "building_name": "0", "building_class": "house", "building_subtype": "residential", "height": 0.0, "num_floors": 2, "new_functional_class": "Residential", "all_poi_names": "No POIs recorded", "dominant_share_pct": 0.0, "final_functional_class": "Residential", "dominant_share_pct_formatted": "0.0%", "Retail_Food_Ratio_formatted": "0.0%", "Work": 0.0, "Food_Drink": 0.0, "Retail_Leisure": 0.0, "Education": 0.0, "Medical": 0.0, "Transportation": 0.0, "Other_POI": 0.0, "poi_sum": 0.0, "Retail_Food_Ratio": 0.0, "poi_names_list": "0" }, "geometry": { "type": "Polygon", "coordinates": [ [ [ -0.0226268, 51.500368 ], [ -0.022745, 51.5003657 ], [ -0.0227425, 51.5003101 ], [ -0.022624, 51.5003122 ], [ -0.0226268, 51.500368 ] ] ] } },
{ "type": "Feature", "properties": { "id": "c2411066-2b2b-4ba6-8124-1bed84b2e7b5", "building_name": "0", "building_class": "house", "building_subtype": "residential", "height": 0.0, "num_floors": 2, "new_functional_class": "Residential", "all_poi_names": "No POIs recorded", "dominant_share_pct": 0.0, "final_functional_class": "Residential", "dominant_share_pct_formatted": "0.0%", "Retail_Food_Ratio_formatted": "0.0%", "Work": 0.0, "Food_Drink": 0.0, "Retail_Leisure": 0.0, "Education": 0.0, "Medical": 0.0, "Transportation": 0.0, "Other_POI": 0.0, "poi_sum": 0.0, "Retail_Food_Ratio": 0.0, "poi_names_list": "0" }, "geometry": { "type": "Polygon", "coordinates": [ [ [ -0.0226293, 51.500422 ], [ -0.0227482, 51.5004194 ], [ -0.022745, 51.5003657 ], [ -0.0226268, 51.500368 ], [ -0.0226293, 51.500422 ] ] ] } },
{ "type": "Feature", "properties": { "id": "824710c5-828e-45e9-9dd8-8ab6d6288f67", "building_name": "0", "building_class": "house", "building_subtype": "residential", "height": 0.0, "num_floors": 2, "new_functional_class": "Residential", "all_poi_names": "No POIs recorded", "dominant_share_pct": 0.0, "final_functional_class": "Residential", "dominant_share_pct_formatted": "0.0%", "Retail_Food_Ratio_formatted": "0.0%", "Work": 0.0, "Food_Drink": 0.0, "Retail_Leisure": 0.0, "Education": 0.0, "Medical": 0.0, "Transportation": 0.0, "Other_POI": 0.0, "poi_sum": 0.0, "Retail_Food_Ratio": 0.0, "poi_names_list": "0" }, "geometry": { "type": "Polygon", "coordinates": [ [ [ -0.0226326, 51.5004819 ], [ -0.0227516, 51.5004794 ], [ -0.0227482, 51.5004194 ], [ -0.0226293, 51.500422 ], [ -0.0226326, 51.5004819 ] ] ] } },
{ "type": "Feature", "properties": { "id": "c9cb31bf-fa60-4622-83b9-9eafdba43c57", "building_name": "0", "building_class": "service", "building_subtype": "service", "height": 0.0, "num_floors": 0, "new_functional_class": "Commercial", "all_poi_names": "No POIs recorded", "dominant_share_pct": 0.0, "final_functional_class": "Infrastructure", "dominant_share_pct_formatted": "0.0%", "Retail_Food_Ratio_formatted": "0.0%", "Work": 0.0, "Food_Drink": 0.0, "Retail_Leisure": 0.0, "Education": 0.0, "Medical": 0.0, "Transportation": 0.0, "Other_POI": 0.0, "poi_sum": 0.0, "Retail_Food_Ratio": 0.0, "poi_names_list": "0" }, "geometry": { "type": "Polygon", "coordinates": [ [ [ -0.0223535, 51.5004545 ], [ -0.0223546, 51.5005011 ], [ -0.0224141, 51.5005005 ], [ -0.022413, 51.5004539 ], [ -0.0223535, 51.5004545 ] ] ] } },
{ "type": "Feature", "properties": { "id": "22ff85b7-7dbe-4a34-9097-74f9ecbb5eaf", "building_name": "0", "building_class": "apartments", "building_subtype": "residential", "height": 11.030061721801758, "num_floors": 0, "new_functional_class": "Residential", "all_poi_names": "Gomc", "dominant_share_pct": 100.0, "final_functional_class": "Mixed-use/Complex", "dominant_share_pct_formatted": "100.0%", "Retail_Food_Ratio_formatted": "0.0%", "Work": 0.0, "Food_Drink": 0.0, "Retail_Leisure": 0.0, "Education": 0.0, "Medical": 1.0, "Transportation": 0.0, "Other_POI": 0.0, "poi_sum": 1.0, "Retail_Food_Ratio": 0.0, "poi_names_list": "<details><summary>1 POIs (click to expand)</summary><ul><li>Gomc</li></ul></details>" }, "geometry": { "type": "Polygon", "coordinates": [ [ [ -0.0219708, 51.5004721 ], [ -0.0222838, 51.5004919 ], [ -0.0223032, 51.5003728 ], [ -0.0219902, 51.500353 ], [ -0.0218447, 51.500344 ], [ -0.0218158, 51.5003423 ], [ -0.0216718, 51.5003334 ], [ -0.0215484, 51.5003257 ], [ -0.0213444, 51.5003128 ], [ -0.021325, 51.5004321 ], [ -0.0215295, 51.5004446 ], [ -0.021827, 51.500463 ], [ -0.0219708, 51.5004721 ] ] ] } },
{ "type": "Feature", "properties": { "id": "35a719b7-a645-4b35-aac8-32e12800a02f", "building_name": "0", "building_class": "apartments", "building_subtype": "residential", "height": 0.0, "num_floors": 0, "new_functional_class": "Residential", "all_poi_names": "No POIs recorded", "dominant_share_pct": 0.0, "final_functional_class": "Residential", "dominant_share_pct_formatted": "0.0%", "Retail_Food_Ratio_formatted": "0.0%", "Work": 0.0, "Food_Drink": 0.0, "Retail_Leisure": 0.0, "Education": 0.0, "Medical": 0.0, "Transportation": 0.0, "Other_POI": 0.0, "poi_sum": 0.0, "Retail_Food_Ratio": 0.0, "poi_names_list": "0" }, "geometry": { "type": "Polygon", "coordinates": [ [ [ -0.0216968, 51.5001973 ], [ -0.0216718, 51.5003334 ], [ -0.0218158, 51.5003423 ], [ -0.0218704, 51.5002683 ], [ -0.0218801, 51.5002093 ], [ -0.0219098, 51.5000333 ], [ -0.0219166, 51.4999871 ], [ -0.0217351, 51.4999742 ], [ -0.0217265, 51.5000213 ], [ -0.0216968, 51.5001973 ] ] ] } },
{ "type": "Feature", "properties": { "id": "44001ba7-9ea1-45b2-bc34-daeba4ac0440", "building_name": "0", "building_class": "apartments", "building_subtype": "residential", "height": 22.239826202392578, "num_floors": 0, "new_functional_class": "Residential", "all_poi_names": "Phoenix Heights, Kilikya Grill,Meze Bar,Doner, Kilikya Canary Wharf, The Dock, Moira Restaurant", "dominant_share_pct": 80.0, "final_functional_class": "Residential", "dominant_share_pct_formatted": "80.0%", "Retail_Food_Ratio_formatted": "80.0%", "Work": 0.0, "Food_Drink": 4.0, "Retail_Leisure": 0.0, "Education": 0.0, "Medical": 0.0, "Transportation": 0.0, "Other_POI": 1.0, "poi_sum": 5.0, "Retail_Food_Ratio": 80.0, "poi_names_list": "<details><summary>5 POIs (click to expand)</summary><ul><li>Phoenix Heights</li><li>Kilikya Grill,Meze Bar,Doner</li><li>Kilikya Canary Wharf</li><li>The Dock</li><li>Moira Restaurant</li></ul></details>" }, "geometry": { "type": "Polygon", "coordinates": [ [ [ -0.021033, 51.5004181 ], [ -0.021325, 51.5004321 ], [ -0.0213444, 51.5003128 ], [ -0.0213642, 51.5001894 ], [ -0.0213417, 51.5001888 ], [ -0.0213452, 51.5001651 ], [ -0.0213488, 51.5001405 ], [ -0.0213537, 51.500102 ], [ -0.0213769, 51.4999581 ], [ -0.0211609, 51.4999448 ], [ -0.0211381, 51.5000887 ], [ -0.0211324, 51.5001282 ], [ -0.0211253, 51.5001765 ], [ -0.0211094, 51.5002869 ], [ -0.0210526, 51.5002849 ], [ -0.021033, 51.5004181 ] ] ] } },
{ "type": "Feature", "properties": { "id": "c43e79cd-450b-438c-967d-35d3d2b4125b", "building_name": "Vectone", "building_class": "commercial", "building_subtype": "commercial", "height": 0.0, "num_floors": 3, "new_functional_class": "Commercial", "all_poi_names": "Vectone Mobile, Syon Associates, Kushi Media, LBF Architects, Peninsula Resourcing, Auxth, Prestige London Chauffeurs, Vectone Business, Shine Academy, Flexfog, Instant Ways", "dominant_share_pct": 45.454545454545453, "final_functional_class": "Office/HQ", "dominant_share_pct_formatted": "45.5%", "Retail_Food_Ratio_formatted": "0.0%", "Work": 5.0, "Food_Drink": 0.0, "Retail_Leisure": 0.0, "Education": 1.0, "Medical": 1.0, "Transportation": 1.0, "Other_POI": 3.0, "poi_sum": 11.0, "Retail_Food_Ratio": 0.0, "poi_names_list": "<details><summary>11 POIs (click to expand)</summary><ul><li>Vectone Mobile</li><li>Syon Associates</li><li>Kushi Media</li><li>LBF Architects</li><li>Peninsula Resourcing</li><li>Auxth</li><li>Prestige London Chauffeurs</li><li>Vectone Business</li><li>Shine Academy</li><li>Flexfog</li><li>Instant Ways</li></ul></details>" }, "geometry": { "type": "Polygon", "coordinates": [ [ [ -0.0213087, 51.5008179 ], [ -0.0213838, 51.50072 ], [ -0.0211742, 51.5006469 ], [ -0.0211903, 51.5006281 ], [ -0.0211811, 51.5006089 ], [ -0.0211563, 51.5005963 ], [ -0.0211205, 51.5005997 ], [ -0.021093, 51.500615 ], [ -0.0210125, 51.5007076 ], [ -0.0210213, 51.5007216 ], [ -0.0213087, 51.5008179 ] ] ] } },
{ "type": "Feature", "properties": { "id": "af7ee4bf-50c6-4d83-98f4-9cf83f7dec02", "building_name": "Merck", "building_class": "commercial", "building_subtype": "commercial", "height": 0.0, "num_floors": 3, "new_functional_class": "Commercial", "all_poi_names": "Obnetx Ltd., Birchtree Sullivan Chartered Certified Accountants, Maidslondon Cleaning Services, TaskBe, Commercial People UK, Man With Van, The Cad Team Ltd, Alden Monroe, Travel Checkout, Chartbury, Sapphire Residential, Global Environmental Partners Ltd, Indigo 11 Services, Crossroads Connect Limited", "dominant_share_pct": 57.142857142857139, "final_functional_class": "Office/HQ", "dominant_share_pct_formatted": "57.1%", "Retail_Food_Ratio_formatted": "7.1%", "Work": 4.0, "Food_Drink": 0.0, "Retail_Leisure": 1.0, "Education": 0.0, "Medical": 0.0, "Transportation": 1.0, "Other_POI": 8.0, "poi_sum": 14.0, "Retail_Food_Ratio": 7.1428571428571423, "poi_names_list": "<details><summary>14 POIs (click to expand)</summary><ul><li>Obnetx Ltd.</li><li>Birchtree Sullivan Chartered Certified Accountants</li><li>Maidslondon Cleaning Services</li><li>TaskBe</li><li>Commercial People UK</li><li>Man With Van</li><li>The Cad Team Ltd</li><li>Alden Monroe</li><li>Travel Checkout</li><li>Chartbury</li><li>Sapphire Residential</li><li>Global Environmental Partners Ltd</li><li>Indigo 11 Services</li><li>Crossroads Connect Limited</li></ul></details>" }, "geometry": { "type": "Polygon", "coordinates": [ [ [ -0.0213952, 51.5007034 ], [ -0.0213838, 51.50072 ], [ -0.0213087, 51.5008179 ], [ -0.0216376, 51.5008949 ], [ -0.0217011, 51.5007947 ], [ -0.0214302, 51.5007309 ], [ -0.0214349, 51.5007171 ], [ -0.02143, 51.5007054 ], [ -0.0214139, 51.5006996 ], [ -0.0213952, 51.5007034 ] ] ] } },
{ "type": "Feature", "properties": { "id": "892661e0-dc5c-4c0f-b70f-d590a1f41377", "building_name": "0", "building_class": "apartments", "building_subtype": "residential", "height": 0.0, "num_floors": 0, "new_functional_class": "Residential", "all_poi_names": "Aspen, Canary Wharf, Office Angels, Uk01, Dorsett Canary Wharf London, Qibo Skybar, Canary Wharf Vapour Company, Canary House Restaurant", "dominant_share_pct": 28.571428571428569, "final_functional_class": "Mixed-use/Complex", "dominant_share_pct_formatted": "28.6%", "Retail_Food_Ratio_formatted": "42.9%", "Work": 2.0, "Food_Drink": 2.0, "Retail_Leisure": 1.0, "Education": 0.0, "Medical": 0.0, "Transportation": 0.0, "Other_POI": 2.0, "poi_sum": 7.0, "Retail_Food_Ratio": 42.857142857142854, "poi_names_list": "<details><summary>7 POIs (click to expand)</summary><ul><li>Aspen, Canary Wharf</li><li>Office Angels</li><li>Uk01</li><li>Dorsett Canary Wharf London</li><li>Qibo Skybar</li><li>Canary Wharf Vapour Company</li><li>Canary House Restaurant</li></ul></details>" }, "geometry": { "type": "Polygon", "coordinates": [ [ [ -0.0228604, 51.5010391 ], [ -0.0229433, 51.5010483 ], [ -0.0229493, 51.5009409 ], [ -0.0229352, 51.5008829 ], [ -0.0228967, 51.500835 ], [ -0.0227038, 51.5008011 ], [ -0.0226159, 51.5008357 ], [ -0.0225538, 51.500873 ], [ -0.0224715, 51.5009401 ], [ -0.0225337, 51.5009727 ], [ -0.0225351, 51.5010204 ], [ -0.0224788, 51.5010537 ], [ -0.0225732, 51.5010967 ], [ -0.0227031, 51.5011192 ], [ -0.02283, 51.501123 ], [ -0.0228095, 51.5010731 ], [ -0.0228604, 51.5010391 ] ] ] } },
{ "type": "Feature", "properties": { "id": "e17f1f76-a44a-4184-ab59-6d6cf7f8b855", "building_name": "Consort Place Marketing Suite", "building_class": "office", "building_subtype": "commercial", "height": 0.0, "num_floors": 0, "new_functional_class": "Office", "all_poi_names": "NatWest", "dominant_share_pct": 100.0, "final_functional_class": "Other", "dominant_share_pct_formatted": "100.0%", "Retail_Food_Ratio_formatted": "0.0%", "Work": 1.0, "Food_Drink": 0.0, "Retail_Leisure": 0.0, "Education": 0.0, "Medical": 0.0, "Transportation": 0.0, "Other_POI": 0.0, "poi_sum": 1.0, "Retail_Food_Ratio": 0.0, "poi_names_list": "<details><summary>1 POIs (click to expand)</summary><ul><li>NatWest</li></ul></details>" }, "geometry": { "type": "Polygon", "coordinates": [ [ [ -0.0217545, 51.5011131 ], [ -0.0219061, 51.5012576 ], [ -0.0220665, 51.5012799 ], [ -0.0221215, 51.5011543 ], [ -0.0220729, 51.5011455 ], [ -0.0220564, 51.5011263 ], [ -0.0220237, 51.501137 ], [ -0.0217773, 51.5010914 ], [ -0.0217545, 51.5011131 ] ] ] } },
{ "type": "Feature", "properties": { "id": "c1aa1eca-62fe-49cc-86ac-ca2f06d625ec", "building_name": "Hobart Building (Wardian West)", "building_class": "residential", "building_subtype": "residential", "height": 0.0, "num_floors": 50, "new_functional_class": "Residential", "all_poi_names": "Tellcomm Group Ltd., Hotel Novotel London Canary Wharf, Hunter & Bloomfield, Bupa Wellness, Blackwolph Capital", "dominant_share_pct": 60.0, "final_functional_class": "Mixed-use/Complex", "dominant_share_pct_formatted": "60.0%", "Retail_Food_Ratio_formatted": "0.0%", "Work": 1.0, "Food_Drink": 0.0, "Retail_Leisure": 0.0, "Education": 0.0, "Medical": 1.0, "Transportation": 0.0, "Other_POI": 3.0, "poi_sum": 5.0, "Retail_Food_Ratio": 0.0, "poi_names_list": "<details><summary>5 POIs (click to expand)</summary><ul><li>Tellcomm Group Ltd.</li><li>Hotel Novotel London Canary Wharf</li><li>Hunter &amp; Bloomfield</li><li>Bupa Wellness</li><li>Blackwolph Capital</li></ul></details>" }, "geometry": { "type": "Polygon", "coordinates": [ [ [ -0.0224706, 51.5016005 ], [ -0.0227797, 51.5016349 ], [ -0.022877, 51.5012968 ], [ -0.0227271, 51.5012772 ], [ -0.0225693, 51.5012595 ], [ -0.0225608, 51.5012867 ], [ -0.0224706, 51.5016005 ] ] ] } },
{ "type": "Feature", "properties": { "id": "926104a9-6e3c-4c0e-847e-4ce89ca1005e", "building_name": "Bagshaw Building (Wardian East)", "building_class": "residential", "building_subtype": "residential", "height": 0.0, "num_floors": 55, "new_functional_class": "Residential", "all_poi_names": "Martin Alison From Expenseondemand, Oil Equip Procurement Serve, Ubique Systems, Wardian London", "dominant_share_pct": 100.0, "final_functional_class": "Residential", "dominant_share_pct_formatted": "100.0%", "Retail_Food_Ratio_formatted": "0.0%", "Work": 0.0, "Food_Drink": 0.0, "Retail_Leisure": 0.0, "Education": 0.0, "Medical": 0.0, "Transportation": 0.0, "Other_POI": 4.0, "poi_sum": 4.0, "Retail_Food_Ratio": 0.0, "poi_names_list": "<details><summary>4 POIs (click to expand)</summary><ul><li>Martin Alison From Expenseondemand</li><li>Oil Equip Procurement Serve</li><li>Ubique Systems</li><li>Wardian London</li></ul></details>" }, "geometry": { "type": "Polygon", "coordinates": [ [ [ -0.0220043, 51.5018516 ], [ -0.0222773, 51.5018819 ], [ -0.0223716, 51.5015535 ], [ -0.0220984, 51.5015232 ], [ -0.0220043, 51.5018516 ] ] ] } },
{ "type": "Feature", "properties": { "id": "92f330f1-607d-4342-9d2d-d7fd4b0e02c3", "building_name": "Cochrane House", "building_class": "commercial", "building_subtype": "commercial", "height": 0.0, "num_floors": 4, "new_functional_class": "Commercial", "all_poi_names": "Ultrasound Direct, Ultrasound Plus Docklands, East London l Private Ultrasound Scans, The Education And Training Academy, Semi Permanent Makeup by El Truchan Canary Wharf, Highways International, Future Formations Ltd., Alter and Cope, MBE Interiors, Nails Murr Luxe - Manicure Salon in Canary Wharf, DRE Composite, Flitzen Technologies UK Ltd., Meer & Co. Chartered Accountants - Audit, Tax, Bookkeeping", "dominant_share_pct": 41.666666666666671, "final_functional_class": "Office/HQ", "dominant_share_pct_formatted": "41.7%", "Retail_Food_Ratio_formatted": "8.3%", "Work": 5.0, "Food_Drink": 0.0, "Retail_Leisure": 1.0, "Education": 1.0, "Medical": 1.0, "Transportation": 0.0, "Other_POI": 4.0, "poi_sum": 12.0, "Retail_Food_Ratio": 8.3333333333333321, "poi_names_list": "<details><summary>12 POIs (click to expand)</summary><ul><li>Ultrasound Direct</li><li>Ultrasound Plus Docklands, East London l Private Ultrasound Scans</li><li>The Education And Training Academy</li><li>Semi Permanent Makeup by El Truchan Canary Wharf</li><li>Highways International</li><li>Future Formations Ltd.</li><li>Alter and Cope</li><li>MBE Interiors</li><li>Nails Murr Luxe - Manicure Salon in Canary Wharf</li><li>DRE Composite</li><li>Flitzen Technologies UK Ltd.</li><li>Meer &amp; Co. Chartered Accountants - Audit, Tax, Bookkeeping</li></ul></details>" }, "geometry": { "type": "Polygon", "coordinates": [ [ [ -0.0210512, 51.501727 ], [ -0.0212667, 51.5017506 ], [ -0.0213072, 51.5016068 ], [ -0.0210917, 51.5015833 ], [ -0.0210854, 51.5016055 ], [ -0.0210512, 51.501727 ] ] ] } },
{ "type": "Feature", "properties": { "id": "44d295be-5b80-4ed8-a0b8-47c0ea7ae85a", "building_name": "Beatty House", "building_class": "commercial", "building_subtype": "commercial", "height": 0.0, "num_floors": 4, "new_functional_class": "Commercial", "all_poi_names": "Finess Clinic, Whitehead Monckton, OYO Rooms, Jkanshay Aesthetic", "dominant_share_pct": 100.0, "final_functional_class": "Other", "dominant_share_pct_formatted": "100.0%", "Retail_Food_Ratio_formatted": "0.0%", "Work": 0.0, "Food_Drink": 0.0, "Retail_Leisure": 0.0, "Education": 0.0, "Medical": 0.0, "Transportation": 0.0, "Other_POI": 4.0, "poi_sum": 4.0, "Retail_Food_Ratio": 0.0, "poi_names_list": "<details><summary>4 POIs (click to expand)</summary><ul><li>Finess Clinic</li><li>Whitehead Monckton</li><li>OYO Rooms</li><li>Jkanshay Aesthetic</li></ul></details>" }, "geometry": { "type": "Polygon", "coordinates": [ [ [ -0.0208693, 51.5017072 ], [ -0.0210512, 51.501727 ], [ -0.0210854, 51.5016055 ], [ -0.0210324, 51.5015998 ], [ -0.0210394, 51.5015747 ], [ -0.0209871, 51.501569 ], [ -0.020981, 51.5015911 ], [ -0.0209039, 51.5015828 ], [ -0.0208693, 51.5017072 ] ] ] } },
{ "type": "Feature", "properties": { "id": "6a94bb3d-8baf-4a05-948a-4f08fe6b4592", "building_name": "Parker House", "building_class": "commercial", "building_subtype": "commercial", "height": 0.0, "num_floors": 3, "new_functional_class": "Commercial", "all_poi_names": "Harris and Wilde, Waterside Physio, Fisks London - Estate Agents Canary Wharf Office, Exceptional Health", "dominant_share_pct": 50.0, "final_functional_class": "Mixed-use/Complex", "dominant_share_pct_formatted": "50.0%", "Retail_Food_Ratio_formatted": "0.0%", "Work": 1.0, "Food_Drink": 0.0, "Retail_Leisure": 0.0, "Education": 0.0, "Medical": 2.0, "Transportation": 0.0, "Other_POI": 1.0, "poi_sum": 4.0, "Retail_Food_Ratio": 0.0, "poi_names_list": "<details><summary>4 POIs (click to expand)</summary><ul><li>Harris and Wilde</li><li>Waterside Physio</li><li>Fisks London - Estate Agents Canary Wharf Office</li><li>Exceptional Health</li></ul></details>" }, "geometry": { "type": "Polygon", "coordinates": [ [ [ -0.0205005, 51.5016448 ], [ -0.0206798, 51.5016645 ], [ -0.0207083, 51.5015625 ], [ -0.0207192, 51.5015263 ], [ -0.0205404, 51.5015062 ], [ -0.0205174, 51.5015851 ], [ -0.0205005, 51.5016448 ] ] ] } },
{ "type": "Feature", "properties": { "id": "817735f9-1eb0-4207-abe7-89dfd839e6a0", "building_name": "Scott House", "building_class": "commercial", "building_subtype": "commercial", "height": 0.0, "num_floors": 4, "new_functional_class": "Commercial", "all_poi_names": "Savvy Media Recruitment, Aesthetics by KK, Deep Aesthetics, ABC Vehicle Consultants, Massajiva, Beautyfini", "dominant_share_pct": 66.666666666666657, "final_functional_class": "Other", "dominant_share_pct_formatted": "66.7%", "Retail_Food_Ratio_formatted": "16.7%", "Work": 1.0, "Food_Drink": 0.0, "Retail_Leisure": 1.0, "Education": 0.0, "Medical": 0.0, "Transportation": 0.0, "Other_POI": 4.0, "poi_sum": 6.0, "Retail_Food_Ratio": 16.666666666666664, "poi_names_list": "<details><summary>6 POIs (click to expand)</summary><ul><li>Savvy Media Recruitment</li><li>Aesthetics by KK</li><li>Deep Aesthetics</li><li>ABC Vehicle Consultants</li><li>Massajiva</li><li>Beautyfini</li></ul></details>" }, "geometry": { "type": "Polygon", "coordinates": [ [ [ -0.0206739, 51.5016854 ], [ -0.0208693, 51.5017072 ], [ -0.0209039, 51.5015828 ], [ -0.0208487, 51.5015775 ], [ -0.0208535, 51.5015605 ], [ -0.0208029, 51.501555 ], [ -0.020798, 51.5015722 ], [ -0.0207083, 51.5015625 ], [ -0.0206798, 51.5016645 ], [ -0.0206739, 51.5016854 ] ] ] } },
{ "type": "Feature", "properties": { "id": "6a54fe62-8e60-4f84-a8e0-c42bc7d1a4fb", "building_name": "Raleigh House", "building_class": "commercial", "building_subtype": "commercial", "height": 0.0, "num_floors": 3, "new_functional_class": "Commercial", "all_poi_names": "Café Samba, Mouth South Quay", "dominant_share_pct": 50.0, "final_functional_class": "Other", "dominant_share_pct_formatted": "50.0%", "Retail_Food_Ratio_formatted": "50.0%", "Work": 0.0, "Food_Drink": 1.0, "Retail_Leisure": 0.0, "Education": 0.0, "Medical": 1.0, "Transportation": 0.0, "Other_POI": 0.0, "poi_sum": 2.0, "Retail_Food_Ratio": 50.0, "poi_names_list": "<details><summary>2 POIs (click to expand)</summary><ul><li>Café Samba</li><li>Mouth South Quay</li></ul></details>" }, "geometry": { "type": "Polygon", "coordinates": [ [ [ -0.0199412, 51.5015437 ], [ -0.0201321, 51.5015651 ], [ -0.0201744, 51.5014269 ], [ -0.0201108, 51.5014182 ], [ -0.0201161, 51.5014009 ], [ -0.0200619, 51.5013945 ], [ -0.0200566, 51.5014121 ], [ -0.019984, 51.5014035 ], [ -0.0199597, 51.5014831 ], [ -0.0199412, 51.5015437 ] ] ] } },
{ "type": "Feature", "properties": { "id": "3b9aad91-d3b2-4f3d-bac6-fc4a664ba1d1", "building_name": "Blake House", "building_class": "commercial", "building_subtype": "commercial", "height": 0.0, "num_floors": 3, "new_functional_class": "Commercial", "all_poi_names": "myChiro Clinic, Bareham & Co Chartered Accountants, Elite Discovery Dock West, Oven Cleaning Canary Wharf Ltd.", "dominant_share_pct": 75.0, "final_functional_class": "Other", "dominant_share_pct_formatted": "75.0%", "Retail_Food_Ratio_formatted": "0.0%", "Work": 0.0, "Food_Drink": 0.0, "Retail_Leisure": 0.0, "Education": 0.0, "Medical": 1.0, "Transportation": 0.0, "Other_POI": 3.0, "poi_sum": 4.0, "Retail_Food_Ratio": 0.0, "poi_names_list": "<details><summary>4 POIs (click to expand)</summary><ul><li>myChiro Clinic</li><li>Bareham &amp; Co Chartered Accountants</li><li>Elite Discovery Dock West</li><li>Oven Cleaning Canary Wharf Ltd.</li></ul></details>" }, "geometry": { "type": "Polygon", "coordinates": [ [ [ -0.0201321, 51.5015651 ], [ -0.0203129, 51.5015866 ], [ -0.0203181, 51.5015696 ], [ -0.020352, 51.5014622 ], [ -0.0203565, 51.5014475 ], [ -0.0202903, 51.5014397 ], [ -0.0202957, 51.5014222 ], [ -0.02024, 51.5014156 ], [ -0.0202344, 51.501434 ], [ -0.0201744, 51.5014269 ], [ -0.0201321, 51.5015651 ] ] ] } },
{ "type": "Feature", "properties": { "id": "84ff6c3e-94b4-4ab6-a5d1-f868957744e2", "building_name": "Laybourne House", "building_class": "commercial", "building_subtype": "commercial", "height": 0.0, "num_floors": 3, "new_functional_class": "Commercial", "all_poi_names": "Citywharf 英城地產, Docklands Media, Henry Wiltshire London", "dominant_share_pct": 66.666666666666657, "final_functional_class": "Other", "dominant_share_pct_formatted": "66.7%", "Retail_Food_Ratio_formatted": "0.0%", "Work": 0.0, "Food_Drink": 0.0, "Retail_Leisure": 0.0, "Education": 1.0, "Medical": 0.0, "Transportation": 0.0, "Other_POI": 2.0, "poi_sum": 3.0, "Retail_Food_Ratio": 0.0, "poi_names_list": "<details><summary>3 POIs (click to expand)</summary><ul><li>Citywharf 英城地產</li><li>Docklands Media</li><li>Henry Wiltshire London</li></ul></details>" }, "geometry": { "type": "Polygon", "coordinates": [ [ [ -0.0204261, 51.5015889 ], [ -0.0204847, 51.5015962 ], [ -0.020489, 51.5015826 ], [ -0.0205222, 51.5014784 ], [ -0.0204665, 51.5014716 ], [ -0.0204726, 51.5014525 ], [ -0.0204158, 51.5014455 ], [ -0.0204082, 51.5014691 ], [ -0.020352, 51.5014622 ], [ -0.0203181, 51.5015696 ], [ -0.0203611, 51.501575 ], [ -0.0203654, 51.5015617 ], [ -0.0204321, 51.5015699 ], [ -0.0204261, 51.5015889 ] ] ] } },
{ "type": "Feature", "properties": { "id": "6a21ce30-b728-425b-bc6c-3b40072896d2", "building_name": "Ensign House", "building_class": "commercial", "building_subtype": "commercial", "height": 18.48149299621582, "num_floors": 6, "new_functional_class": "Commercial", "all_poi_names": "Touch Financial Support, Our Hub, Claim First, Varsity Education, Betterdeal Windows, Ark Project Partners, Visa Solutions, Platinum Associates Ltd., EduExpress UK, Eminent Accountants & Global Compliance, Controlled, VoIP Business, Established Solution, Britannia Process Servers Ltd., Filmfolk, London Chauffeur & Luxury Airport Transfers, Kleanify Ltd, Aspen Research, J & D Building & Maintenance, AIRPA, CertifyGlobal, Oasis Places, Hamblin Sullivan Associates, WMG Global, Winston Academy, Quick Property Group, Devxcraft, BDW Ltd, Pro Trade Fx, Blueprint Recruitment Group, Just Accountants, Last Call Healthcare, Eduexpress Ltd, The Generator Group, Cellular One, French Forest Floors, David Lynas Consulting, In-ex Landscapes, Ranson UK, Jeremy Lawrence, FRC Recruitment, D V L Smith Ltd., Xindy Travel, Landmark LLP - Chartered Surveyors, UK Advice Line, Flexy Office (UK) Ltd., Just Washroom Services Ltd., Glide3 Ltd., Counselling Canary Wharf, Emergency Personnel Workforce, Vincent Brown & Associates, Investor In Customers, Apt Investment, Good Impressions Ltd., Worldwide Couriers, Watts Lifestyle & Homes LLP, Bluewood Training, The Website Group, Charter Security, Rubbish Clearance Docklands Ltd., Landmark Heating Engineers London, Prime Centrum, HPS Interiors Ltd., Docklands Property Finder, Landmark Architecture, Xquisite Smoke, Steyer Moore, Assetcorp", "dominant_share_pct": 46.376811594202898, "final_functional_class": "Office/HQ", "dominant_share_pct_formatted": "46.4%", "Retail_Food_Ratio_formatted": "5.8%", "Work": 23.0, "Food_Drink": 0.0, "Retail_Leisure": 4.0, "Education": 7.0, "Medical": 1.0, "Transportation": 2.0, "Other_POI": 32.0, "poi_sum": 69.0, "Retail_Food_Ratio": 5.7971014492753623, "poi_names_list": "<details><summary>69 POIs (click to expand)</summary><ul><li>Touch Financial Support</li><li>Our Hub</li><li>Claim First</li><li>Varsity Education</li><li>Betterdeal Windows</li><li>Ark Project Partners</li><li>Visa Solutions</li><li>Platinum Associates Ltd.</li><li>EduExpress UK</li><li>Eminent Accountants &amp; Global Compliance</li><li>Controlled</li><li>VoIP Business</li><li>Established Solution</li><li>Britannia Process Servers Ltd.</li><li>Filmfolk</li><li>London Chauffeur &amp; Luxury Airport Transfers</li><li>Kleanify Ltd</li><li>Aspen Research</li><li>J &amp; D Building &amp; Maintenance</li><li>AIRPA</li><li>CertifyGlobal</li><li>Oasis Places</li><li>Hamblin Sullivan Associates</li><li>WMG Global</li><li>Winston Academy</li><li>Quick Property Group</li><li>Devxcraft</li><li>BDW Ltd</li><li>Pro Trade Fx</li><li>Blueprint Recruitment Group</li><li>Just Accountants</li><li>Last Call Healthcare</li><li>Eduexpress Ltd</li><li>The Generator Group</li><li>Cellular One</li><li>French Forest Floors</li><li>David Lynas Consulting</li><li>In-ex Landscapes</li><li>Ranson UK</li><li>Jeremy Lawrence</li><li>Betterdeal Windows</li><li>FRC Recruitment</li><li>D V L Smith Ltd.</li><li>Xindy Travel</li><li>Landmark LLP - Chartered Surveyors</li><li>UK Advice Line</li><li>Flexy Office (UK) Ltd.</li><li>Just Washroom Services Ltd.</li><li>Glide3 Ltd.</li><li>Counselling Canary Wharf</li><li>Emergency Personnel Workforce</li><li>Vincent Brown &amp; Associates</li><li>Investor In Customers</li><li>Apt Investment</li><li>Good Impressions Ltd.</li><li>Worldwide Couriers</li><li>Watts Lifestyle &amp; Homes LLP</li><li>Bluewood Training</li><li>The Website Group</li><li>Charter Security</li><li>Rubbish Clearance Docklands Ltd.</li><li>Landmark Heating Engineers London</li><li>Prime Centrum</li><li>HPS Interiors Ltd.</li><li>Docklands Property Finder</li><li>Landmark Architecture</li><li>Xquisite Smoke</li><li>Steyer Moore</li><li>Assetcorp</li></ul></details>" }, "geometry": { "type": "Polygon", "coordinates": [ [ [ -0.0209249, 51.5011 ], [ -0.0209197, 51.5011185 ], [ -0.0208849, 51.5011147 ], [ -0.0208014, 51.501413 ], [ -0.0208387, 51.501417 ], [ -0.020832, 51.5014409 ], [ -0.0209651, 51.5014554 ], [ -0.0209719, 51.5014309 ], [ -0.0210174, 51.5014359 ], [ -0.0210328, 51.501381 ], [ -0.0212764, 51.5014074 ], [ -0.0212823, 51.5013863 ], [ -0.0213225, 51.5013906 ], [ -0.0213464, 51.5013054 ], [ -0.0213145, 51.501302 ], [ -0.0213203, 51.5012812 ], [ -0.0210621, 51.5012532 ], [ -0.0210924, 51.5011449 ], [ -0.021054, 51.5011407 ], [ -0.0210612, 51.5011148 ], [ -0.0209249, 51.5011 ] ] ] } },
{ "type": "Feature", "properties": { "id": "5459df5b-8e56-460d-940b-f526063f95bc", "building_name": "Beaufort Court", "building_class": "commercial", "building_subtype": "commercial", "height": 25.32539176940918, "num_floors": 6, "new_functional_class": "Commercial", "all_poi_names": "OYO Flagship 30374 Discovery Dock New, Protem Apartments Ltd, Treethorpe Limited, Infinex Consulting Ltd, Global Panel Products, Inservo Ltd, A Star Career Coaching Uk Studiuj z Nami w Uk, EU & UK students admission support, Alex - Asesor Educativo, HBRD Investments, Shoppywhere, Minx Creative, E-Tech Marketing, LFO UK, Catch Me Cupid, Jack & Jenny, Miss British Isles, British Educational Suppliers Association (BESA), Servernation, Maveric Systems United Kingdom London, Henry Wiltshire International - Canary Wharf, Carrot Cars, Royal Bank of Scotland, Tmc Usa, Llc, North-South Publications, Coral, Astana Pro team Aeronautica Militare Shop, Glass Design and Build London, HTL Support, Edvice UK, E-Tech Accountancy, Fenix Funeral, MyLondonHome - Canary Wharf Estate Agents, Waterside Dental Practice, Optima Diagnostics, Benham & Reeves - Canary Wharf Estate Agents, Find My Man And Van, Mikrolink Telecommunication UK Ltd., Red Aware Digital Ltd., Beufort Court, My IT Career, Learn Big Business, Serviced Cloud, ReverCe Technologies Ltd, AVG Education, PJPH Consulting Limited, RBSCA, J.C. Michael groups ltd - Docklands(Head Office), BHE Uni, Collective Projects London, Nyota AI, Staple Inn Notaries, Digital Planet, Property Hub Services, The PA Club, Eyeballer, First Choice Accountancy, AbsolutMind Online Media, RBS Accountants Limited, Best4Business Accountants and Co Ltd, Bikram Yoga London, T8P Consulting, Print On Tyme Ltd, S5 Agency World, Southey Capital Ltd, Motorsport Tickets, Top ERP Software Companies, Safecipher, Bengal Quay, Hansen Sweeney, Mendoza Contract Cleaning, Humble Spy Photography, Fresh Strawberry Events, Sansons Chartered Accountants", "dominant_share_pct": 39.189189189189186, "final_functional_class": "Office/HQ", "dominant_share_pct_formatted": "39.2%", "Retail_Food_Ratio_formatted": "6.8%", "Work": 29.0, "Food_Drink": 1.0, "Retail_Leisure": 4.0, "Education": 7.0, "Medical": 2.0, "Transportation": 2.0, "Other_POI": 29.0, "poi_sum": 74.0, "Retail_Food_Ratio": 6.756756756756757, "poi_names_list": "<details><summary>74 POIs (click to expand)</summary><ul><li>OYO Flagship 30374 Discovery Dock New</li><li>Protem Apartments Ltd</li><li>Treethorpe Limited</li><li>Infinex Consulting Ltd</li><li>Global Panel Products</li><li>Inservo Ltd</li><li>A Star Career Coaching Uk Studiuj z Nami w Uk</li><li>EU &amp; UK students admission support</li><li>Alex - Asesor Educativo</li><li>HBRD Investments</li><li>Shoppywhere</li><li>Minx Creative</li><li>E-Tech Marketing</li><li>LFO UK</li><li>Catch Me Cupid</li><li>Jack &amp; Jenny</li><li>Miss British Isles</li><li>British Educational Suppliers Association (BESA)</li><li>Servernation</li><li>Maveric Systems United Kingdom London</li><li>Henry Wiltshire International - Canary Wharf</li><li>Carrot Cars</li><li>Royal Bank of Scotland</li><li>Tmc Usa, Llc</li><li>North-South Publications</li><li>Coral</li><li>Astana Pro team Aeronautica Militare Shop</li><li>Glass Design and Build London</li><li>HTL Support</li><li>Edvice UK</li><li>E-Tech Accountancy</li><li>Fenix Funeral</li><li>MyLondonHome - Canary Wharf Estate Agents</li><li>Waterside Dental Practice</li><li>Optima Diagnostics</li><li>Benham &amp; Reeves - Canary Wharf Estate Agents</li><li>Find My Man And Van</li><li>Mikrolink Telecommunication UK Ltd.</li><li>Red Aware Digital Ltd.</li><li>Beufort Court</li><li>My IT Career</li><li>Learn Big Business</li><li>Serviced Cloud</li><li>ReverCe Technologies Ltd</li><li>AVG Education</li><li>PJPH Consulting Limited</li><li>RBSCA</li><li>J.C. Michael groups ltd - Docklands(Head Office)</li><li>BHE Uni</li><li>Collective Projects London</li><li>Nyota AI</li><li>Staple Inn Notaries</li><li>Digital Planet</li><li>Property Hub Services</li><li>The PA Club</li><li>Eyeballer</li><li>First Choice Accountancy</li><li>AbsolutMind Online Media</li><li>RBS Accountants Limited</li><li>Best4Business Accountants and Co Ltd</li><li>Bikram Yoga London</li><li>T8P Consulting</li><li>Print On Tyme Ltd</li><li>S5 Agency World</li><li>Southey Capital Ltd</li><li>Motorsport Tickets</li><li>Top ERP Software Companies</li><li>Safecipher</li><li>Bengal Quay</li><li>Hansen Sweeney</li><li>Mendoza Contract Cleaning</li><li>Humble Spy Photography</li><li>Fresh Strawberry Events</li><li>Sansons Chartered Accountants</li></ul></details>" }, "geometry": { "type": "Polygon", "coordinates": [ [ [ -0.0199802, 51.501282 ], [ -0.0205811, 51.5013488 ], [ -0.0206749, 51.5010232 ], [ -0.020403, 51.5009877 ], [ -0.0204109, 51.5009665 ], [ -0.0201814, 51.5009247 ], [ -0.0201384, 51.5009013 ], [ -0.0200857, 51.5009235 ], [ -0.0200745, 51.5009502 ], [ -0.0199802, 51.501282 ] ] ] } },
{ "type": "Feature", "properties": { "id": "fe48f30d-5eb3-4ece-94f6-be71071b58ca", "building_name": "Discovery Dock Apartments East", "building_class": "apartments", "building_subtype": "residential", "height": 0.0, "num_floors": 26, "new_functional_class": "Residential", "all_poi_names": "NY-LON Corporate Apartments, House of MoLi - South Quay Apartments, KidWise Isle of Dogs’ BEST After School and Summer Camp, OYO Home Canary Wharf Apartments, Discovery Dock East, Goodman Steakhouse", "dominant_share_pct": 66.666666666666657, "final_functional_class": "Residential", "dominant_share_pct_formatted": "66.7%", "Retail_Food_Ratio_formatted": "16.7%", "Work": 0.0, "Food_Drink": 1.0, "Retail_Leisure": 0.0, "Education": 1.0, "Medical": 0.0, "Transportation": 0.0, "Other_POI": 4.0, "poi_sum": 6.0, "Retail_Food_Ratio": 16.666666666666664, "poi_names_list": "<details><summary>6 POIs (click to expand)</summary><ul><li>NY-LON Corporate Apartments</li><li>House of MoLi - South Quay Apartments</li><li>KidWise Isle of Dogs’ BEST After School and Summer Camp</li><li>OYO Home Canary Wharf Apartments</li><li>Discovery Dock East</li><li>Goodman Steakhouse</li></ul></details>" }, "geometry": { "type": "Polygon", "coordinates": [ [ [ -0.0182406, 51.5012218 ], [ -0.0183279, 51.5009442 ], [ -0.0181079, 51.5009174 ], [ -0.0180628, 51.5009119 ], [ -0.0179834, 51.5011645 ], [ -0.0179755, 51.5011895 ], [ -0.0179262, 51.5013522 ], [ -0.0181908, 51.5013827 ], [ -0.0186404, 51.5014374 ], [ -0.0186919, 51.5012748 ], [ -0.0182406, 51.5012218 ] ] ] } },
{ "type": "Feature", "properties": { "id": "9846b4f7-d4b8-4038-bf9c-d513e4428466", "building_name": "Discovery Dock Apartments West", "building_class": "apartments", "building_subtype": "residential", "height": 0.0, "num_floors": 14, "new_functional_class": "Residential", "all_poi_names": "Executive Lounge At Canary Wharf Hilton, Hazev Restaurant", "dominant_share_pct": 100.0, "final_functional_class": "Residential", "dominant_share_pct_formatted": "100.0%", "Retail_Food_Ratio_formatted": "100.0%", "Work": 0.0, "Food_Drink": 2.0, "Retail_Leisure": 0.0, "Education": 0.0, "Medical": 0.0, "Transportation": 0.0, "Other_POI": 0.0, "poi_sum": 2.0, "Retail_Food_Ratio": 100.0, "poi_names_list": "<details><summary>2 POIs (click to expand)</summary><ul><li>Executive Lounge At Canary Wharf Hilton</li><li>Hazev Restaurant</li></ul></details>" }, "geometry": { "type": "Polygon", "coordinates": [ [ [ -0.0191533, 51.501343 ], [ -0.0188885, 51.5013112 ], [ -0.0188816, 51.5013336 ], [ -0.0188362, 51.5014753 ], [ -0.0188305, 51.5014939 ], [ -0.0197128, 51.5015954 ], [ -0.0197791, 51.5013662 ], [ -0.019743, 51.501362 ], [ -0.0195151, 51.5013344 ], [ -0.0194996, 51.5013852 ], [ -0.0191533, 51.501343 ] ] ] } },
{ "type": "Feature", "properties": { "id": "4351a567-abe7-45d4-8f35-23dca45e2067", "building_name": "Sierra Quebec Bravo", "building_class": "commercial", "building_subtype": "commercial", "height": 27.608274459838867, "num_floors": 18, "new_functional_class": "Commercial", "all_poi_names": "Nails Murr Luxe - Manicure Salon in Canary Wharf, Belvedere Wealth Management, Dragonfire Marketing, Chameleon International Search, Corporate Research & Investigations Limited, GoldCap, Telappliant, TAINA Technology, Huttons & Partners, AA Aesthetics, CaskCap, Retail Technology, Her Fine Art, Anti-Bribery Anti-Corruption (ABAC ) Center of Excellence, Beneco Financial Services, S Beauty Nail&Lash, Getshop Today, EveryCatch, Global Migrate, ISS Front of House, CBR Clinics Canary Wharf, Bailey & Fox, E-Klaz Profit Ltd., London Cask Co, Digital Market Xchange, Cinnamon Restaurant and Bar at Hilton Canary Wharf, Anderson Gartner Consultants, DirectNews, Nina & Dean Coffee, Universal Partners FX, Lovetts Solicitors, Hamlet Laundry Ltd., Orega Serviced Offices - Canary Wharf, Guildways, ISS Facility Services, Iss South Quay, Tectonics Architecture & Build, CareerBuilder UK, Future Renewables Eco, MCL UK, iFAST Global Bank Limited, Unicol GEC, Studio X, VPLab Nutrition, Molton Wealth, Everything Visual Ltd, M-Spa", "dominant_share_pct": 51.063829787234042, "final_functional_class": "Office/HQ", "dominant_share_pct_formatted": "51.1%", "Retail_Food_Ratio_formatted": "10.6%", "Work": 24.0, "Food_Drink": 3.0, "Retail_Leisure": 2.0, "Education": 2.0, "Medical": 1.0, "Transportation": 0.0, "Other_POI": 15.0, "poi_sum": 47.0, "Retail_Food_Ratio": 10.638297872340425, "poi_names_list": "<details><summary>47 POIs (click to expand)</summary><ul><li>Nails Murr Luxe - Manicure Salon in Canary Wharf</li><li>Belvedere Wealth Management</li><li>Dragonfire Marketing</li><li>Chameleon International Search</li><li>Corporate Research &amp; Investigations Limited</li><li>GoldCap</li><li>Telappliant</li><li>TAINA Technology</li><li>Huttons &amp; Partners</li><li>AA Aesthetics</li><li>CaskCap</li><li>Retail Technology</li><li>Her Fine Art</li><li>Anti-Bribery Anti-Corruption (ABAC ) Center of Excellence</li><li>Beneco Financial Services</li><li>S Beauty Nail&amp;Lash</li><li>Getshop Today</li><li>EveryCatch</li><li>Global Migrate</li><li>ISS Front of House</li><li>CBR Clinics Canary Wharf</li><li>Bailey &amp; Fox</li><li>E-Klaz Profit Ltd.</li><li>London Cask Co</li><li>Digital Market Xchange</li><li>Cinnamon Restaurant and Bar at Hilton Canary Wharf</li><li>Anderson Gartner Consultants</li><li>DirectNews</li><li>Nina &amp; Dean Coffee</li><li>Universal Partners FX</li><li>Lovetts Solicitors</li><li>Hamlet Laundry Ltd.</li><li>Orega Serviced Offices - Canary Wharf</li><li>Guildways</li><li>ISS Facility Services</li><li>Iss South Quay</li><li>Tectonics Architecture &amp; Build</li><li>CareerBuilder UK</li><li>Future Renewables Eco</li><li>MCL UK</li><li>iFAST Global Bank Limited</li><li>Unicol GEC</li><li>Studio X</li><li>VPLab Nutrition</li><li>Molton Wealth</li><li>Everything Visual Ltd</li><li>M-Spa</li></ul></details>" }, "geometry": { "type": "Polygon", "coordinates": [ [ [ -0.0164555, 51.5004285 ], [ -0.0162884, 51.5009894 ], [ -0.0163445, 51.500996 ], [ -0.0167567, 51.5010445 ], [ -0.0168211, 51.5008215 ], [ -0.0167301, 51.500811 ], [ -0.016758, 51.5007173 ], [ -0.0167858, 51.5006236 ], [ -0.0168788, 51.5006343 ], [ -0.0168934, 51.5005854 ], [ -0.0169443, 51.5004151 ], [ -0.016563, 51.5003727 ], [ -0.0165434, 51.5004386 ], [ -0.0164555, 51.5004285 ] ] ] } },
{ "type": "Feature", "properties": { "id": "e18d7e8a-1633-4c46-abd3-bcdb5e9aab29", "building_name": "Hampton Tower", "building_class": "apartments", "building_subtype": "residential", "height": 13.892813682556152, "num_floors": 68, "new_functional_class": "Residential", "all_poi_names": "BFC Bank, Zia Lucia - Canary Wharf, Feltons Florists, South Quay Plaza by Berkeley", "dominant_share_pct": 50.0, "final_functional_class": "Office/HQ", "dominant_share_pct_formatted": "50.0%", "Retail_Food_Ratio_formatted": "25.0%", "Work": 1.0, "Food_Drink": 1.0, "Retail_Leisure": 0.0, "Education": 0.0, "Medical": 0.0, "Transportation": 0.0, "Other_POI": 2.0, "poi_sum": 4.0, "Retail_Food_Ratio": 25.0, "poi_names_list": "<details><summary>4 POIs (click to expand)</summary><ul><li>BFC Bank</li><li>Zia Lucia - Canary Wharf</li><li>Feltons Florists</li><li>South Quay Plaza by Berkeley</li></ul></details>" }, "geometry": { "type": "Polygon", "coordinates": [ [ [ -0.0169888, 51.5010632 ], [ -0.0172025, 51.501276 ], [ -0.0174945, 51.5011623 ], [ -0.0173827, 51.501051 ], [ -0.0175603, 51.5009818 ], [ -0.0173521, 51.5007744 ], [ -0.0171802, 51.5008413 ], [ -0.0170494, 51.5008922 ], [ -0.0171559, 51.5009982 ], [ -0.0169888, 51.5010632 ] ] ] } },
{ "type": "Feature", "properties": { "id": "82e2b683-2572-422c-8b59-e8824b5042fe", "building_name": "Hilton London Canary Wharf", "building_class": "hotel", "building_subtype": "commercial", "height": 0.0, "num_floors": 16, "new_functional_class": "Commercial", "all_poi_names": "Cleaners Canary Wharf, World Trade Centre (London), TwoRuba Canary Wharf, Cleaning Zoo Ltd., Cleaning Express, All Star Design, Acumin Recruitment Consultants, Touch Financial, European Engineers Ltd., Expense On Demand Ltd., Virtual Office Canary Wharf - Virtual HQ, OWDT, MS Impact Group Ltd., Anderson Ross Professional Services Ltd., 7L International, Directline Holidays, Htl Support Ltd., MKL Motors, Platform 365, Swiss Investment Corporation Ltd., Verified (Trusted), Cinnamon Restaurant And Bar, Hilton London Canary Wharf", "dominant_share_pct": 43.478260869565219, "final_functional_class": "Office/HQ", "dominant_share_pct_formatted": "43.5%", "Retail_Food_Ratio_formatted": "13.0%", "Work": 10.0, "Food_Drink": 2.0, "Retail_Leisure": 1.0, "Education": 0.0, "Medical": 0.0, "Transportation": 2.0, "Other_POI": 8.0, "poi_sum": 23.0, "Retail_Food_Ratio": 13.043478260869565, "poi_names_list": "<details><summary>23 POIs (click to expand)</summary><ul><li>Cleaners Canary Wharf</li><li>World Trade Centre (London)</li><li>TwoRuba Canary Wharf</li><li>Cleaning Zoo Ltd.</li><li>Cleaning Express</li><li>All Star Design</li><li>Acumin Recruitment Consultants</li><li>Touch Financial</li><li>European Engineers Ltd.</li><li>Expense On Demand Ltd.</li><li>Virtual Office Canary Wharf - Virtual HQ</li><li>OWDT</li><li>MS Impact Group Ltd.</li><li>Anderson Ross Professional Services Ltd.</li><li>7L International</li><li>Directline Holidays</li><li>Htl Support Ltd.</li><li>MKL Motors</li><li>Platform 365</li><li>Swiss Investment Corporation Ltd.</li><li>Verified (Trusted)</li><li>Cinnamon Restaurant And Bar</li><li>Hilton London Canary Wharf</li></ul></details>" }, "geometry": { "type": "Polygon", "coordinates": [ [ [ -0.0198258, 51.5008195 ], [ -0.019067, 51.5007477 ], [ -0.0190228, 51.5009103 ], [ -0.0190167, 51.5009299 ], [ -0.0192716, 51.5009604 ], [ -0.0193418, 51.5009687 ], [ -0.0193115, 51.5010633 ], [ -0.0194662, 51.5010829 ], [ -0.019404, 51.5012804 ], [ -0.0195271, 51.5012961 ], [ -0.0195151, 51.5013344 ], [ -0.019743, 51.501362 ], [ -0.0197608, 51.5013021 ], [ -0.0198843, 51.5008857 ], [ -0.0198258, 51.5008195 ] ] ] } },
{ "type": "Feature", "properties": { "id": "0f1d8bfa-654a-40b3-a4a1-624eec65d071", "building_name": "Harcourt Tower", "building_class": "apartments", "building_subtype": "residential", "height": 0.0, "num_floors": 64, "new_functional_class": "Residential", "all_poi_names": "SBH London, South Quay Square", "dominant_share_pct": 50.0, "final_functional_class": "Office/HQ", "dominant_share_pct_formatted": "50.0%", "Retail_Food_Ratio_formatted": "50.0%", "Work": 0.0, "Food_Drink": 0.0, "Retail_Leisure": 1.0, "Education": 0.0, "Medical": 0.0, "Transportation": 1.0, "Other_POI": 0.0, "poi_sum": 2.0, "Retail_Food_Ratio": 50.0, "poi_names_list": "<details><summary>2 POIs (click to expand)</summary><ul><li>SBH London</li><li>South Quay Square</li></ul></details>" }, "geometry": { "type": "Polygon", "coordinates": [ [ [ -0.0185395, 51.5009663 ], [ -0.0187817, 51.5009963 ], [ -0.0188257, 51.5008585 ], [ -0.018875, 51.5007045 ], [ -0.0184056, 51.5006464 ], [ -0.018354, 51.500808 ], [ -0.0185811, 51.5008361 ], [ -0.0185395, 51.5009663 ] ] ] } },
{ "type": "Feature", "properties": { "id": "2ad97304-731f-43bf-bca8-d35c73632f78", "building_name": "0", "building_class": "transportation", "building_subtype": "transportation", "height": 0.0, "num_floors": 3, "new_functional_class": "Transportation", "all_poi_names": "No POIs recorded", "dominant_share_pct": 0.0, "final_functional_class": "Other", "dominant_share_pct_formatted": "0.0%", "Retail_Food_Ratio_formatted": "0.0%", "Work": 0.0, "Food_Drink": 0.0, "Retail_Leisure": 0.0, "Education": 0.0, "Medical": 0.0, "Transportation": 0.0, "Other_POI": 0.0, "poi_sum": 0.0, "Retail_Food_Ratio": 0.0, "poi_names_list": "0" }, "geometry": { "type": "Polygon", "coordinates": [ [ [ -0.0170142, 51.5001702 ], [ -0.0169821, 51.5001669 ], [ -0.0169742, 51.5001963 ], [ -0.0170062, 51.5001996 ], [ -0.0170142, 51.5001702 ] ] ] } },
{ "type": "Feature", "properties": { "id": "707e116d-f63b-4ba2-afc4-af13a902dd33", "building_name": "South Quay Plaza", "building_class": "commercial", "building_subtype": "commercial", "height": 14.51863956451416, "num_floors": 2, "new_functional_class": "Commercial", "all_poi_names": "Wutian Martial Art, Neuro Leadership Consulting, Nuffield Health Assessment, Kekoa Coaching, Berkeley Group, Epiq, KPMG, Design Portfolio, MarshWall Leasing, Baguette Express South Quay, The Waterfront, Costa Express, Tesco Express, South Quay Plaza, The Nail Spa, Lemongrass Kitchen, Pret A Manger, Nuffield Health Wharf Medical Centre, Subway Unit 3b South Quay Plaza, Tiny Tigers, Subway", "dominant_share_pct": 33.333333333333329, "final_functional_class": "Office/HQ", "dominant_share_pct_formatted": "33.3%", "Retail_Food_Ratio_formatted": "42.9%", "Work": 3.0, "Food_Drink": 5.0, "Retail_Leisure": 4.0, "Education": 0.0, "Medical": 2.0, "Transportation": 0.0, "Other_POI": 7.0, "poi_sum": 21.0, "Retail_Food_Ratio": 42.857142857142854, "poi_names_list": "<details><summary>21 POIs (click to expand)</summary><ul><li>Wutian Martial Art</li><li>Neuro Leadership Consulting</li><li>Nuffield Health Assessment</li><li>Kekoa Coaching</li><li>Berkeley Group</li><li>Epiq</li><li>KPMG</li><li>Design Portfolio</li><li>MarshWall Leasing</li><li>Baguette Express South Quay</li><li>The Waterfront</li><li>Costa Express</li><li>Tesco Express</li><li>South Quay Plaza</li><li>The Nail Spa</li><li>Lemongrass Kitchen</li><li>Pret A Manger</li><li>Nuffield Health Wharf Medical Centre</li><li>Subway Unit 3b South Quay Plaza</li><li>Tiny Tigers</li><li>Subway</li></ul></details>" }, "geometry": { "type": "Polygon", "coordinates": [ [ [ -0.017488, 51.5006981 ], [ -0.0176972, 51.5007214 ], [ -0.0177436, 51.5005645 ], [ -0.0177872, 51.500417 ], [ -0.0176125, 51.500401 ], [ -0.0175119, 51.5004288 ], [ -0.017461, 51.500423 ], [ -0.0174019, 51.5004162 ], [ -0.0173124, 51.500363 ], [ -0.017127, 51.5003395 ], [ -0.017097, 51.5004311 ], [ -0.0170307, 51.5006488 ], [ -0.0172466, 51.5006714 ], [ -0.0173244, 51.5006547 ], [ -0.017383, 51.5006617 ], [ -0.0174209, 51.5006663 ], [ -0.017488, 51.5006981 ] ] ] } },
{ "type": "Feature", "properties": { "id": "f1cf3964-f464-4c80-b924-233252fc4d44", "building_name": "0", "building_class": "roof", "building_subtype": "outbuilding", "height": 0.0, "num_floors": 3, "new_functional_class": "Infrastructure", "all_poi_names": "Aston's Champagne & Wine Bar", "dominant_share_pct": 100.0, "final_functional_class": "Infrastructure", "dominant_share_pct_formatted": "100.0%", "Retail_Food_Ratio_formatted": "0.0%", "Work": 1.0, "Food_Drink": 0.0, "Retail_Leisure": 0.0, "Education": 0.0, "Medical": 0.0, "Transportation": 0.0, "Other_POI": 0.0, "poi_sum": 1.0, "Retail_Food_Ratio": 0.0, "poi_names_list": "<details><summary>1 POIs (click to expand)</summary><ul><li>Aston&#x27;s Champagne &amp; Wine Bar</li></ul></details>" }, "geometry": { "type": "Polygon", "coordinates": [ [ [ -0.0156788, 51.5000062 ], [ -0.0156661, 51.50005 ], [ -0.0169742, 51.5001963 ], [ -0.0169821, 51.5001669 ], [ -0.0169864, 51.5001524 ], [ -0.0169889, 51.5001436 ], [ -0.0156813, 51.4999974 ], [ -0.0156788, 51.5000062 ] ] ] } },
{ "type": "Feature", "properties": { "id": "d2cd24ff-bd9c-43c7-a79e-ca982d114f33", "building_name": "0", "building_class": "office", "building_subtype": "commercial", "height": 0.0, "num_floors": 0, "new_functional_class": "Office", "all_poi_names": "Sac motors, JOHNS&CO", "dominant_share_pct": 50.0, "final_functional_class": "Other", "dominant_share_pct_formatted": "50.0%", "Retail_Food_Ratio_formatted": "50.0%", "Work": 1.0, "Food_Drink": 0.0, "Retail_Leisure": 1.0, "Education": 0.0, "Medical": 0.0, "Transportation": 0.0, "Other_POI": 0.0, "poi_sum": 2.0, "Retail_Food_Ratio": 50.0, "poi_names_list": "<details><summary>2 POIs (click to expand)</summary><ul><li>Sac motors</li><li>JOHNS&amp;CO</li></ul></details>" }, "geometry": { "type": "Polygon", "coordinates": [ [ [ -0.0151389, 51.5002667 ], [ -0.0153518, 51.5002897 ], [ -0.0153709, 51.5002182 ], [ -0.0151046, 51.5001906 ], [ -0.0150855, 51.5002622 ], [ -0.0151389, 51.5002667 ] ] ] } },
{ "type": "Feature", "properties": { "id": "066e84a9-e4b8-4b34-a6e1-ceb745f52b50", "building_name": "Financial Ombudsman Service", "building_class": "commercial", "building_subtype": "commercial", "height": 0.0, "num_floors": 0, "new_functional_class": "Commercial", "all_poi_names": "No POIs recorded", "dominant_share_pct": 0.0, "final_functional_class": "Other", "dominant_share_pct_formatted": "0.0%", "Retail_Food_Ratio_formatted": "0.0%", "Work": 0.0, "Food_Drink": 0.0, "Retail_Leisure": 0.0, "Education": 0.0, "Medical": 0.0, "Transportation": 0.0, "Other_POI": 0.0, "poi_sum": 0.0, "Retail_Food_Ratio": 0.0, "poi_names_list": "0" }, "geometry": { "type": "Polygon", "coordinates": [ [ [ -0.0152823, 51.5006389 ], [ -0.0153218, 51.5006426 ], [ -0.0154182, 51.5002969 ], [ -0.0153518, 51.5002897 ], [ -0.0151389, 51.5002667 ], [ -0.0150429, 51.5006128 ], [ -0.0152823, 51.5006389 ] ] ] } },
{ "type": "Feature", "properties": { "id": "a749164c-6bb2-4910-95cf-f0c176d30b40", "building_name": "0", "building_class": "commercial", "building_subtype": "commercial", "height": 0.0, "num_floors": 0, "new_functional_class": "Commercial", "all_poi_names": "Le Sorelle, EThames Graduate School, Canary Wharf South Dock", "dominant_share_pct": 33.333333333333329, "final_functional_class": "Other", "dominant_share_pct_formatted": "33.3%", "Retail_Food_Ratio_formatted": "33.3%", "Work": 0.0, "Food_Drink": 1.0, "Retail_Leisure": 0.0, "Education": 1.0, "Medical": 0.0, "Transportation": 0.0, "Other_POI": 1.0, "poi_sum": 3.0, "Retail_Food_Ratio": 33.333333333333329, "poi_names_list": "<details><summary>3 POIs (click to expand)</summary><ul><li>Le Sorelle</li><li>EThames Graduate School</li><li>Canary Wharf South Dock</li></ul></details>" }, "geometry": { "type": "Polygon", "coordinates": [ [ [ -0.0153518, 51.5002897 ], [ -0.0153709, 51.5002182 ], [ -0.0151046, 51.5001906 ], [ -0.0150855, 51.5002622 ], [ -0.0151389, 51.5002667 ], [ -0.0150429, 51.5006128 ], [ -0.0150324, 51.5006502 ], [ -0.0149248, 51.5010321 ], [ -0.015534, 51.5010984 ], [ -0.015758, 51.5003321 ], [ -0.0154182, 51.5002969 ], [ -0.0153518, 51.5002897 ] ] ] } },
{ "type": "Feature", "properties": { "id": "87aa1cc7-3df5-4432-b02b-c76d52410fcd", "building_name": "0", "building_class": "commercial", "building_subtype": "commercial", "height": 0.0, "num_floors": 0, "new_functional_class": "Commercial", "all_poi_names": "Blossom Babies Tower Hamlets, CCT Venues-Docklands", "dominant_share_pct": 50.0, "final_functional_class": "Other", "dominant_share_pct_formatted": "50.0%", "Retail_Food_Ratio_formatted": "50.0%", "Work": 0.0, "Food_Drink": 0.0, "Retail_Leisure": 1.0, "Education": 0.0, "Medical": 0.0, "Transportation": 0.0, "Other_POI": 1.0, "poi_sum": 2.0, "Retail_Food_Ratio": 50.0, "poi_names_list": "<details><summary>2 POIs (click to expand)</summary><ul><li>Blossom Babies Tower Hamlets</li><li>CCT Venues-Docklands</li></ul></details>" }, "geometry": { "type": "Polygon", "coordinates": [ [ [ -0.0149248, 51.5010321 ], [ -0.0150324, 51.5006502 ], [ -0.0149663, 51.500643 ], [ -0.0144808, 51.5005901 ], [ -0.0144889, 51.500568 ], [ -0.0144234, 51.5005597 ], [ -0.0143055, 51.5009643 ], [ -0.0149248, 51.5010321 ] ] ] } },
{ "type": "Feature", "properties": { "id": "c8038eb1-d4d7-41e4-9361-b3a709741761", "building_name": "0", "building_class": "office", "building_subtype": "commercial", "height": 0.0, "num_floors": 0, "new_functional_class": "Office", "all_poi_names": "No POIs recorded", "dominant_share_pct": 0.0, "final_functional_class": "Other", "dominant_share_pct_formatted": "0.0%", "Retail_Food_Ratio_formatted": "0.0%", "Work": 0.0, "Food_Drink": 0.0, "Retail_Leisure": 0.0, "Education": 0.0, "Medical": 0.0, "Transportation": 0.0, "Other_POI": 0.0, "poi_sum": 0.0, "Retail_Food_Ratio": 0.0, "poi_names_list": "0" }, "geometry": { "type": "Polygon", "coordinates": [ [ [ -0.0150913, 51.500695 ], [ -0.0152612, 51.5007135 ], [ -0.0152823, 51.5006389 ], [ -0.0150429, 51.5006128 ], [ -0.0150324, 51.5006502 ], [ -0.0149663, 51.500643 ], [ -0.014934, 51.5007577 ], [ -0.0150694, 51.5007725 ], [ -0.0150913, 51.500695 ] ] ] } },
{ "type": "Feature", "properties": { "id": "7e8a5eeb-bb34-40c6-bdda-34988c97426e", "building_name": "0", "building_class": "office", "building_subtype": "commercial", "height": 0.0, "num_floors": 7, "new_functional_class": "Office", "all_poi_names": "CCT Venues Plus-South Quay, CWP Management, Cct Venues-Canary Wharf, Broadridge Financial Solutions", "dominant_share_pct": 50.0, "final_functional_class": "Other", "dominant_share_pct_formatted": "50.0%", "Retail_Food_Ratio_formatted": "0.0%", "Work": 1.0, "Food_Drink": 0.0, "Retail_Leisure": 0.0, "Education": 1.0, "Medical": 0.0, "Transportation": 0.0, "Other_POI": 2.0, "poi_sum": 4.0, "Retail_Food_Ratio": 0.0, "poi_names_list": "<details><summary>4 POIs (click to expand)</summary><ul><li>CCT Venues Plus-South Quay</li><li>CWP Management</li><li>Cct Venues-Canary Wharf</li><li>Broadridge Financial Solutions</li></ul></details>" }, "geometry": { "type": "Polygon", "coordinates": [ [ [ -0.0144413, 51.5007334 ], [ -0.0149243, 51.5007847 ], [ -0.014934, 51.5007577 ], [ -0.0149663, 51.500643 ], [ -0.0144808, 51.5005901 ], [ -0.0144481, 51.5007086 ], [ -0.0144413, 51.5007334 ] ] ] } },
{ "type": "Feature", "properties": { "id": "c47f2663-a290-41d9-827f-ea04c349175d", "building_name": "0", "building_class": "commercial", "building_subtype": "commercial", "height": 0.0, "num_floors": 0, "new_functional_class": "Commercial", "all_poi_names": "Lycamobile Head Office", "dominant_share_pct": 100.0, "final_functional_class": "Other", "dominant_share_pct_formatted": "100.0%", "Retail_Food_Ratio_formatted": "0.0%", "Work": 0.0, "Food_Drink": 0.0, "Retail_Leisure": 0.0, "Education": 0.0, "Medical": 0.0, "Transportation": 0.0, "Other_POI": 1.0, "poi_sum": 1.0, "Retail_Food_Ratio": 0.0, "poi_names_list": "<details><summary>1 POIs (click to expand)</summary><ul><li>Lycamobile Head Office</li></ul></details>" }, "geometry": { "type": "Polygon", "coordinates": [ [ [ -0.0138018, 51.5006651 ], [ -0.0143094, 51.50072 ], [ -0.0143167, 51.5006939 ], [ -0.0143514, 51.5005749 ], [ -0.0138444, 51.5005176 ], [ -0.0138102, 51.500635 ], [ -0.0138018, 51.5006651 ] ] ] } },
{ "type": "Feature", "properties": { "id": "11cf1095-3858-4d33-8ef1-d53102e998f2", "building_name": "0", "building_class": "commercial", "building_subtype": "commercial", "height": 0.0, "num_floors": 0, "new_functional_class": "Commercial", "all_poi_names": "Athavan Radio, Lyca Radio, Lyca Fly, Interoute, UK Education Guidance", "dominant_share_pct": 80.0, "final_functional_class": "Other", "dominant_share_pct_formatted": "80.0%", "Retail_Food_Ratio_formatted": "0.0%", "Work": 0.0, "Food_Drink": 0.0, "Retail_Leisure": 0.0, "Education": 1.0, "Medical": 0.0, "Transportation": 0.0, "Other_POI": 4.0, "poi_sum": 5.0, "Retail_Food_Ratio": 0.0, "poi_names_list": "<details><summary>5 POIs (click to expand)</summary><ul><li>Athavan Radio</li><li>Lyca Radio</li><li>Lyca Fly</li><li>Interoute</li><li>UK Education Guidance</li></ul></details>" }, "geometry": { "type": "Polygon", "coordinates": [ [ [ -0.0137307, 51.5009022 ], [ -0.0143055, 51.5009643 ], [ -0.0144234, 51.5005597 ], [ -0.0143573, 51.5005532 ], [ -0.0143514, 51.5005749 ], [ -0.0138444, 51.5005176 ], [ -0.0138494, 51.5004944 ], [ -0.0137389, 51.5004824 ], [ -0.0136994, 51.5006229 ], [ -0.0138102, 51.500635 ], [ -0.0138018, 51.5006651 ], [ -0.0137307, 51.5009022 ] ] ] } },
{ "type": "Feature", "properties": { "id": "ea69fbf4-8ef0-4160-a562-e9b7222cba04", "building_name": "0", "building_class": "apartments", "building_subtype": "residential", "height": 21.872957229614258, "num_floors": 7, "new_functional_class": "Residential", "all_poi_names": "TLC Security UK, Alex Elizabeth School of London, Studii UK-Madalina, Estudia en el Reino Unido, Lorenzo - Student Advisor UK, Trusted Edu Path, YourParkingSpace Meridian Place Car Park, Zeta System of Smart Learning, The Madison, Yuhoki Japanese Restaurant, Baltic Medical Centre, Uoichi, Meridian Place Apartment, OYO Rooms", "dominant_share_pct": 35.714285714285715, "final_functional_class": "Mixed-use/Complex", "dominant_share_pct_formatted": "35.7%", "Retail_Food_Ratio_formatted": "14.3%", "Work": 0.0, "Food_Drink": 2.0, "Retail_Leisure": 0.0, "Education": 5.0, "Medical": 1.0, "Transportation": 1.0, "Other_POI": 5.0, "poi_sum": 14.0, "Retail_Food_Ratio": 14.285714285714285, "poi_names_list": "<details><summary>14 POIs (click to expand)</summary><ul><li>TLC Security UK</li><li>Alex Elizabeth School of London</li><li>Studii UK-Madalina</li><li>Estudia en el Reino Unido</li><li>Lorenzo - Student Advisor UK</li><li>Trusted Edu Path</li><li>YourParkingSpace Meridian Place Car Park</li><li>Zeta System of Smart Learning</li><li>The Madison</li><li>Yuhoki Japanese Restaurant</li><li>Baltic Medical Centre</li><li>Uoichi</li><li>Meridian Place Apartment</li><li>OYO Rooms</li></ul></details>" }, "geometry": { "type": "Polygon", "coordinates": [ [ [ -0.0124215, 51.5007388 ], [ -0.0126484, 51.500765 ], [ -0.0127454, 51.5004395 ], [ -0.0131855, 51.5004904 ], [ -0.013281, 51.5005013 ], [ -0.0131844, 51.500829 ], [ -0.0133983, 51.5008535 ], [ -0.0135514, 51.500334 ], [ -0.0132343, 51.5002978 ], [ -0.0125764, 51.5002203 ], [ -0.0124215, 51.5007388 ] ] ] } },
{ "type": "Feature", "properties": { "id": "dbb25a13-310c-491e-b8b3-68000713d6d7", "building_name": "0", "building_class": "commercial", "building_subtype": "commercial", "height": 0.0, "num_floors": 5, "new_functional_class": "Commercial", "all_poi_names": "Carrington Blake IT Solutions, Remus, Scuderia Ferrari Club London - UK, 225 Marsh Wall, Univive", "dominant_share_pct": 40.0, "final_functional_class": "Mixed-use/Complex", "dominant_share_pct_formatted": "40.0%", "Retail_Food_Ratio_formatted": "0.0%", "Work": 2.0, "Food_Drink": 0.0, "Retail_Leisure": 0.0, "Education": 1.0, "Medical": 0.0, "Transportation": 0.0, "Other_POI": 2.0, "poi_sum": 5.0, "Retail_Food_Ratio": 0.0, "poi_names_list": "<details><summary>5 POIs (click to expand)</summary><ul><li>Carrington Blake IT Solutions</li><li>Remus</li><li>Scuderia Ferrari Club London - UK</li><li>225 Marsh Wall</li><li>Univive</li></ul></details>" }, "geometry": { "type": "Polygon", "coordinates": [ [ [ -0.0116315, 51.5002339 ], [ -0.0121431, 51.5002897 ], [ -0.0121692, 51.5001985 ], [ -0.0121786, 51.5001744 ], [ -0.0116637, 51.5001179 ], [ -0.0116579, 51.5001393 ], [ -0.0116315, 51.5002339 ] ] ] } },
{ "type": "Feature", "properties": { "id": "90dd4eca-6ef9-4cc2-b886-c39f1225678a", "building_name": "0", "building_class": "commercial", "building_subtype": "commercial", "height": 0.0, "num_floors": 4, "new_functional_class": "Commercial", "all_poi_names": "Знаещи Българи в Англия", "dominant_share_pct": 100.0, "final_functional_class": "Mixed-use/Complex", "dominant_share_pct_formatted": "100.0%", "Retail_Food_Ratio_formatted": "0.0%", "Work": 0.0, "Food_Drink": 0.0, "Retail_Leisure": 0.0, "Education": 1.0, "Medical": 0.0, "Transportation": 0.0, "Other_POI": 0.0, "poi_sum": 1.0, "Retail_Food_Ratio": 0.0, "poi_names_list": "<details><summary>1 POIs (click to expand)</summary><ul><li>Знаещи Българи в Англия</li></ul></details>" }, "geometry": { "type": "Polygon", "coordinates": [ [ [ -0.0121424, 51.5004028 ], [ -0.0122579, 51.5004178 ], [ -0.0123121, 51.5002147 ], [ -0.0121692, 51.5001985 ], [ -0.0121431, 51.5002897 ], [ -0.0121627, 51.5003309 ], [ -0.0121424, 51.5004028 ] ] ] } },
{ "type": "Feature", "properties": { "id": "1f520a92-ac93-4a1a-ac67-17e5c81ede07", "building_name": "0", "building_class": "commercial", "building_subtype": "commercial", "height": 0.0, "num_floors": 5, "new_functional_class": "Commercial", "all_poi_names": "Belgian Tourist Office, Path-50 ltd, viajelatino", "dominant_share_pct": 66.666666666666657, "final_functional_class": "Transit Hub", "dominant_share_pct_formatted": "66.7%", "Retail_Food_Ratio_formatted": "0.0%", "Work": 0.0, "Food_Drink": 0.0, "Retail_Leisure": 0.0, "Education": 0.0, "Medical": 0.0, "Transportation": 2.0, "Other_POI": 1.0, "poi_sum": 3.0, "Retail_Food_Ratio": 0.0, "poi_names_list": "<details><summary>3 POIs (click to expand)</summary><ul><li>Belgian Tourist Office</li><li>Path-50 ltd</li><li>viajelatino</li></ul></details>" }, "geometry": { "type": "Polygon", "coordinates": [ [ [ -0.011408, 51.5006165 ], [ -0.0115624, 51.5006335 ], [ -0.0115909, 51.500535 ], [ -0.011624, 51.5004121 ], [ -0.0114685, 51.5003956 ], [ -0.011408, 51.5006165 ] ] ] } },
{ "type": "Feature", "properties": { "id": "6629c055-f9ed-451d-82b9-502f678cf0d6", "building_name": "0", "building_class": "apartments", "building_subtype": "residential", "height": 17.039146423339844, "num_floors": 6, "new_functional_class": "Residential", "all_poi_names": "Aster Selection, Ariadné", "dominant_share_pct": 100.0, "final_functional_class": "Residential", "dominant_share_pct_formatted": "100.0%", "Retail_Food_Ratio_formatted": "100.0%", "Work": 0.0, "Food_Drink": 0.0, "Retail_Leisure": 2.0, "Education": 0.0, "Medical": 0.0, "Transportation": 0.0, "Other_POI": 0.0, "poi_sum": 2.0, "Retail_Food_Ratio": 100.0, "poi_names_list": "<details><summary>2 POIs (click to expand)</summary><ul><li>Aster Selection</li><li>Ariadné</li></ul></details>" }, "geometry": { "type": "Polygon", "coordinates": [ [ [ -0.010485, 51.5005341 ], [ -0.0104943, 51.5005422 ], [ -0.0111799, 51.5006223 ], [ -0.0111866, 51.5006037 ], [ -0.0112427, 51.5006097 ], [ -0.0112762, 51.5005028 ], [ -0.0110752, 51.5004796 ], [ -0.0107586, 51.5004441 ], [ -0.0105668, 51.5004218 ], [ -0.0104937, 51.5004682 ], [ -0.0104767, 51.5004865 ], [ -0.0104753, 51.5005082 ], [ -0.010485, 51.5005341 ] ] ] } },
{ "type": "Feature", "properties": { "id": "08d3a651-21dc-4149-987c-9d3be6a06c55", "building_name": "0", "building_class": "service", "building_subtype": "service", "height": 0.0, "num_floors": 0, "new_functional_class": "Commercial", "all_poi_names": "Parc Properties Management, Byahe Pinoy, Adored Holidays", "dominant_share_pct": 66.666666666666657, "final_functional_class": "Transit Hub", "dominant_share_pct_formatted": "66.7%", "Retail_Food_Ratio_formatted": "0.0%", "Work": 1.0, "Food_Drink": 0.0, "Retail_Leisure": 0.0, "Education": 0.0, "Medical": 0.0, "Transportation": 2.0, "Other_POI": 0.0, "poi_sum": 3.0, "Retail_Food_Ratio": 0.0, "poi_names_list": "<details><summary>3 POIs (click to expand)</summary><ul><li>Parc Properties Management</li><li>Byahe Pinoy</li><li>Adored Holidays</li></ul></details>" }, "geometry": { "type": "Polygon", "coordinates": [ [ [ -0.0109864, 51.5003204 ], [ -0.0109655, 51.5003918 ], [ -0.0113223, 51.5004323 ], [ -0.0113432, 51.5003609 ], [ -0.0109864, 51.5003204 ] ] ] } },
{ "type": "Feature", "properties": { "id": "7ddfb230-6eb9-46fa-bbdf-f5abf9f99c27", "building_name": "0", "building_class": "commercial", "building_subtype": "commercial", "height": 0.0, "num_floors": 5, "new_functional_class": "Commercial", "all_poi_names": "Uniglobe 360, Mediatel, ClearPath Property Recovery, Adored Holidays, Bg Lawyers Llp, U Select Flights, National Gas, Apex PBX Isle of Dogs, Telecom2, GSC Agency, RHF Productions", "dominant_share_pct": 36.363636363636367, "final_functional_class": "Office/HQ", "dominant_share_pct_formatted": "36.4%", "Retail_Food_Ratio_formatted": "0.0%", "Work": 4.0, "Food_Drink": 0.0, "Retail_Leisure": 0.0, "Education": 0.0, "Medical": 0.0, "Transportation": 3.0, "Other_POI": 4.0, "poi_sum": 11.0, "Retail_Food_Ratio": 0.0, "poi_names_list": "<details><summary>11 POIs (click to expand)</summary><ul><li>Uniglobe 360</li><li>Mediatel</li><li>ClearPath Property Recovery</li><li>Adored Holidays</li><li>Bg Lawyers Llp</li><li>U Select Flights</li><li>National Gas</li><li>Apex PBX Isle of Dogs</li><li>Telecom2</li><li>GSC Agency</li><li>RHF Productions</li></ul></details>" }, "geometry": { "type": "Polygon", "coordinates": [ [ [ -0.0114559, 51.500328 ], [ -0.0116123, 51.5003449 ], [ -0.0116293, 51.500279 ], [ -0.0116315, 51.5002339 ], [ -0.0116579, 51.5001393 ], [ -0.0115196, 51.5001236 ], [ -0.0114559, 51.500328 ] ] ] } },
{ "type": "Feature", "properties": { "id": "58f5f67c-a3e9-4f62-9721-b761c2b4bc48", "building_name": "Lawn House Close Car Park", "building_class": "parking", "building_subtype": "transportation", "height": 9.1148166656494141, "num_floors": 0, "new_functional_class": "Infrastructure", "all_poi_names": "ParkBee Care Park, Parkbee, ParkBee Care Park - Isle of Dogs, Isle Of Dogs Community Foundation", "dominant_share_pct": 75.0, "final_functional_class": "Transit Hub", "dominant_share_pct_formatted": "75.0%", "Retail_Food_Ratio_formatted": "0.0%", "Work": 0.0, "Food_Drink": 0.0, "Retail_Leisure": 0.0, "Education": 0.0, "Medical": 0.0, "Transportation": 3.0, "Other_POI": 1.0, "poi_sum": 4.0, "Retail_Food_Ratio": 0.0, "poi_names_list": "<details><summary>4 POIs (click to expand)</summary><ul><li>ParkBee Care Park</li><li>Parkbee</li><li>ParkBee Care Park - Isle of Dogs</li><li>Isle Of Dogs Community Foundation</li></ul></details>" }, "geometry": { "type": "Polygon", "coordinates": [ [ [ -0.0113311, 51.5003427 ], [ -0.0114115, 51.5000548 ], [ -0.0106599, 51.4999729 ], [ -0.0105971, 51.5002091 ], [ -0.0105853, 51.5002616 ], [ -0.0109054, 51.5002968 ], [ -0.0113311, 51.5003427 ] ] ] } },
{ "type": "Feature", "properties": { "id": "0f5424a6-8bf9-4c49-8ca3-39b2a517fadc", "building_name": "0", "building_class": "commercial", "building_subtype": "commercial", "height": 0.0, "num_floors": 0, "new_functional_class": "Commercial", "all_poi_names": "Nexcom Communications", "dominant_share_pct": 100.0, "final_functional_class": "Other", "dominant_share_pct_formatted": "100.0%", "Retail_Food_Ratio_formatted": "0.0%", "Work": 0.0, "Food_Drink": 0.0, "Retail_Leisure": 0.0, "Education": 0.0, "Medical": 0.0, "Transportation": 0.0, "Other_POI": 1.0, "poi_sum": 1.0, "Retail_Food_Ratio": 0.0, "poi_names_list": "<details><summary>1 POIs (click to expand)</summary><ul><li>Nexcom Communications</li></ul></details>" }, "geometry": { "type": "Polygon", "coordinates": [ [ [ -0.0115624, 51.5006335 ], [ -0.0120591, 51.5006901 ], [ -0.0120896, 51.5005908 ], [ -0.0115909, 51.500535 ], [ -0.0115624, 51.5006335 ] ] ] } },
{ "type": "Feature", "properties": { "id": "5a617a9a-e9b2-48be-9c0b-92f67d62b617", "building_name": "0", "building_class": "commercial", "building_subtype": "commercial", "height": 0.0, "num_floors": 0, "new_functional_class": "Commercial", "all_poi_names": "Manjal Restaurant, Manjal Indian Restaurant - Marsh Wall, Bella Cosa Italian Restaurant Canary Wharf, T L C Security Uk, Studii in Anglia, Zen Apartments", "dominant_share_pct": 50.0, "final_functional_class": "Mixed-use/Complex", "dominant_share_pct_formatted": "50.0%", "Retail_Food_Ratio_formatted": "50.0%", "Work": 1.0, "Food_Drink": 3.0, "Retail_Leisure": 0.0, "Education": 0.0, "Medical": 0.0, "Transportation": 0.0, "Other_POI": 2.0, "poi_sum": 6.0, "Retail_Food_Ratio": 50.0, "poi_names_list": "<details><summary>6 POIs (click to expand)</summary><ul><li>Manjal Restaurant</li><li>Manjal Indian Restaurant - Marsh Wall</li><li>Bella Cosa Italian Restaurant Canary Wharf</li><li>T L C Security Uk</li><li>Studii in Anglia</li><li>Zen Apartments</li></ul></details>" }, "geometry": { "type": "Polygon", "coordinates": [ [ [ -0.0120591, 51.5006901 ], [ -0.0122242, 51.5007097 ], [ -0.0122919, 51.500489 ], [ -0.0121268, 51.5004694 ], [ -0.0120896, 51.5005908 ], [ -0.0120591, 51.5006901 ] ] ] } },
{ "type": "Feature", "properties": { "id": "29cd22c5-df11-497b-b292-a3b69b2a6f04", "building_name": "One Park Drive", "building_class": "apartments", "building_subtype": "residential", "height": 205.0, "num_floors": 57, "new_functional_class": "Residential", "all_poi_names": "One Park Drive, Roe - Canary Wharf", "dominant_share_pct": 50.0, "final_functional_class": "Residential", "dominant_share_pct_formatted": "50.0%", "Retail_Food_Ratio_formatted": "50.0%", "Work": 0.0, "Food_Drink": 1.0, "Retail_Leisure": 0.0, "Education": 0.0, "Medical": 0.0, "Transportation": 0.0, "Other_POI": 1.0, "poi_sum": 2.0, "Retail_Food_Ratio": 50.0, "poi_names_list": "<details><summary>2 POIs (click to expand)</summary><ul><li>One Park Drive</li><li>Roe - Canary Wharf</li></ul></details>" }, "geometry": { "type": "Polygon", "coordinates": [ [ [ -0.0153536, 51.502343 ], [ -0.0153593, 51.5023309 ], [ -0.0153615, 51.502325 ], [ -0.0153638, 51.5023177 ], [ -0.0153682, 51.5023001 ], [ -0.0153692, 51.5022878 ], [ -0.0153696, 51.5022809 ], [ -0.015369, 51.5022679 ], [ -0.0153674, 51.5022579 ], [ -0.0153666, 51.5022533 ], [ -0.0153654, 51.502249 ], [ -0.0153637, 51.5022428 ], [ -0.0153615, 51.5022366 ], [ -0.0153593, 51.5022306 ], [ -0.0153543, 51.5022201 ], [ -0.0153502, 51.5022129 ], [ -0.0153468, 51.5022073 ], [ -0.0153429, 51.5022016 ], [ -0.0153388, 51.5021962 ], [ -0.0153345, 51.5021906 ], [ -0.0153298, 51.5021854 ], [ -0.0153248, 51.5021799 ], [ -0.0153198, 51.5021749 ], [ -0.0153144, 51.5021699 ], [ -0.015303, 51.5021602 ], [ -0.0152905, 51.5021507 ], [ -0.0152838, 51.5021463 ], [ -0.0152772, 51.5021421 ], [ -0.0152701, 51.5021378 ], [ -0.0152631, 51.5021337 ], [ -0.0152558, 51.5021299 ], [ -0.0152483, 51.5021261 ], [ -0.0152405, 51.5021224 ], [ -0.0152326, 51.5021189 ], [ -0.0152243, 51.5021155 ], [ -0.0152163, 51.5021124 ], [ -0.0152078, 51.5021093 ], [ -0.0151992, 51.5021065 ], [ -0.0151905, 51.5021037 ], [ -0.0151816, 51.5021012 ], [ -0.0151725, 51.5020988 ], [ -0.0151634, 51.5020966 ], [ -0.015154, 51.5020946 ], [ -0.0151445, 51.5020927 ], [ -0.015135, 51.5020911 ], [ -0.0151252, 51.5020895 ], [ -0.0151154, 51.5020883 ], [ -0.0151056, 51.5020872 ], [ -0.0150955, 51.5020862 ], [ -0.0150853, 51.5020855 ], [ -0.0150751, 51.502085 ], [ -0.0150647, 51.5020847 ], [ -0.0150545, 51.5020846 ], [ -0.0150337, 51.502085 ], [ -0.0150234, 51.5020855 ], [ -0.0150133, 51.5020862 ], [ -0.0150033, 51.5020872 ], [ -0.0149934, 51.5020883 ], [ -0.0149835, 51.5020896 ], [ -0.014974, 51.502091 ], [ -0.0149643, 51.5020927 ], [ -0.0149546, 51.5020946 ], [ -0.0149453, 51.5020966 ], [ -0.0149362, 51.5020988 ], [ -0.0149272, 51.5021012 ], [ -0.0149181, 51.5021038 ], [ -0.0149095, 51.5021065 ], [ -0.014901, 51.5021094 ], [ -0.0148925, 51.5021124 ], [ -0.0148842, 51.5021157 ], [ -0.0148761, 51.502119 ], [ -0.0148682, 51.5021225 ], [ -0.0148604, 51.5021261 ], [ -0.0148528, 51.5021299 ], [ -0.0148456, 51.5021338 ], [ -0.0148385, 51.5021378 ], [ -0.0148315, 51.5021421 ], [ -0.0148248, 51.5021463 ], [ -0.0148181, 51.5021509 ], [ -0.0148119, 51.5021554 ], [ -0.0148059, 51.5021601 ], [ -0.0148, 51.5021649 ], [ -0.0147943, 51.5021699 ], [ -0.0147887, 51.5021752 ], [ -0.0147838, 51.5021801 ], [ -0.014778, 51.5021865 ], [ -0.0147736, 51.5021916 ], [ -0.0147699, 51.5021961 ], [ -0.0147681, 51.5021986 ], [ -0.014766, 51.5022016 ], [ -0.0147622, 51.5022072 ], [ -0.0147592, 51.5022119 ], [ -0.0147574, 51.5022149 ], [ -0.0147552, 51.5022188 ], [ -0.0147541, 51.5022211 ], [ -0.0147496, 51.5022306 ], [ -0.0147472, 51.5022367 ], [ -0.0147451, 51.5022428 ], [ -0.0147433, 51.502249 ], [ -0.0147418, 51.5022556 ], [ -0.0147408, 51.5022607 ], [ -0.0147397, 51.5022697 ], [ -0.0147394, 51.5022749 ], [ -0.0147392, 51.5022808 ], [ -0.0147395, 51.5022865 ], [ -0.0147398, 51.5022937 ], [ -0.0147407, 51.5023004 ], [ -0.0147419, 51.5023064 ], [ -0.0147433, 51.5023126 ], [ -0.0147451, 51.5023188 ], [ -0.0147472, 51.5023249 ], [ -0.0147496, 51.5023309 ], [ -0.0147523, 51.5023369 ], [ -0.0147552, 51.5023428 ], [ -0.0147585, 51.5023486 ], [ -0.0147621, 51.5023544 ], [ -0.0147658, 51.5023599 ], [ -0.01477, 51.5023656 ], [ -0.0147745, 51.5023711 ], [ -0.014779, 51.5023763 ], [ -0.0147838, 51.5023815 ], [ -0.014789, 51.5023867 ], [ -0.0147943, 51.5023917 ], [ -0.0148, 51.5023966 ], [ -0.014806, 51.5024016 ], [ -0.0148121, 51.5024063 ], [ -0.0148182, 51.5024107 ], [ -0.0148248, 51.5024153 ], [ -0.0148327, 51.5024204 ], [ -0.0148412, 51.5024255 ], [ -0.0148512, 51.5024307 ], [ -0.0148606, 51.5024356 ], [ -0.0148682, 51.5024391 ], [ -0.014876, 51.5024426 ], [ -0.0148844, 51.502446 ], [ -0.0148924, 51.5024492 ], [ -0.0149009, 51.5024523 ], [ -0.0149094, 51.5024551 ], [ -0.0149186, 51.5024579 ], [ -0.014927, 51.5024604 ], [ -0.0149362, 51.5024627 ], [ -0.0149453, 51.502465 ], [ -0.0149548, 51.5024671 ], [ -0.0149642, 51.5024689 ], [ -0.0149738, 51.5024706 ], [ -0.0149834, 51.502472 ], [ -0.0149933, 51.5024734 ], [ -0.0150033, 51.5024745 ], [ -0.0150235, 51.5024762 ], [ -0.0150339, 51.5024766 ], [ -0.0150544, 51.502477 ], [ -0.0150751, 51.5024766 ], [ -0.0150932, 51.5024757 ], [ -0.015112, 51.5024739 ], [ -0.0151322, 51.502471 ], [ -0.0151491, 51.502468 ], [ -0.0151674, 51.5024641 ], [ -0.0151878, 51.5024587 ], [ -0.0152057, 51.5024531 ], [ -0.0152195, 51.5024481 ], [ -0.0152312, 51.5024432 ], [ -0.01524, 51.5024394 ], [ -0.0152526, 51.5024334 ], [ -0.0152632, 51.5024278 ], [ -0.0152703, 51.5024238 ], [ -0.0152776, 51.5024193 ], [ -0.015286, 51.5024138 ], [ -0.0152903, 51.5024108 ], [ -0.0152933, 51.5024088 ], [ -0.0152967, 51.5024063 ], [ -0.015303, 51.5024015 ], [ -0.0153088, 51.5023966 ], [ -0.0153128, 51.5023931 ], [ -0.0153193, 51.5023872 ], [ -0.0153253, 51.5023812 ], [ -0.0153345, 51.5023712 ], [ -0.015341, 51.5023629 ], [ -0.0153476, 51.5023529 ], [ -0.0153536, 51.502343 ] ] ] } },
{ "type": "Feature", "properties": { "id": "36beb80b-ced9-4f18-a461-04680502f52e", "building_name": "Vertus - 8 Water Street", "building_class": "apartments", "building_subtype": "residential", "height": 0.0, "num_floors": 14, "new_functional_class": "Residential", "all_poi_names": "8 Water Street (Vertus), Amazon Fresh, Tribe Canary Wharf", "dominant_share_pct": 66.666666666666657, "final_functional_class": "Residential", "dominant_share_pct_formatted": "66.7%", "Retail_Food_Ratio_formatted": "33.3%", "Work": 0.0, "Food_Drink": 0.0, "Retail_Leisure": 1.0, "Education": 0.0, "Medical": 0.0, "Transportation": 0.0, "Other_POI": 2.0, "poi_sum": 3.0, "Retail_Food_Ratio": 33.333333333333329, "poi_names_list": "<details><summary>3 POIs (click to expand)</summary><ul><li>8 Water Street (Vertus)</li><li>Amazon Fresh</li><li>Tribe Canary Wharf</li></ul></details>" }, "geometry": { "type": "Polygon", "coordinates": [ [ [ -0.0152165, 51.5028954 ], [ -0.015289, 51.502905 ], [ -0.0152944, 51.5027347 ], [ -0.0148696, 51.5026176 ], [ -0.0148359, 51.5026125 ], [ -0.0147998, 51.5026116 ], [ -0.0143341, 51.5025994 ], [ -0.0142993, 51.502753 ], [ -0.0146549, 51.5028082 ], [ -0.0152165, 51.5028954 ] ] ] } },
{ "type": "Feature", "properties": { "id": "f8ead506-e28b-4be6-a6f6-4c9b41183e76", "building_name": "20 Water Street", "building_class": "commercial", "building_subtype": "commercial", "height": 0.0, "num_floors": 14, "new_functional_class": "Commercial", "all_poi_names": "South Dock railway station, The Vow Studio, Patty & Bun, London Underground Kings Cross, JLL, Wood Wharf, Crate, Playthecube, Zopa, International IT recruitment agency Lucky Hunter, Vow Cafe", "dominant_share_pct": 36.363636363636367, "final_functional_class": "Office/HQ", "dominant_share_pct_formatted": "36.4%", "Retail_Food_Ratio_formatted": "36.4%", "Work": 3.0, "Food_Drink": 4.0, "Retail_Leisure": 0.0, "Education": 0.0, "Medical": 0.0, "Transportation": 2.0, "Other_POI": 2.0, "poi_sum": 11.0, "Retail_Food_Ratio": 36.363636363636367, "poi_names_list": "<details><summary>11 POIs (click to expand)</summary><ul><li>South Dock railway station</li><li>The Vow Studio</li><li>Patty &amp; Bun</li><li>London Underground Kings Cross</li><li>JLL</li><li>Wood Wharf</li><li>Crate</li><li>Playthecube</li><li>Zopa</li><li>International IT recruitment agency Lucky Hunter</li><li>Vow Cafe</li></ul></details>" }, "geometry": { "type": "Polygon", "coordinates": [ [ [ -0.0127933, 51.5027757 ], [ -0.0135263, 51.5028561 ], [ -0.0136366, 51.5024664 ], [ -0.0133102, 51.5024306 ], [ -0.0129037, 51.502386 ], [ -0.0128824, 51.5024656 ], [ -0.0127933, 51.5027757 ] ] ] } },
{ "type": "Feature", "properties": { "id": "0142a0c6-a403-459a-87ab-20655f0281c5", "building_name": "10 Park Drive", "building_class": "apartments", "building_subtype": "residential", "height": 0.0, "num_floors": 0, "new_functional_class": "Residential", "all_poi_names": "Mallow Canary Wharf, Truck Stop, 10 Park Drive, Patty&Bun Canary Wharf", "dominant_share_pct": 50.0, "final_functional_class": "Residential", "dominant_share_pct_formatted": "50.0%", "Retail_Food_Ratio_formatted": "75.0%", "Work": 0.0, "Food_Drink": 2.0, "Retail_Leisure": 1.0, "Education": 0.0, "Medical": 0.0, "Transportation": 0.0, "Other_POI": 1.0, "poi_sum": 4.0, "Retail_Food_Ratio": 75.0, "poi_names_list": "<details><summary>4 POIs (click to expand)</summary><ul><li>Mallow Canary Wharf</li><li>Truck Stop</li><li>10 Park Drive</li><li>Patty&amp;Bun Canary Wharf</li></ul></details>" }, "geometry": { "type": "Polygon", "coordinates": [ [ [ -0.0138057, 51.5027338 ], [ -0.0141464, 51.502718 ], [ -0.0142993, 51.502753 ], [ -0.0143341, 51.5025994 ], [ -0.0142153, 51.5024839 ], [ -0.0142301, 51.5024219 ], [ -0.0142334, 51.502309 ], [ -0.0142309, 51.5021495 ], [ -0.0139895, 51.5020836 ], [ -0.013943, 51.5022452 ], [ -0.0139172, 51.5023419 ], [ -0.0138898, 51.5024381 ], [ -0.0138057, 51.5027338 ] ] ] } },
{ "type": "Feature", "properties": { "id": "3a0a73a0-b21b-4536-9fe0-49ac6cf926f9", "building_name": "Vertus - 10 George Street", "building_class": "apartments", "building_subtype": "residential", "height": 14.496426582336426, "num_floors": 37, "new_functional_class": "Residential", "all_poi_names": "Mercato Metropolitano, Ultimate Performance Personal Trainers Canary Wharf - Wood Wharf, 10 George Street (Vertus), Temple of Art and Music Jazz Bar (TAM), Dim Sum Lab, Italian Job, Ethika, Pizzicheria Grappelli, Twerk and Jerk, Emilia's Crafted Pasta, MMy Wood Wharf, Dez Amore", "dominant_share_pct": 58.333333333333336, "final_functional_class": "Mixed-use/Complex", "dominant_share_pct_formatted": "58.3%", "Retail_Food_Ratio_formatted": "75.0%", "Work": 0.0, "Food_Drink": 7.0, "Retail_Leisure": 2.0, "Education": 0.0, "Medical": 0.0, "Transportation": 0.0, "Other_POI": 3.0, "poi_sum": 12.0, "Retail_Food_Ratio": 75.0, "poi_names_list": "<details><summary>12 POIs (click to expand)</summary><ul><li>Mercato Metropolitano</li><li>Ultimate Performance Personal Trainers Canary Wharf - Wood Wharf</li><li>10 George Street (Vertus)</li><li>Temple of Art and Music Jazz Bar (TAM)</li><li>Dim Sum Lab</li><li>Italian Job</li><li>Ethika</li><li>Pizzicheria Grappelli</li><li>Twerk and Jerk</li><li>Emilia&#x27;s Crafted Pasta</li><li>MMy Wood Wharf</li><li>Dez Amore</li></ul></details>" }, "geometry": { "type": "Polygon", "coordinates": [ [ [ -0.0135133, 51.5022844 ], [ -0.013686, 51.502304 ], [ -0.0137215, 51.5021828 ], [ -0.0137423, 51.502112 ], [ -0.0137587, 51.502056 ], [ -0.0133868, 51.5020138 ], [ -0.0133913, 51.5019985 ], [ -0.0133282, 51.5019913 ], [ -0.0131947, 51.5019761 ], [ -0.0131701, 51.5019733 ], [ -0.0131174, 51.5019673 ], [ -0.0130475, 51.5019594 ], [ -0.0130144, 51.5019556 ], [ -0.0129711, 51.5021033 ], [ -0.0129309, 51.5022402 ], [ -0.0132725, 51.502279 ], [ -0.0133025, 51.5022824 ], [ -0.0133088, 51.5022611 ], [ -0.0133933, 51.5022707 ], [ -0.0135133, 51.5022844 ] ] ] } },
{ "type": "Feature", "properties": { "id": "10f162cd-b81a-4e35-8f55-398053ca158a", "building_name": "4 North Lane", "building_class": "apartments", "building_subtype": "residential", "height": 0.0, "num_floors": 13, "new_functional_class": "Residential", "all_poi_names": "No POIs recorded", "dominant_share_pct": 0.0, "final_functional_class": "Residential", "dominant_share_pct_formatted": "0.0%", "Retail_Food_Ratio_formatted": "0.0%", "Work": 0.0, "Food_Drink": 0.0, "Retail_Leisure": 0.0, "Education": 0.0, "Medical": 0.0, "Transportation": 0.0, "Other_POI": 0.0, "poi_sum": 0.0, "Retail_Food_Ratio": 0.0, "poi_names_list": "0" }, "geometry": { "type": "Polygon", "coordinates": [ [ [ -0.0113879, 51.5024884 ], [ -0.0114228, 51.5023635 ], [ -0.0111988, 51.5023392 ], [ -0.0111621, 51.5024703 ], [ -0.0109994, 51.5024527 ], [ -0.0109613, 51.5025892 ], [ -0.011348, 51.5026311 ], [ -0.0113879, 51.5024884 ] ] ] } },
{ "type": "Feature", "properties": { "id": "a3d4f63b-bd95-45f0-bcbb-f29c8bae2529", "building_name": "45 Charter Street", "building_class": "apartments", "building_subtype": "residential", "height": 0.0, "num_floors": 13, "new_functional_class": "Residential", "all_poi_names": "No POIs recorded", "dominant_share_pct": 0.0, "final_functional_class": "Residential", "dominant_share_pct_formatted": "0.0%", "Retail_Food_Ratio_formatted": "0.0%", "Work": 0.0, "Food_Drink": 0.0, "Retail_Leisure": 0.0, "Education": 0.0, "Medical": 0.0, "Transportation": 0.0, "Other_POI": 0.0, "poi_sum": 0.0, "Retail_Food_Ratio": 0.0, "poi_names_list": "0" }, "geometry": { "type": "Polygon", "coordinates": [ [ [ -0.0111988, 51.5023392 ], [ -0.0114228, 51.5023635 ], [ -0.0114609, 51.5022292 ], [ -0.0110739, 51.5021853 ], [ -0.0110344, 51.5023202 ], [ -0.0111988, 51.5023392 ] ] ] } },
{ "type": "Feature", "properties": { "id": "c3e48cce-776d-4d18-9749-8cd39460f7d0", "building_name": "0", "building_class": "apartments", "building_subtype": "residential", "height": 0.0, "num_floors": 11, "new_functional_class": "Residential", "all_poi_names": "Morrisons Daily", "dominant_share_pct": 100.0, "final_functional_class": "Residential", "dominant_share_pct_formatted": "100.0%", "Retail_Food_Ratio_formatted": "100.0%", "Work": 0.0, "Food_Drink": 0.0, "Retail_Leisure": 1.0, "Education": 0.0, "Medical": 0.0, "Transportation": 0.0, "Other_POI": 0.0, "poi_sum": 1.0, "Retail_Food_Ratio": 100.0, "poi_names_list": "<details><summary>1 POIs (click to expand)</summary><ul><li>Morrisons Daily</li></ul></details>" }, "geometry": { "type": "Polygon", "coordinates": [ [ [ -0.0096327, 51.5023609 ], [ -0.0098373, 51.5023795 ], [ -0.0099111, 51.5021288 ], [ -0.0099395, 51.5020323 ], [ -0.0097321, 51.5020092 ], [ -0.0096327, 51.5023609 ] ] ] } },
{ "type": "Feature", "properties": { "id": "ed28283d-2e77-451b-973c-9842c11e270d", "building_name": "8 Harbord Square", "building_class": "apartments", "building_subtype": "residential", "height": 0.0, "num_floors": 11, "new_functional_class": "Residential", "all_poi_names": "Wayne Hairdresser Salon", "dominant_share_pct": 100.0, "final_functional_class": "Residential", "dominant_share_pct_formatted": "100.0%", "Retail_Food_Ratio_formatted": "0.0%", "Work": 0.0, "Food_Drink": 0.0, "Retail_Leisure": 0.0, "Education": 0.0, "Medical": 0.0, "Transportation": 0.0, "Other_POI": 1.0, "poi_sum": 1.0, "Retail_Food_Ratio": 0.0, "poi_names_list": "<details><summary>1 POIs (click to expand)</summary><ul><li>Wayne Hairdresser Salon</li></ul></details>" }, "geometry": { "type": "Polygon", "coordinates": [ [ [ -0.0105899, 51.5025496 ], [ -0.0108678, 51.5025812 ], [ -0.0109877, 51.5021741 ], [ -0.0107018, 51.5021433 ], [ -0.010646, 51.5023458 ], [ -0.0105899, 51.5025496 ] ] ] } },
{ "type": "Feature", "properties": { "id": "44a85294-510c-4496-843a-85520e3b940d", "building_name": "40 & 50 Harbord Square", "building_class": "apartments", "building_subtype": "residential", "height": 0.0, "num_floors": 12, "new_functional_class": "Residential", "all_poi_names": "In2sports", "dominant_share_pct": 100.0, "final_functional_class": "Residential", "dominant_share_pct_formatted": "100.0%", "Retail_Food_Ratio_formatted": "100.0%", "Work": 0.0, "Food_Drink": 1.0, "Retail_Leisure": 0.0, "Education": 0.0, "Medical": 0.0, "Transportation": 0.0, "Other_POI": 0.0, "poi_sum": 1.0, "Retail_Food_Ratio": 100.0, "poi_names_list": "<details><summary>1 POIs (click to expand)</summary><ul><li>In2sports</li></ul></details>" }, "geometry": { "type": "Polygon", "coordinates": [ [ [ -0.0094715, 51.5028122 ], [ -0.0097115, 51.5028423 ], [ -0.009726, 51.5027884 ], [ -0.0097751, 51.5026057 ], [ -0.0098242, 51.5024229 ], [ -0.0096033, 51.5024026 ], [ -0.009581, 51.5024028 ], [ -0.0094715, 51.5028122 ] ] ] } },
{ "type": "Feature", "properties": { "id": "07074623-0719-4789-a805-ceceaacb837a", "building_name": "Mulberry Wood Wharf Primary School", "building_class": "school", "building_subtype": "education", "height": 0.0, "num_floors": 4, "new_functional_class": "School", "all_poi_names": "No POIs recorded", "dominant_share_pct": 0.0, "final_functional_class": "Other", "dominant_share_pct_formatted": "0.0%", "Retail_Food_Ratio_formatted": "0.0%", "Work": 0.0, "Food_Drink": 0.0, "Retail_Leisure": 0.0, "Education": 0.0, "Medical": 0.0, "Transportation": 0.0, "Other_POI": 0.0, "poi_sum": 0.0, "Retail_Food_Ratio": 0.0, "poi_names_list": "0" }, "geometry": { "type": "Polygon", "coordinates": [ [ [ -0.0094715, 51.5028122 ], [ -0.009581, 51.5024028 ], [ -0.0094118, 51.5023854 ], [ -0.0091455, 51.502358 ], [ -0.0089583, 51.5023387 ], [ -0.0091304, 51.5027801 ], [ -0.0093255, 51.5027984 ], [ -0.0094715, 51.5028122 ] ] ] } },
{ "type": "Feature", "properties": { "id": "c914fcd4-bace-4ceb-abe6-57ae1a96eec3", "building_name": "0", "building_class": "residential", "building_subtype": "residential", "height": 0.0, "num_floors": 3, "new_functional_class": "Residential", "all_poi_names": "Cafe Seek", "dominant_share_pct": 100.0, "final_functional_class": "Residential", "dominant_share_pct_formatted": "100.0%", "Retail_Food_Ratio_formatted": "100.0%", "Work": 0.0, "Food_Drink": 1.0, "Retail_Leisure": 0.0, "Education": 0.0, "Medical": 0.0, "Transportation": 0.0, "Other_POI": 0.0, "poi_sum": 1.0, "Retail_Food_Ratio": 100.0, "poi_names_list": "<details><summary>1 POIs (click to expand)</summary><ul><li>Cafe Seek</li></ul></details>" }, "geometry": { "type": "Polygon", "coordinates": [ [ [ -0.0092269, 51.50293 ], [ -0.0092552, 51.5030117 ], [ -0.0094235, 51.5029891 ], [ -0.0093952, 51.5029074 ], [ -0.0092269, 51.50293 ] ] ] } },
{ "type": "Feature", "properties": { "id": "087ad1f2-4b8b-42af-a1cc-574a1fa18318", "building_name": "0", "building_class": "residential", "building_subtype": "residential", "height": 0.0, "num_floors": 3, "new_functional_class": "Residential", "all_poi_names": "No POIs recorded", "dominant_share_pct": 0.0, "final_functional_class": "Residential", "dominant_share_pct_formatted": "0.0%", "Retail_Food_Ratio_formatted": "0.0%", "Work": 0.0, "Food_Drink": 0.0, "Retail_Leisure": 0.0, "Education": 0.0, "Medical": 0.0, "Transportation": 0.0, "Other_POI": 0.0, "poi_sum": 0.0, "Retail_Food_Ratio": 0.0, "poi_names_list": "0" }, "geometry": { "type": "Polygon", "coordinates": [ [ [ -0.0092715, 51.5030574 ], [ -0.0094382, 51.5030335 ], [ -0.0094235, 51.5029891 ], [ -0.0092552, 51.5030117 ], [ -0.0092715, 51.5030574 ] ] ] } },
{ "type": "Feature", "properties": { "id": "10575999-80d2-47c7-af3a-ada6b653831e", "building_name": "25 & 30 Harbord Square", "building_class": "apartments", "building_subtype": "residential", "height": 0.0, "num_floors": 28, "new_functional_class": "Residential", "all_poi_names": "No POIs recorded", "dominant_share_pct": 0.0, "final_functional_class": "Residential", "dominant_share_pct_formatted": "0.0%", "Retail_Food_Ratio_formatted": "0.0%", "Work": 0.0, "Food_Drink": 0.0, "Retail_Leisure": 0.0, "Education": 0.0, "Medical": 0.0, "Transportation": 0.0, "Other_POI": 0.0, "poi_sum": 0.0, "Retail_Food_Ratio": 0.0, "poi_names_list": "0" }, "geometry": { "type": "Polygon", "coordinates": [ [ [ -0.0104577, 51.5030251 ], [ -0.0107349, 51.5030527 ], [ -0.010798, 51.5028069 ], [ -0.0105208, 51.5027793 ], [ -0.0104897, 51.5029003 ], [ -0.0104577, 51.5030251 ] ] ] } },
{ "type": "Feature", "properties": { "id": "b35728d4-50db-456a-b3de-315e3a69c22f", "building_name": "10 Brannan Street", "building_class": "apartments", "building_subtype": "residential", "height": 0.0, "num_floors": 13, "new_functional_class": "Residential", "all_poi_names": "No POIs recorded", "dominant_share_pct": 0.0, "final_functional_class": "Residential", "dominant_share_pct_formatted": "0.0%", "Retail_Food_Ratio_formatted": "0.0%", "Work": 0.0, "Food_Drink": 0.0, "Retail_Leisure": 0.0, "Education": 0.0, "Medical": 0.0, "Transportation": 0.0, "Other_POI": 0.0, "poi_sum": 0.0, "Retail_Food_Ratio": 0.0, "poi_names_list": "0" }, "geometry": { "type": "Polygon", "coordinates": [ [ [ -0.0109538, 51.5030745 ], [ -0.01121, 51.5031 ], [ -0.0112411, 51.5029787 ], [ -0.0112731, 51.502854 ], [ -0.0110195, 51.5028288 ], [ -0.010798, 51.5028069 ], [ -0.0107349, 51.5030527 ], [ -0.0109538, 51.5030745 ] ] ] } },
{ "type": "Feature", "properties": { "id": "8f91f3fe-67d1-4b74-a558-f3140ea7f9b1", "building_name": "0", "building_class": "residential", "building_subtype": "residential", "height": 0.0, "num_floors": 3, "new_functional_class": "Residential", "all_poi_names": "No POIs recorded", "dominant_share_pct": 0.0, "final_functional_class": "Residential", "dominant_share_pct_formatted": "0.0%", "Retail_Food_Ratio_formatted": "0.0%", "Work": 0.0, "Food_Drink": 0.0, "Retail_Leisure": 0.0, "Education": 0.0, "Medical": 0.0, "Transportation": 0.0, "Other_POI": 0.0, "poi_sum": 0.0, "Retail_Food_Ratio": 0.0, "poi_names_list": "0" }, "geometry": { "type": "Polygon", "coordinates": [ [ [ -0.0094537, 51.5030762 ], [ -0.0094382, 51.5030335 ], [ -0.0092715, 51.5030574 ], [ -0.0092871, 51.5030998 ], [ -0.0094537, 51.5030762 ] ] ] } },
{ "type": "Feature", "properties": { "id": "f00140d6-ee2b-4128-9a1a-57b305d100ec", "building_name": "0", "building_class": "residential", "building_subtype": "residential", "height": 0.0, "num_floors": 3, "new_functional_class": "Residential", "all_poi_names": "No POIs recorded", "dominant_share_pct": 0.0, "final_functional_class": "Residential", "dominant_share_pct_formatted": "0.0%", "Retail_Food_Ratio_formatted": "0.0%", "Work": 0.0, "Food_Drink": 0.0, "Retail_Leisure": 0.0, "Education": 0.0, "Medical": 0.0, "Transportation": 0.0, "Other_POI": 0.0, "poi_sum": 0.0, "Retail_Food_Ratio": 0.0, "poi_names_list": "0" }, "geometry": { "type": "Polygon", "coordinates": [ [ [ -0.009303, 51.5031435 ], [ -0.0093163, 51.5031801 ], [ -0.0094829, 51.5031567 ], [ -0.0094696, 51.5031201 ], [ -0.009303, 51.5031435 ] ] ] } },
{ "type": "Feature", "properties": { "id": "f07c79fd-3d5a-42fe-bd64-4b9f02b193bd", "building_name": "0", "building_class": "residential", "building_subtype": "residential", "height": 0.0, "num_floors": 3, "new_functional_class": "Residential", "all_poi_names": "No POIs recorded", "dominant_share_pct": 0.0, "final_functional_class": "Residential", "dominant_share_pct_formatted": "0.0%", "Retail_Food_Ratio_formatted": "0.0%", "Work": 0.0, "Food_Drink": 0.0, "Retail_Leisure": 0.0, "Education": 0.0, "Medical": 0.0, "Transportation": 0.0, "Other_POI": 0.0, "poi_sum": 0.0, "Retail_Food_Ratio": 0.0, "poi_names_list": "0" }, "geometry": { "type": "Polygon", "coordinates": [ [ [ -0.0094537, 51.5030762 ], [ -0.0092871, 51.5030998 ], [ -0.009303, 51.5031435 ], [ -0.0094696, 51.5031201 ], [ -0.0094537, 51.5030762 ] ] ] } },
{ "type": "Feature", "properties": { "id": "9fdd7d26-1cf9-4b41-add4-b5d10a90b726", "building_name": "0", "building_class": "residential", "building_subtype": "residential", "height": 0.0, "num_floors": 3, "new_functional_class": "Residential", "all_poi_names": "No POIs recorded", "dominant_share_pct": 0.0, "final_functional_class": "Residential", "dominant_share_pct_formatted": "0.0%", "Retail_Food_Ratio_formatted": "0.0%", "Work": 0.0, "Food_Drink": 0.0, "Retail_Leisure": 0.0, "Education": 0.0, "Medical": 0.0, "Transportation": 0.0, "Other_POI": 0.0, "poi_sum": 0.0, "Retail_Food_Ratio": 0.0, "poi_names_list": "0" }, "geometry": { "type": "Polygon", "coordinates": [ [ [ -0.00933, 51.5032179 ], [ -0.0094966, 51.5031945 ], [ -0.0094829, 51.5031567 ], [ -0.0093163, 51.5031801 ], [ -0.00933, 51.5032179 ] ] ] } },
{ "type": "Feature", "properties": { "id": "85ef4dd7-81cf-4715-af27-ecc4982fa581", "building_name": "0", "building_class": "residential", "building_subtype": "residential", "height": 0.0, "num_floors": 3, "new_functional_class": "Residential", "all_poi_names": "No POIs recorded", "dominant_share_pct": 0.0, "final_functional_class": "Residential", "dominant_share_pct_formatted": "0.0%", "Retail_Food_Ratio_formatted": "0.0%", "Work": 0.0, "Food_Drink": 0.0, "Retail_Leisure": 0.0, "Education": 0.0, "Medical": 0.0, "Transportation": 0.0, "Other_POI": 0.0, "poi_sum": 0.0, "Retail_Food_Ratio": 0.0, "poi_names_list": "0" }, "geometry": { "type": "Polygon", "coordinates": [ [ [ -0.0093445, 51.5032579 ], [ -0.0095111, 51.5032345 ], [ -0.0094966, 51.5031945 ], [ -0.00933, 51.5032179 ], [ -0.0093445, 51.5032579 ] ] ] } },
{ "type": "Feature", "properties": { "id": "129a85c8-755e-4fe5-be23-f7fd94d01f8d", "building_name": "0", "building_class": "residential", "building_subtype": "residential", "height": 0.0, "num_floors": 3, "new_functional_class": "Residential", "all_poi_names": "No POIs recorded", "dominant_share_pct": 0.0, "final_functional_class": "Residential", "dominant_share_pct_formatted": "0.0%", "Retail_Food_Ratio_formatted": "0.0%", "Work": 0.0, "Food_Drink": 0.0, "Retail_Leisure": 0.0, "Education": 0.0, "Medical": 0.0, "Transportation": 0.0, "Other_POI": 0.0, "poi_sum": 0.0, "Retail_Food_Ratio": 0.0, "poi_names_list": "0" }, "geometry": { "type": "Polygon", "coordinates": [ [ [ -0.0093613, 51.5033043 ], [ -0.0095279, 51.5032809 ], [ -0.0095111, 51.5032345 ], [ -0.0093445, 51.5032579 ], [ -0.0093613, 51.5033043 ] ] ] } },
{ "type": "Feature", "properties": { "id": "e0048162-cc57-4b51-af24-19ccf4feec7a", "building_name": "0", "building_class": "residential", "building_subtype": "residential", "height": 0.0, "num_floors": 3, "new_functional_class": "Residential", "all_poi_names": "No POIs recorded", "dominant_share_pct": 0.0, "final_functional_class": "Residential", "dominant_share_pct_formatted": "0.0%", "Retail_Food_Ratio_formatted": "0.0%", "Work": 0.0, "Food_Drink": 0.0, "Retail_Leisure": 0.0, "Education": 0.0, "Medical": 0.0, "Transportation": 0.0, "Other_POI": 0.0, "poi_sum": 0.0, "Retail_Food_Ratio": 0.0, "poi_names_list": "0" }, "geometry": { "type": "Polygon", "coordinates": [ [ [ -0.0093781, 51.5033503 ], [ -0.0095446, 51.5033269 ], [ -0.0095279, 51.5032809 ], [ -0.0093613, 51.5033043 ], [ -0.0093781, 51.5033503 ] ] ] } },
{ "type": "Feature", "properties": { "id": "cb39b2d5-3fed-443c-b0b7-89dd9afaec77", "building_name": "0", "building_class": "residential", "building_subtype": "residential", "height": 0.0, "num_floors": 3, "new_functional_class": "Residential", "all_poi_names": "No POIs recorded", "dominant_share_pct": 0.0, "final_functional_class": "Residential", "dominant_share_pct_formatted": "0.0%", "Retail_Food_Ratio_formatted": "0.0%", "Work": 0.0, "Food_Drink": 0.0, "Retail_Leisure": 0.0, "Education": 0.0, "Medical": 0.0, "Transportation": 0.0, "Other_POI": 0.0, "poi_sum": 0.0, "Retail_Food_Ratio": 0.0, "poi_names_list": "0" }, "geometry": { "type": "Polygon", "coordinates": [ [ [ -0.0093945, 51.5033957 ], [ -0.0095611, 51.5033723 ], [ -0.0095446, 51.5033269 ], [ -0.0093781, 51.5033503 ], [ -0.0093945, 51.5033957 ] ] ] } },
{ "type": "Feature", "properties": { "id": "e71a7f99-c39a-4ea3-bc34-8428ed24e671", "building_name": "0", "building_class": "residential", "building_subtype": "residential", "height": 0.0, "num_floors": 3, "new_functional_class": "Residential", "all_poi_names": "No POIs recorded", "dominant_share_pct": 0.0, "final_functional_class": "Residential", "dominant_share_pct_formatted": "0.0%", "Retail_Food_Ratio_formatted": "0.0%", "Work": 0.0, "Food_Drink": 0.0, "Retail_Leisure": 0.0, "Education": 0.0, "Medical": 0.0, "Transportation": 0.0, "Other_POI": 0.0, "poi_sum": 0.0, "Retail_Food_Ratio": 0.0, "poi_names_list": "0" }, "geometry": { "type": "Polygon", "coordinates": [ [ [ -0.0094612, 51.5034301 ], [ -0.0095762, 51.503414 ], [ -0.0095611, 51.5033723 ], [ -0.0093945, 51.5033957 ], [ -0.0094097, 51.5034374 ], [ -0.0094238, 51.5034354 ], [ -0.0094612, 51.5034301 ] ] ] } },
{ "type": "Feature", "properties": { "id": "765219d9-af4b-46c3-affb-1852491d5663", "building_name": "0", "building_class": "residential", "building_subtype": "residential", "height": 0.0, "num_floors": 4, "new_functional_class": "Residential", "all_poi_names": "No POIs recorded", "dominant_share_pct": 0.0, "final_functional_class": "Residential", "dominant_share_pct_formatted": "0.0%", "Retail_Food_Ratio_formatted": "0.0%", "Work": 0.0, "Food_Drink": 0.0, "Retail_Leisure": 0.0, "Education": 0.0, "Medical": 0.0, "Transportation": 0.0, "Other_POI": 0.0, "poi_sum": 0.0, "Retail_Food_Ratio": 0.0, "poi_names_list": "0" }, "geometry": { "type": "Polygon", "coordinates": [ [ [ -0.0097558, 51.5034452 ], [ -0.0097447, 51.5034154 ], [ -0.0094716, 51.5034547 ], [ -0.0094668, 51.5034435 ], [ -0.0094612, 51.5034301 ], [ -0.0094238, 51.5034354 ], [ -0.0094292, 51.5034494 ], [ -0.0094647, 51.5035421 ], [ -0.0097752, 51.5034972 ], [ -0.0097558, 51.5034452 ] ] ] } },
{ "type": "Feature", "properties": { "id": "3c1883b4-acfc-4c98-80c0-19b3580c3505", "building_name": "State Street Bank & Trust", "building_class": "commercial", "building_subtype": "commercial", "height": 22.091981887817383, "num_floors": 0, "new_functional_class": "Commercial", "all_poi_names": "DirectSkills Ltd, NHS North East London, State Street, State Street Global Advisors Ltd., Unicorn Day Nursery", "dominant_share_pct": 60.0, "final_functional_class": "Office/HQ", "dominant_share_pct_formatted": "60.0%", "Retail_Food_Ratio_formatted": "0.0%", "Work": 1.0, "Food_Drink": 0.0, "Retail_Leisure": 0.0, "Education": 1.0, "Medical": 0.0, "Transportation": 0.0, "Other_POI": 3.0, "poi_sum": 5.0, "Retail_Food_Ratio": 0.0, "poi_names_list": "<details><summary>5 POIs (click to expand)</summary><ul><li>DirectSkills Ltd</li><li>NHS North East London</li><li>State Street</li><li>State Street Global Advisors Ltd.</li><li>Unicorn Day Nursery</li></ul></details>" }, "geometry": { "type": "Polygon", "coordinates": [ [ [ -0.0142828, 51.503355 ], [ -0.0142695, 51.5033536 ], [ -0.0140402, 51.5033286 ], [ -0.0139665, 51.5033203 ], [ -0.0138672, 51.5036732 ], [ -0.0136135, 51.5036441 ], [ -0.0135562, 51.5038198 ], [ -0.0134749, 51.5038417 ], [ -0.0133344, 51.5038817 ], [ -0.0132199, 51.5039139 ], [ -0.0132122, 51.503956 ], [ -0.0132335, 51.5039664 ], [ -0.0132609, 51.5039797 ], [ -0.0132913, 51.5039945 ], [ -0.0133267, 51.5040119 ], [ -0.0133594, 51.5040317 ], [ -0.0133938, 51.5040577 ], [ -0.0134148, 51.5040804 ], [ -0.0134303, 51.5041019 ], [ -0.0134455, 51.5041269 ], [ -0.0134571, 51.50415 ], [ -0.0134583, 51.5041627 ], [ -0.0134547, 51.5041745 ], [ -0.014099, 51.5042468 ], [ -0.0141977, 51.5039075 ], [ -0.0142522, 51.5037187 ], [ -0.014355, 51.5033624 ], [ -0.0142828, 51.503355 ] ] ] } },
{ "type": "Feature", "properties": { "id": "e11ce207-cf69-46f8-8c2a-9aaea740ff3c", "building_name": "15 Water Street", "building_class": "office", "building_subtype": "commercial", "height": 0.0, "num_floors": 15, "new_functional_class": "Office", "all_poi_names": "Feels Like June, TRIBE London Canary Wharf, Dishoom Canary Wharf", "dominant_share_pct": 66.666666666666657, "final_functional_class": "Small Retail/Dining", "dominant_share_pct_formatted": "66.7%", "Retail_Food_Ratio_formatted": "66.7%", "Work": 0.0, "Food_Drink": 2.0, "Retail_Leisure": 0.0, "Education": 0.0, "Medical": 0.0, "Transportation": 0.0, "Other_POI": 1.0, "poi_sum": 3.0, "Retail_Food_Ratio": 66.666666666666657, "poi_names_list": "<details><summary>3 POIs (click to expand)</summary><ul><li>Feels Like June</li><li>TRIBE London Canary Wharf</li><li>Dishoom Canary Wharf</li></ul></details>" }, "geometry": { "type": "Polygon", "coordinates": [ [ [ -0.0135348, 51.5033225 ], [ -0.0135444, 51.5033235 ], [ -0.0136094, 51.5030962 ], [ -0.0136021, 51.5030954 ], [ -0.0136034, 51.5030908 ], [ -0.0127376, 51.502995 ], [ -0.0127363, 51.5029994 ], [ -0.0127296, 51.5029987 ], [ -0.0126645, 51.5032259 ], [ -0.0126726, 51.5032268 ], [ -0.0126715, 51.5032309 ], [ -0.0135337, 51.5033266 ], [ -0.0135348, 51.5033225 ] ] ] } },
{ "type": "Feature", "properties": { "id": "8b14d7e0-94a8-4d5c-8053-38f720cbbe77", "building_name": "0", "building_class": "commercial", "building_subtype": "commercial", "height": 0.0, "num_floors": 0, "new_functional_class": "Commercial", "all_poi_names": "Marceline, Hovarda Canary Wharf", "dominant_share_pct": 100.0, "final_functional_class": "Small Retail/Dining", "dominant_share_pct_formatted": "100.0%", "Retail_Food_Ratio_formatted": "100.0%", "Work": 0.0, "Food_Drink": 2.0, "Retail_Leisure": 0.0, "Education": 0.0, "Medical": 0.0, "Transportation": 0.0, "Other_POI": 0.0, "poi_sum": 2.0, "Retail_Food_Ratio": 100.0, "poi_names_list": "<details><summary>2 POIs (click to expand)</summary><ul><li>Marceline</li><li>Hovarda Canary Wharf</li></ul></details>" }, "geometry": { "type": "Polygon", "coordinates": [ [ [ -0.013945, 51.5031282 ], [ -0.014462, 51.5031867 ], [ -0.014503, 51.5030462 ], [ -0.0143899, 51.5030335 ], [ -0.014375, 51.5030318 ], [ -0.0143569, 51.5030297 ], [ -0.013986, 51.5029878 ], [ -0.0139617, 51.503071 ], [ -0.013945, 51.5031282 ] ] ] } },
{ "type": "Feature", "properties": { "id": "e282794d-2725-4501-9902-76050ba0398c", "building_name": "Hawksmoor", "building_class": "commercial", "building_subtype": "commercial", "height": 0.0, "num_floors": 0, "new_functional_class": "Commercial", "all_poi_names": "The Lowback, Hawksmoor Bar Wood Wharf", "dominant_share_pct": 100.0, "final_functional_class": "Small Retail/Dining", "dominant_share_pct_formatted": "100.0%", "Retail_Food_Ratio_formatted": "100.0%", "Work": 0.0, "Food_Drink": 2.0, "Retail_Leisure": 0.0, "Education": 0.0, "Medical": 0.0, "Transportation": 0.0, "Other_POI": 0.0, "poi_sum": 2.0, "Retail_Food_Ratio": 100.0, "poi_names_list": "<details><summary>2 POIs (click to expand)</summary><ul><li>The Lowback</li><li>Hawksmoor Bar Wood Wharf</li></ul></details>" }, "geometry": { "type": "Polygon", "coordinates": [ [ [ -0.0147002, 51.5032379 ], [ -0.0152176, 51.5032964 ], [ -0.0152588, 51.5031549 ], [ -0.0151335, 51.5031407 ], [ -0.0147414, 51.5030965 ], [ -0.0147002, 51.5032379 ] ] ] } },
{ "type": "Feature", "properties": { "id": "e62e0d16-3a06-4f9c-8bb4-f56b59e7eb3f", "building_name": "0", "building_class": "office", "building_subtype": "commercial", "height": 130.0, "num_floors": 23, "new_functional_class": "Office", "all_poi_names": "Elena Meskhi & Co Accountancy Services, Visa Anh Quoc, Paycap Group, Leximco Solutions Ltd, 英國律師事務所, Clifford Morton, E2 Street Traders, Joseph Mayanja, Royal Optics UK, Sterling Grove Assets, Megaworld International Europe 2, Dental and Maxillofacial Radiology Academy, Orange Clan, Advanced Communities, YSIO;, Dhigna, FX Master, Upimm, Orbis Exchange Group, Pennyhills, Flambard Williams, Vericlean, Spirit Wealth Group, Mavalow Labs, Intropic, Menuflow, Asdeng Solicitors, A Star Student Recruits, Burstfire Networks Ltd., Daart Digital Agency UK, Vention - Software Development Company, AAT Events, EXANTE, WeDeliver, Top Offer Academy Ltd, Tech Nomads, Your Healthcare Global (formerly Your Nurse), HelloMe, Smart Connect Research, Cator Wells, AMO Consultancy Services, Lucky Hunter, Swift Sponsorship Ltd, MJ Support & Co, Bbatc Uk Limited, HTL Support, Tgpc Health, Tgpc Media, AddressGroopacc Taxation Ltd, EY, Currency Global, Lion Heart Education Service, TRENDYGOLF Canary Wharf, Imperial Dragon Property Management, Waveup, Prism Marketing Group, TaxAssist Accountants, PropertyLoop, Oasis Living, My Community Finance, 9 Designs, Uberplas Ltd, The London Watch Show, Onetrace, CFTE Centre for Finance, Technology and Entrepreneurship, Curtis and Mayfair, The Education Group, Pitch Wharf, Stopa Wealth Management Solutions, Billboard Media, Globepay Ltd., Flower Delivery London – Flowwow, Flowwow, Ernst & Young LLP, Doddler, SIRV, Amass Technology, Atoa, WeWork 30 Churchill Place, 25 Churchill Place", "dominant_share_pct": 62.5, "final_functional_class": "Office/HQ", "dominant_share_pct_formatted": "62.5%", "Retail_Food_Ratio_formatted": "2.5%", "Work": 50.0, "Food_Drink": 0.0, "Retail_Leisure": 2.0, "Education": 4.0, "Medical": 2.0, "Transportation": 0.0, "Other_POI": 22.0, "poi_sum": 80.0, "Retail_Food_Ratio": 2.5, "poi_names_list": "<details><summary>80 POIs (click to expand)</summary><ul><li>Elena Meskhi &amp; Co Accountancy Services</li><li>Visa Anh Quoc</li><li>Paycap Group</li><li>Leximco Solutions Ltd</li><li>英國律師事務所</li><li>Clifford Morton</li><li>E2 Street Traders</li><li>Joseph Mayanja</li><li>Royal Optics UK</li><li>Sterling Grove Assets</li><li>Megaworld International Europe 2</li><li>Dental and Maxillofacial Radiology Academy</li><li>Orange Clan</li><li>Advanced Communities</li><li>YSIO;</li><li>Dhigna</li><li>FX Master</li><li>Upimm</li><li>Orbis Exchange Group</li><li>Pennyhills</li><li>Flambard Williams</li><li>Vericlean</li><li>Spirit Wealth Group</li><li>Mavalow Labs</li><li>Intropic</li><li>Menuflow</li><li>Asdeng Solicitors</li><li>A Star Student Recruits</li><li>Burstfire Networks Ltd.</li><li>Daart Digital Agency UK</li><li>Vention - Software Development Company</li><li>AAT Events</li><li>EXANTE</li><li>WeDeliver</li><li>Top Offer Academy Ltd</li><li>Tech Nomads</li><li>Your Healthcare Global (formerly Your Nurse)</li><li>HelloMe</li><li>Smart Connect Research</li><li>Cator Wells</li><li>AMO Consultancy Services</li><li>Lucky Hunter</li><li>Swift Sponsorship Ltd</li><li>MJ Support &amp; Co</li><li>Bbatc Uk Limited</li><li>HTL Support</li><li>Tgpc Health</li><li>Tgpc Media</li><li>AddressGroopacc Taxation Ltd</li><li>EY</li><li>Currency Global</li><li>Lion Heart Education Service</li><li>TRENDYGOLF Canary Wharf</li><li>Imperial Dragon Property Management</li><li>Waveup</li><li>Prism Marketing Group</li><li>TaxAssist Accountants</li><li>PropertyLoop</li><li>Oasis Living</li><li>My Community Finance</li><li>9 Designs</li><li>Uberplas Ltd</li><li>The London Watch Show</li><li>Onetrace</li><li>CFTE Centre for Finance, Technology and Entrepreneurship</li><li>Curtis and Mayfair</li><li>The Education Group</li><li>Pitch Wharf</li><li>Stopa Wealth Management Solutions</li><li>Billboard Media</li><li>Globepay Ltd.</li><li>Flower Delivery London – Flowwow</li><li>Flowwow</li><li>Ernst &amp; Young LLP</li><li>Doddler</li><li>SIRV</li><li>Amass Technology</li><li>Atoa</li><li>WeWork 30 Churchill Place</li><li>25 Churchill Place</li></ul></details>" }, "geometry": { "type": "Polygon", "coordinates": [ [ [ -0.0148848, 51.5040521 ], [ -0.0150513, 51.5040704 ], [ -0.0150855, 51.5039475 ], [ -0.0151499, 51.5037175 ], [ -0.0151287, 51.5037153 ], [ -0.0151525, 51.5036298 ], [ -0.0151732, 51.503632 ], [ -0.0152067, 51.5035162 ], [ -0.0151893, 51.5034912 ], [ -0.0151703, 51.5034828 ], [ -0.0148535, 51.5034426 ], [ -0.0145446, 51.5034074 ], [ -0.0143703, 51.5039973 ], [ -0.0145527, 51.5040167 ], [ -0.0148848, 51.5040521 ] ] ] } },
{ "type": "Feature", "properties": { "id": "ff07dd7f-5449-4cc5-9f8f-d115a85a11d4", "building_name": "McGraw Hill", "building_class": "office", "building_subtype": "commercial", "height": 70.95, "num_floors": 20, "new_functional_class": "Office", "all_poi_names": "The Steel Index Ltd., Underground-Canary Wharf, WaterAid UK, BP, British Petroleum, Canary Wharf Underground Station, Scarpetta, Savills Canary Wharf Estate Agents, Secureway Courier Services, Hamptons Estate And Letting Agents Canary Wharf, TotsCrops Children’s Hairdressing Service, McGraw-Hill, Foxtons, DPD Parcel Shop Location - Cycle Republic, The Café bbq UK, Debt Collection Agency London, Altery, Rockar Land Rover Experience Centre, Foxtons Canary Wharf Estate Agents", "dominant_share_pct": 35.0, "final_functional_class": "Office/HQ", "dominant_share_pct_formatted": "35.0%", "Retail_Food_Ratio_formatted": "10.0%", "Work": 7.0, "Food_Drink": 2.0, "Retail_Leisure": 0.0, "Education": 0.0, "Medical": 0.0, "Transportation": 4.0, "Other_POI": 7.0, "poi_sum": 20.0, "Retail_Food_Ratio": 10.0, "poi_names_list": "<details><summary>20 POIs (click to expand)</summary><ul><li>The Steel Index Ltd.</li><li>Underground-Canary Wharf</li><li>WaterAid UK</li><li>BP</li><li>British Petroleum</li><li>Canary Wharf Underground Station</li><li>Scarpetta</li><li>Savills Canary Wharf Estate Agents</li><li>Secureway Courier Services</li><li>Hamptons Estate And Letting Agents Canary Wharf</li><li>TotsCrops Children’s Hairdressing Service</li><li>McGraw-Hill</li><li>Foxtons</li><li>DPD Parcel Shop Location - Cycle Republic</li><li>The Café bbq UK</li><li>Debt Collection Agency London</li><li>Altery</li><li>Rockar Land Rover Experience Centre</li><li>Hamptons Estate And Letting Agents Canary Wharf</li><li>Foxtons Canary Wharf Estate Agents</li></ul></details>" }, "geometry": { "type": "Polygon", "coordinates": [ [ [ -0.0158794, 51.5040601 ], [ -0.0170009, 51.504183 ], [ -0.0170152, 51.5041963 ], [ -0.0170308, 51.504202 ], [ -0.0170437, 51.5042037 ], [ -0.0170568, 51.5042032 ], [ -0.0170692, 51.5042006 ], [ -0.0170824, 51.5041933 ], [ -0.0170888, 51.5041861 ], [ -0.017092, 51.5041781 ], [ -0.0170916, 51.5041699 ], [ -0.0170879, 51.504162 ], [ -0.017081, 51.504155 ], [ -0.0170714, 51.5041494 ], [ -0.0171989, 51.5036942 ], [ -0.016018, 51.5035655 ], [ -0.0158794, 51.5040601 ] ] ] } },
{ "type": "Feature", "properties": { "id": "fcbbaabe-4a1c-4235-b8ad-e244a152c63b", "building_name": "Canary Wharf Station West Entrance", "building_class": "train_station", "building_subtype": "transportation", "height": 0.0, "num_floors": 2, "new_functional_class": "Transportation", "all_poi_names": "Adam Grooming Atelier, Neal's Yard Remedies, Jen Tea 茶珍園, JPMorgan Chase & Co., Canary Warf Business Area, Jubilee Park, Mobile Lab, The Savanna, Knot, Bagel Factory", "dominant_share_pct": 40.0, "final_functional_class": "Transit Hub", "dominant_share_pct_formatted": "40.0%", "Retail_Food_Ratio_formatted": "70.0%", "Work": 1.0, "Food_Drink": 4.0, "Retail_Leisure": 3.0, "Education": 0.0, "Medical": 0.0, "Transportation": 0.0, "Other_POI": 2.0, "poi_sum": 10.0, "Retail_Food_Ratio": 70.0, "poi_names_list": "<details><summary>10 POIs (click to expand)</summary><ul><li>Adam Grooming Atelier</li><li>Neal&#x27;s Yard Remedies</li><li>Jen Tea 茶珍園</li><li>JPMorgan Chase &amp; Co.</li><li>Canary Warf Business Area</li><li>Jubilee Park</li><li>Mobile Lab</li><li>The Savanna</li><li>Knot</li><li>Bagel Factory</li></ul></details>" }, "geometry": { "type": "Polygon", "coordinates": [ [ [ -0.0196776, 51.5036139 ], [ -0.019711, 51.5034947 ], [ -0.0196286, 51.5034815 ], [ -0.0195661, 51.503477 ], [ -0.0195065, 51.5034772 ], [ -0.019451, 51.5034818 ], [ -0.019393, 51.5034922 ], [ -0.0193444, 51.5035076 ], [ -0.0193115, 51.5035245 ], [ -0.0192882, 51.5035444 ], [ -0.0192757, 51.503567 ], [ -0.0192752, 51.5035909 ], [ -0.0192863, 51.5036146 ], [ -0.019308, 51.5036374 ], [ -0.0193454, 51.5036621 ], [ -0.0193943, 51.5036841 ], [ -0.0194441, 51.5037001 ], [ -0.0195001, 51.5037129 ], [ -0.0195613, 51.5037218 ], [ -0.019646, 51.5037267 ], [ -0.0196776, 51.5036139 ] ] ] } },
{ "type": "Feature", "properties": { "id": "2722f1ef-7bd1-421e-9613-bba8dfa33e94", "building_name": "0", "building_class": "roof", "building_subtype": "outbuilding", "height": 0.0, "num_floors": 0, "new_functional_class": "Infrastructure", "all_poi_names": "Smashing Plates, Wildwood, smilepod - Jubilee Place, Søstrene Grene, Kiehl's, Nicholson and Griffin, Amazon Locker - saad, French Connection, Wolters Kluwer, Palamedes P R, Rituals, Browns Tanning, M&S Foodhall, M&S Travel Money, COS, David Clulow Opticians - Canary Wharf - Jubilee Place, Nando's, The Greenhouse Theatre, ASICS, MAC Cosmetics, The Body Shop Canary Wharf, Ole & Steen UK, Next, Paris Baguette, Paul, Jubilee Place, Newyork Stock Exchange, Burrells Jewellers, Tiger of Sweden, Cafe Brera, Black Sheep Coffee, Radio Alice - Canary Wharf, Thérapie Clinic, The White Company, PAUL Jubilee Place, Blow Ltd, wagamama canary wharf, East Wintergarden, Marks and Spencer, Miller London , itsu, Jon Hala Salon, Chipotle Mexican Grill, LEON Jubilee Place, Schuh, Chicken Shop, Pho Canary Wharf, Bimba Y Lola, Vamos Let's Learn Spanish", "dominant_share_pct": 32.0, "final_functional_class": "Shopping Mall", "dominant_share_pct_formatted": "32.0%", "Retail_Food_Ratio_formatted": "64.0%", "Work": 3.0, "Food_Drink": 16.0, "Retail_Leisure": 16.0, "Education": 2.0, "Medical": 2.0, "Transportation": 1.0, "Other_POI": 10.0, "poi_sum": 50.0, "Retail_Food_Ratio": 64.0, "poi_names_list": "<details><summary>50 POIs (click to expand)</summary><ul><li>Smashing Plates</li><li>Wildwood</li><li>smilepod - Jubilee Place</li><li>Søstrene Grene</li><li>Kiehl&#x27;s</li><li>Nicholson and Griffin</li><li>Amazon Locker - saad</li><li>French Connection</li><li>Wolters Kluwer</li><li>Palamedes P R</li><li>Rituals</li><li>Browns Tanning</li><li>M&amp;S Foodhall</li><li>M&amp;S Travel Money</li><li>COS</li><li>David Clulow Opticians - Canary Wharf - Jubilee Place</li><li>Nando&#x27;s</li><li>The Greenhouse Theatre</li><li>ASICS</li><li>MAC Cosmetics</li><li>The Body Shop Canary Wharf</li><li>Ole &amp; Steen UK</li><li>Next</li><li>Paris Baguette</li><li>Paul</li><li>Jubilee Place</li><li>Newyork Stock Exchange</li><li>Burrells Jewellers</li><li>Tiger of Sweden</li><li>Cafe Brera</li><li>Black Sheep Coffee</li><li>Radio Alice - Canary Wharf</li><li>Thérapie Clinic</li><li>The White Company</li><li>PAUL Jubilee Place</li><li>Blow Ltd</li><li>wagamama canary wharf</li><li>East Wintergarden</li><li>Marks and Spencer</li><li>Miller London </li><li>itsu</li><li>Jon Hala Salon</li><li>Chipotle Mexican Grill</li><li>LEON Jubilee Place</li><li>Schuh</li><li>Chicken Shop</li><li>Pho Canary Wharf</li><li>Bimba Y Lola</li><li>Vamos Let&#x27;s Learn Spanish</li><li>Chipotle Mexican Grill</li></ul></details>" }, "geometry": { "type": "Polygon", "coordinates": [ [ [ -0.0186961, 51.5031708 ], [ -0.0187573, 51.5030605 ], [ -0.0187401, 51.5029405 ], [ -0.0186249, 51.5029744 ], [ -0.0185753, 51.5029677 ], [ -0.0184912, 51.502915 ], [ -0.018406, 51.5030219 ], [ -0.0183936, 51.5031357 ], [ -0.018436, 51.5031516 ], [ -0.0184792, 51.5031678 ], [ -0.0185423, 51.5031766 ], [ -0.0186095, 51.5031836 ], [ -0.0186553, 51.5031768 ], [ -0.0186961, 51.5031708 ] ] ] } },
{ "type": "Feature", "properties": { "id": "a6931a2f-7c62-4329-a241-737508242c3f", "building_name": "Fosterito Entrance", "building_class": "train_station", "building_subtype": "transportation", "height": 0.0, "num_floors": 1, "new_functional_class": "Transportation", "all_poi_names": "Standard & Poor's Ratings Group, 640East, Deutsche bank Canary wharf, B P Head Office, Standard and Poor's", "dominant_share_pct": 80.0, "final_functional_class": "Transit Hub", "dominant_share_pct_formatted": "80.0%", "Retail_Food_Ratio_formatted": "20.0%", "Work": 4.0, "Food_Drink": 1.0, "Retail_Leisure": 0.0, "Education": 0.0, "Medical": 0.0, "Transportation": 0.0, "Other_POI": 0.0, "poi_sum": 5.0, "Retail_Food_Ratio": 20.0, "poi_names_list": "<details><summary>5 POIs (click to expand)</summary><ul><li>Standard &amp; Poor&#x27;s Ratings Group</li><li>640East</li><li>Deutsche bank Canary wharf</li><li>B P Head Office</li><li>Standard and Poor&#x27;s</li></ul></details>" }, "geometry": { "type": "Polygon", "coordinates": [ [ [ -0.01689, 51.5032367 ], [ -0.0168789, 51.5032765 ], [ -0.0171067, 51.5033013 ], [ -0.0171448, 51.5033026 ], [ -0.0171802, 51.5032979 ], [ -0.0172057, 51.5032878 ], [ -0.0172168, 51.5032746 ], [ -0.0172135, 51.5032597 ], [ -0.0171951, 51.5032449 ], [ -0.0171643, 51.503233 ], [ -0.0171277, 51.5032262 ], [ -0.0168999, 51.5032015 ], [ -0.01689, 51.5032367 ] ] ] } },
{ "type": "Feature", "properties": { "id": "a1add219-dbe3-4f56-a316-bb16ac3dca4b", "building_name": "East Entrance", "building_class": "train_station", "building_subtype": "transportation", "height": 0.0, "num_floors": 1, "new_functional_class": "Transportation", "all_poi_names": "Thomas Exchange Global, WHSmith, Orlebar Brown Beach Bar, bp Pulse", "dominant_share_pct": 25.0, "final_functional_class": "Transit Hub", "dominant_share_pct_formatted": "25.0%", "Retail_Food_Ratio_formatted": "25.0%", "Work": 1.0, "Food_Drink": 1.0, "Retail_Leisure": 0.0, "Education": 0.0, "Medical": 0.0, "Transportation": 1.0, "Other_POI": 1.0, "poi_sum": 4.0, "Retail_Food_Ratio": 25.0, "poi_names_list": "<details><summary>4 POIs (click to expand)</summary><ul><li>Thomas Exchange Global</li><li>WHSmith</li><li>Orlebar Brown Beach Bar</li><li>bp Pulse</li></ul></details>" }, "geometry": { "type": "Polygon", "coordinates": [ [ [ -0.017626, 51.5032684 ], [ -0.017561, 51.5035005 ], [ -0.0176434, 51.5035137 ], [ -0.0177058, 51.5035181 ], [ -0.0177655, 51.5035179 ], [ -0.017821, 51.5035134 ], [ -0.017879, 51.503503 ], [ -0.0179276, 51.5034876 ], [ -0.0179605, 51.5034707 ], [ -0.0179838, 51.5034508 ], [ -0.0179963, 51.5034282 ], [ -0.0179968, 51.5034042 ], [ -0.0179857, 51.5033806 ], [ -0.017964, 51.5033578 ], [ -0.0179266, 51.503333 ], [ -0.0178777, 51.503311 ], [ -0.0178279, 51.5032951 ], [ -0.0177719, 51.5032823 ], [ -0.0177107, 51.5032733 ], [ -0.017626, 51.5032684 ] ] ] } },
{ "type": "Feature", "properties": { "id": "cc72c0ea-7504-42ec-8aec-33daafcd6451", "building_name": "0", "building_class": "office", "building_subtype": "commercial", "height": 151.0, "num_floors": 30, "new_functional_class": "Office", "all_poi_names": "Projectsdeal - Uk's Most Popular Dissertation Writing Servic, InPost, HCA Healthcare, Billionaire's Club, Docklands Healthcare, Trucost, MasterCard, Projectsdeal - Dissertation & Essay Writing Service UK, Mastercard Global Services, Total Gas & Power, Source EV, Jake Claver DAG, Blossoms Healthcare - Canary Wharf, 10 Upper Bank Street, Envision World, Teo Totev Photography, Clifford Chance, Blossoms Healthcare - Upper Bank Street, Ftse International, Rubbish Removal Canary Wharf Ltd., Storage Docklands, Barclays ATM, Zelrith LTD, Infosys Technologies, EE Consulting", "dominant_share_pct": 48.0, "final_functional_class": "Office/HQ", "dominant_share_pct_formatted": "48.0%", "Retail_Food_Ratio_formatted": "8.0%", "Work": 12.0, "Food_Drink": 0.0, "Retail_Leisure": 2.0, "Education": 0.0, "Medical": 4.0, "Transportation": 0.0, "Other_POI": 7.0, "poi_sum": 25.0, "Retail_Food_Ratio": 8.0, "poi_names_list": "<details><summary>25 POIs (click to expand)</summary><ul><li>Projectsdeal - Uk&#x27;s Most Popular Dissertation Writing Servic</li><li>InPost</li><li>HCA Healthcare</li><li>Billionaire&#x27;s Club</li><li>Docklands Healthcare</li><li>Trucost</li><li>MasterCard</li><li>Projectsdeal - Dissertation &amp; Essay Writing Service UK</li><li>Mastercard Global Services</li><li>Total Gas &amp; Power</li><li>Source EV</li><li>Jake Claver DAG</li><li>Blossoms Healthcare - Canary Wharf</li><li>10 Upper Bank Street</li><li>Envision World</li><li>Teo Totev Photography</li><li>Clifford Chance</li><li>Blossoms Healthcare - Upper Bank Street</li><li>Ftse International</li><li>Rubbish Removal Canary Wharf Ltd.</li><li>Storage Docklands</li><li>Barclays ATM</li><li>Zelrith LTD</li><li>Infosys Technologies</li><li>EE Consulting</li></ul></details>" }, "geometry": { "type": "Polygon", "coordinates": [ [ [ -0.0173452, 51.5026259 ], [ -0.0174702, 51.5021796 ], [ -0.0174094, 51.502173 ], [ -0.017423, 51.5021212 ], [ -0.0166755, 51.5020401 ], [ -0.0166619, 51.5020919 ], [ -0.0166026, 51.5020854 ], [ -0.0165241, 51.5023657 ], [ -0.0165804, 51.5023718 ], [ -0.0165339, 51.5025378 ], [ -0.0165185, 51.5025928 ], [ -0.016432, 51.5025834 ], [ -0.0164011, 51.5026937 ], [ -0.0163105, 51.5026839 ], [ -0.016247, 51.5029106 ], [ -0.0163376, 51.5029205 ], [ -0.0163145, 51.5030029 ], [ -0.0172646, 51.503106 ], [ -0.0172785, 51.5030561 ], [ -0.0173574, 51.5030647 ], [ -0.0174137, 51.5028639 ], [ -0.0174312, 51.5028013 ], [ -0.0173523, 51.5027927 ], [ -0.0173821, 51.5026865 ], [ -0.0173298, 51.5026809 ], [ -0.0173452, 51.5026259 ] ] ] } },
{ "type": "Feature", "properties": { "id": "8a6a6456-5ff1-4be7-9a11-7a82b9ed825d", "building_name": "Northern Trust", "building_class": "commercial", "building_subtype": "commercial", "height": 0.0, "num_floors": 16, "new_functional_class": "Commercial", "all_poi_names": "Right Management, Man With Van Canary Wharf Ltd., Monica Vinader, Farmer J Jubilee Place, Claim Line 365, Northern Trust, Smashing Plates - Canary Wharf, Molton Brown", "dominant_share_pct": 37.5, "final_functional_class": "Mixed-use/Complex", "dominant_share_pct_formatted": "37.5%", "Retail_Food_Ratio_formatted": "50.0%", "Work": 3.0, "Food_Drink": 2.0, "Retail_Leisure": 2.0, "Education": 0.0, "Medical": 0.0, "Transportation": 0.0, "Other_POI": 1.0, "poi_sum": 8.0, "Retail_Food_Ratio": 50.0, "poi_names_list": "<details><summary>8 POIs (click to expand)</summary><ul><li>Right Management</li><li>Man With Van Canary Wharf Ltd.</li><li>Monica Vinader</li><li>Farmer J Jubilee Place</li><li>Claim Line 365</li><li>Northern Trust</li><li>Smashing Plates - Canary Wharf</li><li>Molton Brown</li></ul></details>" }, "geometry": { "type": "Polygon", "coordinates": [ [ [ -0.0184817, 51.5023196 ], [ -0.0184999, 51.5022546 ], [ -0.0177758, 51.5021761 ], [ -0.0176707, 51.502551 ], [ -0.0183949, 51.5026295 ], [ -0.0184817, 51.5023196 ] ] ] } },
{ "type": "Feature", "properties": { "id": "d2b07e0e-59df-4c73-be75-b4b7032dd1d5", "building_name": "40 Bank Street", "building_class": "office", "building_subtype": "commercial", "height": 153.0, "num_floors": 32, "new_functional_class": "Office", "all_poi_names": "RSVP Call Centre, FreeDebtHelpline, Web Science Trust, AdXcelerator Ltd, Shell, Exceptional Health, Pinney Talfourd Solicitors, Glamoessence Ltd, Human Science Lab, Skadden Arps Slate Meagher & Flom, Financial Smarter, AAG Markets, Purple Stone PR, Vstream, Cryptoz Trading, Cyber 1, Bell Holdings & Management Limited, M&S Canary Wharf, Cooper Associates Ltd. London, Moaden Accounting, Morrinson Wealth Wellbeing, CruiseGenie, Teambuild Consultancy, Landmark Private Finance, Daily Wellness Progress, Salibo, Success Moves Sales, مكاتب الرميثي للمحاماة , Landmark Residential, Garton Global, MT Accountants , Composite Roof Supplies, Parlo, Journal Publishing Expert, Alpha Bay Capital Ltd., Satari Ajikawo Investment Bank, HLS Apartments, London Scanning, U & I Accounting, Capumen Executive Recruitment, Sharp Design Co, Richards Ascot Richards Ltd, Pro-Debt, Hexaware Technologies, Manchester Airport Taxis, Whyte Rock LTD, Lustrum Investments, UK Consumer Panels, myWorld, London Management Qualifications, Cash On Referral, Nordlicht Partners, Sean Hanna, CCT Venues Plus-Bank Street, Reiss Canary Wharf, GNC Lean-Agile Consulting, Gelito, Intel London, JNS Education Consultant, China Unicom, Designs Pedia, First Dawn Real Estate Ltd, Apollo Private Wealth, Clinianity Health Tourism and Consultancy, AYS Consulting Firm, EP Advisory, CityHomez, IIT Software Limited, Programmes for NGOs, IIT Software Academy, Industrial Deafness Lawyers, Worldwide Consular Specialists Docurement, Emerio Banque, RiverArk Ltd., Russell-Cooke Solicitors, DRE Residential, Regeneron Uk Ltd., Indigo 21, SSV Capital PLC, Landmark Office Space - Canary Wharf, Stan Lee Accountancy Ltd., Sanyou London Pvt Ltd, Constructify, Sustainow Media Lab, QLMTeleGym, Fordon Group, EUCplus Limited, Education Pathways, Realtor's Solutions, Scallop Group, Hidden Gemz, Wealthmans, Consulting With Shan, The Village Girl Foundation, FluCamp - London Clinical Trial Quarantine Facility, JBrown Canary Wharf, TEFL, Support Revolution, Vibration White Finger Solicitors, GGE Pakistan, Saxo Markets UK Ltd., Testhouse, Si's Tech Photostudios, Bratby Law, Global Group of Education, Vaylia Integrated Security, Worktual, JNS Education London, Starbucks Coffee, Saxo Bank, Australia & New Zealand Banking Group, Seguro de Vida e Protecao do Salario, Poplar Locksmiths, George Mortimer, OneWealth Ltd, 40 Bank Street, Solar Batteries UK, We Have Any Deals, Awesta Charitable Organisation, iData Vision, Research Planet, Betinvest, Alliance Digital Corporation Banque, HM Services & Consultancy, globepay limited, upoil TANKERS & TRADING INC", "dominant_share_pct": 50.0, "final_functional_class": "Office/HQ", "dominant_share_pct_formatted": "50.0%", "Retail_Food_Ratio_formatted": "4.7%", "Work": 64.0, "Food_Drink": 1.0, "Retail_Leisure": 5.0, "Education": 15.0, "Medical": 2.0, "Transportation": 6.0, "Other_POI": 35.0, "poi_sum": 128.0, "Retail_Food_Ratio": 4.6875, "poi_names_list": "<details><summary>128 POIs (click to expand)</summary><ul><li>RSVP Call Centre</li><li>FreeDebtHelpline</li><li>Web Science Trust</li><li>AdXcelerator Ltd</li><li>Shell</li><li>Exceptional Health</li><li>Pinney Talfourd Solicitors</li><li>Glamoessence Ltd</li><li>Human Science Lab</li><li>Skadden Arps Slate Meagher &amp; Flom</li><li>Financial Smarter</li><li>AAG Markets</li><li>Purple Stone PR</li><li>Vstream</li><li>Cryptoz Trading</li><li>Cyber 1</li><li>Bell Holdings &amp; Management Limited</li><li>M&amp;S Canary Wharf</li><li>Cooper Associates Ltd. London</li><li>Moaden Accounting</li><li>Morrinson Wealth Wellbeing</li><li>CruiseGenie</li><li>Teambuild Consultancy</li><li>Landmark Private Finance</li><li>Daily Wellness Progress</li><li>Salibo</li><li>Success Moves Sales</li><li>مكاتب الرميثي للمحاماة </li><li>Landmark Residential</li><li>Garton Global</li><li>MT Accountants </li><li>Composite Roof Supplies</li><li>Parlo</li><li>Journal Publishing Expert</li><li>Alpha Bay Capital Ltd.</li><li>Satari Ajikawo Investment Bank</li><li>HLS Apartments</li><li>London Scanning</li><li>U &amp; I Accounting</li><li>Capumen Executive Recruitment</li><li>Sharp Design Co</li><li>Richards Ascot Richards Ltd</li><li>Pro-Debt</li><li>Hexaware Technologies</li><li>Manchester Airport Taxis</li><li>Whyte Rock LTD</li><li>Lustrum Investments</li><li>UK Consumer Panels</li><li>myWorld</li><li>London Management Qualifications</li><li>Cash On Referral</li><li>Nordlicht Partners</li><li>Sean Hanna</li><li>CCT Venues Plus-Bank Street</li><li>Reiss Canary Wharf</li><li>GNC Lean-Agile Consulting</li><li>Gelito</li><li>Intel London</li><li>JNS Education Consultant</li><li>China Unicom</li><li>Designs Pedia</li><li>First Dawn Real Estate Ltd</li><li>Apollo Private Wealth</li><li>Clinianity Health Tourism and Consultancy</li><li>AYS Consulting Firm</li><li>EP Advisory</li><li>CityHomez</li><li>IIT Software Limited</li><li>Programmes for NGOs</li><li>IIT Software Academy</li><li>IIT Software Academy</li><li>Industrial Deafness Lawyers</li><li>Worldwide Consular Specialists Docurement</li><li>Emerio Banque</li><li>RiverArk Ltd.</li><li>Russell-Cooke Solicitors</li><li>DRE Residential</li><li>Regeneron Uk Ltd.</li><li>Indigo 21</li><li>SSV Capital PLC</li><li>Landmark Office Space - Canary Wharf</li><li>Stan Lee Accountancy Ltd.</li><li>Sanyou London Pvt Ltd</li><li>AYS Consulting Firm</li><li>Constructify</li><li>Sustainow Media Lab</li><li>QLMTeleGym</li><li>Fordon Group</li><li>EUCplus Limited</li><li>Education Pathways</li><li>Realtor&#x27;s Solutions</li><li>Scallop Group</li><li>Hidden Gemz</li><li>Wealthmans</li><li>Consulting With Shan</li><li>The Village Girl Foundation</li><li>FluCamp - London Clinical Trial Quarantine Facility</li><li>JBrown Canary Wharf</li><li>TEFL</li><li>Support Revolution</li><li>Vibration White Finger Solicitors</li><li>GGE Pakistan</li><li>Saxo Markets UK Ltd.</li><li>Testhouse</li><li>Si&#x27;s Tech Photostudios</li><li>Bratby Law</li><li>Global Group of Education</li><li>Vaylia Integrated Security</li><li>Worktual</li><li>JNS Education London</li><li>Starbucks Coffee</li><li>Saxo Bank</li><li>Australia &amp; New Zealand Banking Group</li><li>Seguro de Vida e Protecao do Salario</li><li>Poplar Locksmiths</li><li>George Mortimer</li><li>OneWealth Ltd</li><li>40 Bank Street</li><li>Solar Batteries UK</li><li>We Have Any Deals</li><li>Awesta Charitable Organisation</li><li>iData Vision</li><li>Research Planet</li><li>Betinvest</li><li>Alliance Digital Corporation Banque</li><li>HM Services &amp; Consultancy</li><li>globepay limited</li><li>upoil TANKERS &amp; TRADING INC</li></ul></details>" }, "geometry": { "type": "Polygon", "coordinates": [ [ [ -0.0198626, 51.5024507 ], [ -0.0198756, 51.502404 ], [ -0.0190654, 51.502316 ], [ -0.0190472, 51.502381 ], [ -0.0189604, 51.5026909 ], [ -0.0193648, 51.5027348 ], [ -0.0197706, 51.5027789 ], [ -0.0197836, 51.5027324 ], [ -0.0198626, 51.5024507 ] ] ] } },
{ "type": "Feature", "properties": { "id": "25c810fb-17d0-4331-9c9a-6cc5f5bb8042", "building_name": "JP Morgan", "building_class": "office", "building_subtype": "commercial", "height": 153.0, "num_floors": 33, "new_functional_class": "Office", "all_poi_names": "Waterside Physiotherapy, Canary Wharf NHS Walk In Centre, Chase, 20 Bank Street, J.P. Morgan Mansart Funds, Tootsies, Starbucks, Westfield Health Gym, Starbucks Coffee, Friday's Pub, Botpesa Markets", "dominant_share_pct": 36.363636363636367, "final_functional_class": "Office/HQ", "dominant_share_pct_formatted": "36.4%", "Retail_Food_Ratio_formatted": "27.3%", "Work": 4.0, "Food_Drink": 3.0, "Retail_Leisure": 0.0, "Education": 0.0, "Medical": 2.0, "Transportation": 0.0, "Other_POI": 2.0, "poi_sum": 11.0, "Retail_Food_Ratio": 27.27272727272727, "poi_names_list": "<details><summary>11 POIs (click to expand)</summary><ul><li>Waterside Physiotherapy</li><li>Canary Wharf NHS Walk In Centre</li><li>Chase</li><li>20 Bank Street</li><li>J.P. Morgan Mansart Funds</li><li>Tootsies</li><li>Starbucks</li><li>Westfield Health Gym</li><li>Starbucks Coffee</li><li>Friday&#x27;s Pub</li><li>Botpesa Markets</li></ul></details>" }, "geometry": { "type": "Polygon", "coordinates": [ [ [ -0.0212895, 51.5032529 ], [ -0.0214736, 51.5025787 ], [ -0.0204324, 51.5024644 ], [ -0.0204193, 51.5025111 ], [ -0.0203404, 51.5027929 ], [ -0.0203066, 51.5029136 ], [ -0.0202286, 51.5029051 ], [ -0.0201424, 51.5032128 ], [ -0.0212687, 51.5033342 ], [ -0.0212895, 51.5032529 ] ] ] } },
{ "type": "Feature", "properties": { "id": "5df0e794-2aeb-4f9f-970b-5f9c3bb14fac", "building_name": "West Wintergarden", "building_class": "retail", "building_subtype": "commercial", "height": 0.0, "num_floors": 8, "new_functional_class": "Commercial", "all_poi_names": "Best Link Cleaning Services, Saxo Capital Markets UK Ltd., Maypole Energy Ltd., Zurich Private Capital, BaseLinked, Oysteria, Padium, Urban Greens, The Scott - Michaels Group, Obicà, Adam Grooming Atelier Jubilee Place", "dominant_share_pct": 54.54545454545454, "final_functional_class": "Office/HQ", "dominant_share_pct_formatted": "54.5%", "Retail_Food_Ratio_formatted": "27.3%", "Work": 2.0, "Food_Drink": 3.0, "Retail_Leisure": 0.0, "Education": 0.0, "Medical": 0.0, "Transportation": 0.0, "Other_POI": 6.0, "poi_sum": 11.0, "Retail_Food_Ratio": 27.27272727272727, "poi_names_list": "<details><summary>11 POIs (click to expand)</summary><ul><li>Best Link Cleaning Services</li><li>Saxo Capital Markets UK Ltd.</li><li>Maypole Energy Ltd.</li><li>Zurich Private Capital</li><li>BaseLinked</li><li>Oysteria</li><li>Padium</li><li>Urban Greens</li><li>The Scott - Michaels Group</li><li>Obicà</li><li>Adam Grooming Atelier Jubilee Place</li></ul></details>" }, "geometry": { "type": "Polygon", "coordinates": [ [ [ -0.0203404, 51.5027929 ], [ -0.0204193, 51.5025111 ], [ -0.0201982, 51.5024871 ], [ -0.0198626, 51.5024507 ], [ -0.0197836, 51.5027324 ], [ -0.0201202, 51.502769 ], [ -0.0203404, 51.5027929 ] ] ] } },
{ "type": "Feature", "properties": { "id": "fd96a0d8-1fcf-40da-9dc7-5a2f986ece38", "building_name": "0", "building_class": "service", "building_subtype": "service", "height": 0.0, "num_floors": 0, "new_functional_class": "Commercial", "all_poi_names": "No POIs recorded", "dominant_share_pct": 0.0, "final_functional_class": "Infrastructure", "dominant_share_pct_formatted": "0.0%", "Retail_Food_Ratio_formatted": "0.0%", "Work": 0.0, "Food_Drink": 0.0, "Retail_Leisure": 0.0, "Education": 0.0, "Medical": 0.0, "Transportation": 0.0, "Other_POI": 0.0, "poi_sum": 0.0, "Retail_Food_Ratio": 0.0, "poi_names_list": "0" }, "geometry": { "type": "Polygon", "coordinates": [ [ [ -0.0202616, 51.5024418 ], [ -0.0202556, 51.5024609 ], [ -0.0203116, 51.5024678 ], [ -0.0203176, 51.502449 ], [ -0.0203224, 51.5024338 ], [ -0.0203234, 51.5024307 ], [ -0.0202673, 51.5024238 ], [ -0.0202616, 51.5024418 ] ] ] } },
{ "type": "Feature", "properties": { "id": "89962572-8843-4725-b0ee-29311954b535", "building_name": "0", "building_class": "office", "building_subtype": "commercial", "height": 0.0, "num_floors": 9, "new_functional_class": "Office", "all_poi_names": "TfL Santander Cycle Hire", "dominant_share_pct": 100.0, "final_functional_class": "Other", "dominant_share_pct_formatted": "100.0%", "Retail_Food_Ratio_formatted": "0.0%", "Work": 0.0, "Food_Drink": 0.0, "Retail_Leisure": 0.0, "Education": 0.0, "Medical": 0.0, "Transportation": 0.0, "Other_POI": 1.0, "poi_sum": 1.0, "Retail_Food_Ratio": 0.0, "poi_names_list": "<details><summary>1 POIs (click to expand)</summary><ul><li>TfL Santander Cycle Hire</li></ul></details>" }, "geometry": { "type": "Polygon", "coordinates": [ [ [ -0.0214782, 51.502562 ], [ -0.0214736, 51.5025787 ], [ -0.0212895, 51.5032529 ], [ -0.0213204, 51.5032563 ], [ -0.0213556, 51.5032602 ], [ -0.0213766, 51.5032624 ], [ -0.0214453, 51.5032695 ], [ -0.02147, 51.5032723 ], [ -0.0216478, 51.5032907 ], [ -0.0216895, 51.5032952 ], [ -0.0218797, 51.5025977 ], [ -0.0218469, 51.5025943 ], [ -0.0218227, 51.5025917 ], [ -0.0218209, 51.5025982 ], [ -0.0216535, 51.5025805 ], [ -0.0216291, 51.5025779 ], [ -0.0215751, 51.5025722 ], [ -0.0215457, 51.5025691 ], [ -0.0214782, 51.502562 ] ] ] } },
{ "type": "Feature", "properties": { "id": "7d217ccd-1004-47be-a329-334b154bc1fc", "building_name": "Morgan Stanley", "building_class": "office", "building_subtype": "commercial", "height": 0.0, "num_floors": 14, "new_functional_class": "Office", "all_poi_names": "Crosstown Doughnuts, Morgan Stanley, V Capital Limited, Bidrento, Morgan Stanley ,Canary Whaft . London Uk.", "dominant_share_pct": 60.0, "final_functional_class": "Office/HQ", "dominant_share_pct_formatted": "60.0%", "Retail_Food_Ratio_formatted": "20.0%", "Work": 3.0, "Food_Drink": 1.0, "Retail_Leisure": 0.0, "Education": 0.0, "Medical": 0.0, "Transportation": 0.0, "Other_POI": 1.0, "poi_sum": 5.0, "Retail_Food_Ratio": 20.0, "poi_names_list": "<details><summary>5 POIs (click to expand)</summary><ul><li>Crosstown Doughnuts</li><li>Morgan Stanley</li><li>V Capital Limited</li><li>Bidrento</li><li>Morgan Stanley ,Canary Whaft . London Uk.</li></ul></details>" }, "geometry": { "type": "Polygon", "coordinates": [ [ [ -0.0222542, 51.5034118 ], [ -0.0223717, 51.5034242 ], [ -0.0226128, 51.5025411 ], [ -0.0219831, 51.5024766 ], [ -0.021915, 51.5024695 ], [ -0.0218799, 51.5025918 ], [ -0.0218797, 51.5025977 ], [ -0.0216895, 51.5032952 ], [ -0.021673, 51.5033501 ], [ -0.0222542, 51.5034118 ] ] ] } },
{ "type": "Feature", "properties": { "id": "8360e6b8-3fe3-4aaf-a499-d9d01e284ca0", "building_name": "0", "building_class": "office", "building_subtype": "commercial", "height": 10.501664161682129, "num_floors": 4, "new_functional_class": "Office", "all_poi_names": "No POIs recorded", "dominant_share_pct": 0.0, "final_functional_class": "Other", "dominant_share_pct_formatted": "0.0%", "Retail_Food_Ratio_formatted": "0.0%", "Work": 0.0, "Food_Drink": 0.0, "Retail_Leisure": 0.0, "Education": 0.0, "Medical": 0.0, "Transportation": 0.0, "Other_POI": 0.0, "poi_sum": 0.0, "Retail_Food_Ratio": 0.0, "poi_names_list": "0" }, "geometry": { "type": "Polygon", "coordinates": [ [ [ -0.0224495, 51.5035008 ], [ -0.022596, 51.5035173 ], [ -0.0227096, 51.5031069 ], [ -0.0225725, 51.5030759 ], [ -0.0224495, 51.5035008 ] ] ] } },
{ "type": "Feature", "properties": { "id": "fe8761d9-50b2-4877-9db3-e3d691cd831a", "building_name": "HM Government", "building_class": "office", "building_subtype": "commercial", "height": 0.0, "num_floors": 14, "new_functional_class": "Office", "all_poi_names": "No 35 Mackenzie Walk, The Henry Addington, English Tailoring, NHS Counter Fraud Authority, Total Wellness Hub, Sport England, Knight Frank Canary Wharf, Wapping and Aldgate Estate Agents, Barclays Investment Bank, The Economist Group, Café Rouge, Six by Nico Canary Wharf, Post Office-Canary Wharf, Western Union, Black Sheep Coffee, Ofgem, Oddbins, Taylor St Baristas, Ross Watch Repairs, NEST Corporation, Color Co., The Color Company - Canary Wharf", "dominant_share_pct": 30.434782608695656, "final_functional_class": "Office/HQ", "dominant_share_pct_formatted": "30.4%", "Retail_Food_Ratio_formatted": "43.5%", "Work": 6.0, "Food_Drink": 7.0, "Retail_Leisure": 3.0, "Education": 0.0, "Medical": 1.0, "Transportation": 0.0, "Other_POI": 6.0, "poi_sum": 23.0, "Retail_Food_Ratio": 43.478260869565219, "poi_names_list": "<details><summary>23 POIs (click to expand)</summary><ul><li>No 35 Mackenzie Walk</li><li>The Henry Addington</li><li>English Tailoring</li><li>NHS Counter Fraud Authority</li><li>Total Wellness Hub</li><li>Sport England</li><li>Knight Frank Canary Wharf, Wapping and Aldgate Estate Agents</li><li>Barclays Investment Bank</li><li>The Economist Group</li><li>Café Rouge</li><li>Six by Nico Canary Wharf</li><li>Post Office-Canary Wharf</li><li>Western Union</li><li>Black Sheep Coffee</li><li>Ofgem</li><li>Oddbins</li><li>Taylor St Baristas</li><li>Ross Watch Repairs</li><li>Ofgem</li><li>NEST Corporation</li><li>Black Sheep Coffee</li><li>Color Co.</li><li>The Color Company - Canary Wharf</li></ul></details>" }, "geometry": { "type": "Polygon", "coordinates": [ [ [ -0.0214837, 51.5047309 ], [ -0.0220539, 51.5047942 ], [ -0.0222131, 51.504239 ], [ -0.0214494, 51.5041541 ], [ -0.021394, 51.5043472 ], [ -0.0213073, 51.5046478 ], [ -0.0212973, 51.5046843 ], [ -0.0213974, 51.5046955 ], [ -0.0214908, 51.5047059 ], [ -0.0214837, 51.5047309 ] ] ] } },
{ "type": "Feature", "properties": { "id": "33773280-a363-4ff0-b5c0-62dbcac59c87", "building_name": "0", "building_class": "office", "building_subtype": "commercial", "height": 65.0, "num_floors": 14, "new_functional_class": "Office", "all_poi_names": "No 35 Mackenzie Walk, The Economist Group, Cubitt Steps, Humble Grape, The Color Company, MamaLan Canary Wharf | Chinese Street Food & Bubble Tea, Brick Lane Bagel Co. (Canary Wharf), EuroFinance", "dominant_share_pct": 50.0, "final_functional_class": "Office/HQ", "dominant_share_pct_formatted": "50.0%", "Retail_Food_Ratio_formatted": "50.0%", "Work": 1.0, "Food_Drink": 4.0, "Retail_Leisure": 0.0, "Education": 0.0, "Medical": 0.0, "Transportation": 0.0, "Other_POI": 3.0, "poi_sum": 8.0, "Retail_Food_Ratio": 50.0, "poi_names_list": "<details><summary>8 POIs (click to expand)</summary><ul><li>No 35 Mackenzie Walk</li><li>The Economist Group</li><li>Cubitt Steps</li><li>Humble Grape</li><li>The Color Company</li><li>MamaLan Canary Wharf | Chinese Street Food &amp; Bubble Tea</li><li>Brick Lane Bagel Co. (Canary Wharf)</li><li>EuroFinance</li></ul></details>" }, "geometry": { "type": "Polygon", "coordinates": [ [ [ -0.0225583, 51.5042823 ], [ -0.0222131, 51.504239 ], [ -0.0220539, 51.5047942 ], [ -0.0226739, 51.5048666 ], [ -0.0227329, 51.5048569 ], [ -0.0227605, 51.5048415 ], [ -0.0227642, 51.504829 ], [ -0.02278, 51.5048161 ], [ -0.0227836, 51.5047887 ], [ -0.0228592, 51.5045425 ], [ -0.0228492, 51.5044856 ], [ -0.0228369, 51.5044515 ], [ -0.0227827, 51.504413 ], [ -0.0227408, 51.5043711 ], [ -0.0226677, 51.5043256 ], [ -0.0225583, 51.5042823 ] ] ] } },
{ "type": "Feature", "properties": { "id": "9100bee6-3339-49ac-9071-202d461c2e95", "building_name": "YY London", "building_class": "office", "building_subtype": "commercial", "height": 62.2, "num_floors": 13, "new_functional_class": "Office", "all_poi_names": "Clean For Less Canary Wharf, All Bar One, Barbarella, Hagen Espresso Bar (Hagen Jubilee Plaza), MamaLan, Garbanzos Falafel & Salad Bar, Grateful Kitchen, Post Office Travel Money, ATM (Post Office), Costa Coffee, Newgen Group Limited, Aim Recruit, Deus Technology, Hawes & Curtis, Thomson Reuters Building, Canary Wharf Post Office, Evans Cycles, Slug & Lettuce Canary Wharf, Hamptons International Lettings, Fenix Funeral, Hamptons Estate Agents Canary Wharf, London Underground, Spin Master Arena, Royal British Shorthair Kittens, Samoh, One Investments Global Ltd., Transport For London-Canary Wharf DLR Station, Byron Canary Wharf, COACH", "dominant_share_pct": 34.482758620689658, "final_functional_class": "Office/HQ", "dominant_share_pct_formatted": "34.5%", "Retail_Food_Ratio_formatted": "41.4%", "Work": 4.0, "Food_Drink": 9.0, "Retail_Leisure": 3.0, "Education": 1.0, "Medical": 0.0, "Transportation": 2.0, "Other_POI": 10.0, "poi_sum": 29.0, "Retail_Food_Ratio": 41.379310344827587, "poi_names_list": "<details><summary>29 POIs (click to expand)</summary><ul><li>Clean For Less Canary Wharf</li><li>All Bar One</li><li>Barbarella</li><li>Hagen Espresso Bar (Hagen Jubilee Plaza)</li><li>MamaLan</li><li>Garbanzos Falafel &amp; Salad Bar</li><li>Grateful Kitchen</li><li>Post Office Travel Money</li><li>ATM (Post Office)</li><li>Costa Coffee</li><li>Newgen Group Limited</li><li>Aim Recruit</li><li>Deus Technology</li><li>Hawes &amp; Curtis</li><li>Thomson Reuters Building</li><li>Canary Wharf Post Office</li><li>Evans Cycles</li><li>Slug &amp; Lettuce Canary Wharf</li><li>Hamptons International Lettings</li><li>Fenix Funeral</li><li>Hamptons Estate Agents Canary Wharf</li><li>London Underground</li><li>Spin Master Arena</li><li>Royal British Shorthair Kittens</li><li>Samoh</li><li>One Investments Global Ltd.</li><li>Transport For London-Canary Wharf DLR Station</li><li>Byron Canary Wharf</li><li>COACH</li></ul></details>" }, "geometry": { "type": "Polygon", "coordinates": [ [ [ -0.0209298, 51.5042969 ], [ -0.0209884, 51.5040862 ], [ -0.0204746, 51.5040304 ], [ -0.0204411, 51.5040279 ], [ -0.020408, 51.5040274 ], [ -0.0203755, 51.504029 ], [ -0.0203438, 51.5040326 ], [ -0.0203131, 51.504038 ], [ -0.0202835, 51.5040452 ], [ -0.0202552, 51.5040542 ], [ -0.0202285, 51.5040647 ], [ -0.0202036, 51.5040768 ], [ -0.0201805, 51.5040903 ], [ -0.0201596, 51.5041052 ], [ -0.020141, 51.5041214 ], [ -0.0201249, 51.5041387 ], [ -0.0201115, 51.5041572 ], [ -0.0201009, 51.5041768 ], [ -0.0200548, 51.504338 ], [ -0.0200155, 51.5044754 ], [ -0.0200631, 51.5045198 ], [ -0.020097, 51.5045514 ], [ -0.020132, 51.5045841 ], [ -0.0206389, 51.5046391 ], [ -0.0206459, 51.5046143 ], [ -0.0207208, 51.5046224 ], [ -0.0208358, 51.5046349 ], [ -0.0208463, 51.5045975 ], [ -0.0209298, 51.5042969 ] ] ] } },
{ "type": "Feature", "properties": { "id": "f0aeb767-683f-4d29-8a43-85f4b8faf711", "building_name": "Citi", "building_class": "office", "building_subtype": "commercial", "height": 105.0, "num_floors": 18, "new_functional_class": "Office", "all_poi_names": "Carluccio's - Canary Wharf, Bar Bolivar, Maison Nicolas, Bitcenter, World Watch Trader Ltd, Centurion Capital Management, Lond Capital, Amazing Reviews Ltd, Caravan Canary Wharf, TradePhlo, Dez Amore, Rudie's Jerk Shack, CITI - London, The Alchemist, Change Please, Notes, Tessuti, Rush Potatoes, ENGIE HeadQuarters, iBank Corporation, Wealth Etiquette Group, Gemba, IB&Co Accountants, We Pay It, T2 Healthcare, Yielders, Yield 4 Finance, Great British Accountants, Daily Mirror, Hamptons International Lettings, British Red Cross, I9 Bank, Encode", "dominant_share_pct": 60.606060606060609, "final_functional_class": "Office/HQ", "dominant_share_pct_formatted": "60.6%", "Retail_Food_Ratio_formatted": "36.4%", "Work": 20.0, "Food_Drink": 8.0, "Retail_Leisure": 4.0, "Education": 0.0, "Medical": 0.0, "Transportation": 0.0, "Other_POI": 1.0, "poi_sum": 33.0, "Retail_Food_Ratio": 36.363636363636367, "poi_names_list": "<details><summary>33 POIs (click to expand)</summary><ul><li>Carluccio&#x27;s - Canary Wharf</li><li>Bar Bolivar</li><li>Maison Nicolas</li><li>Bitcenter</li><li>World Watch Trader Ltd</li><li>Centurion Capital Management</li><li>Lond Capital</li><li>Amazing Reviews Ltd</li><li>Caravan Canary Wharf</li><li>TradePhlo</li><li>Dez Amore</li><li>Rudie&#x27;s Jerk Shack</li><li>CITI - London</li><li>The Alchemist</li><li>Change Please</li><li>Notes</li><li>Tessuti</li><li>Rush Potatoes</li><li>ENGIE HeadQuarters</li><li>iBank Corporation</li><li>Wealth Etiquette Group</li><li>Gemba</li><li>IB&amp;Co Accountants</li><li>We Pay It</li><li>T2 Healthcare</li><li>Yielders</li><li>Yield 4 Finance</li><li>Great British Accountants</li><li>Daily Mirror</li><li>Hamptons International Lettings</li><li>British Red Cross</li><li>I9 Bank</li><li>Encode</li></ul></details>" }, "geometry": { "type": "Polygon", "coordinates": [ [ [ -0.0193986, 51.5043571 ], [ -0.0194232, 51.5042695 ], [ -0.0195244, 51.503908 ], [ -0.0185903, 51.5038014 ], [ -0.0184387, 51.5043417 ], [ -0.0191611, 51.5044182 ], [ -0.0193751, 51.5044411 ], [ -0.0193986, 51.5043571 ] ] ] } },
{ "type": "Feature", "properties": { "id": "0706d1b0-4d88-4156-8ec4-a45031a4ea7d", "building_name": "0", "building_class": "service", "building_subtype": "service", "height": 0.0, "num_floors": 0, "new_functional_class": "Commercial", "all_poi_names": "Farmer J Canada Place, James Shoe Care, MANGO MAN, Dream Up, Citi Private Bank, Jewellerystylist, Blue Apple Group, Minhas & Dixon LLP | Legal And Commercial Affairs Advisers, Rylands Associates London Office, World Wide Technology, Social BrandUp, Krispy Kreme Canary Wharf, Yolé, Heritage Fine Assets, Clinch Business, Regus London Canary Wharf 25 Canada Square, Hickman Elite Performance, Creative-web, Dynamic Project Advisory Ltd. - Accountants London", "dominant_share_pct": 36.84210526315789, "final_functional_class": "Office/HQ", "dominant_share_pct_formatted": "36.8%", "Retail_Food_Ratio_formatted": "31.6%", "Work": 5.0, "Food_Drink": 3.0, "Retail_Leisure": 3.0, "Education": 0.0, "Medical": 1.0, "Transportation": 0.0, "Other_POI": 7.0, "poi_sum": 19.0, "Retail_Food_Ratio": 31.578947368421051, "poi_names_list": "<details><summary>19 POIs (click to expand)</summary><ul><li>Farmer J Canada Place</li><li>James Shoe Care</li><li>MANGO MAN</li><li>Dream Up</li><li>Citi Private Bank</li><li>Jewellerystylist</li><li>Blue Apple Group</li><li>Minhas &amp; Dixon LLP | Legal And Commercial Affairs Advisers</li><li>Rylands Associates London Office</li><li>World Wide Technology</li><li>Social BrandUp</li><li>Krispy Kreme Canary Wharf</li><li>Yolé</li><li>Heritage Fine Assets</li><li>Clinch Business</li><li>Regus London Canary Wharf 25 Canada Square</li><li>Hickman Elite Performance</li><li>Creative-web</li><li>Dynamic Project Advisory Ltd. - Accountants London</li></ul></details>" }, "geometry": { "type": "Polygon", "coordinates": [ [ [ -0.0180448, 51.5045271 ], [ -0.0180562, 51.5044858 ], [ -0.0179118, 51.5044697 ], [ -0.0179, 51.5045114 ], [ -0.0180448, 51.5045271 ] ] ] } },
{ "type": "Feature", "properties": { "id": "12b707fc-a45c-4558-98fc-88e1146fd0ad", "building_name": "Citi", "building_class": "office", "building_subtype": "commercial", "height": 200.0, "num_floors": 45, "new_functional_class": "Office", "all_poi_names": "Pandle, Brown's, Nonstop Recruitment, Aurora Borealis, Liemur, NYK Group Europe, CXPortal, Sky Invest, RBK Money, ILC and Associates, Handy Personal Insurance Broker, APEX Trading, Travelo, CPS Marketing, Nyk Line, Wolters Kluwer Financial Services United Kingdom, Csc Administrative Services Limited, NonStop Care, Afm E, Rodliffe Accounting, Energy Aspects, Citibank UK, JP Capital, PMC Legal Fast Corporation, Education of Excellence, Lane Graham Solicitors: Employment Law, Munich Re UK Life Branch, Regus, Prodent Dental, Hillview, Astraqom Uk, The Uk Career Academy Foundation, Crossrail Place Roof Garden, Canada Place Limited, BlackBox Hosting, 25 Canada Square, Lululemon, lululemon, GfK, London Doctors Clinic, Costa Coffee, TheForexCentre Ltd, Varchev Financial Services, EAMS Group, Pairview Group, Global Interaction Ltd., Synthesis, Soho Film Finance", "dominant_share_pct": 58.333333333333336, "final_functional_class": "Office/HQ", "dominant_share_pct_formatted": "58.3%", "Retail_Food_Ratio_formatted": "12.5%", "Work": 28.0, "Food_Drink": 2.0, "Retail_Leisure": 4.0, "Education": 2.0, "Medical": 2.0, "Transportation": 1.0, "Other_POI": 9.0, "poi_sum": 48.0, "Retail_Food_Ratio": 12.5, "poi_names_list": "<details><summary>48 POIs (click to expand)</summary><ul><li>Pandle</li><li>Brown&#x27;s</li><li>Nonstop Recruitment</li><li>Aurora Borealis</li><li>Liemur</li><li>NYK Group Europe</li><li>CXPortal</li><li>Sky Invest</li><li>RBK Money</li><li>ILC and Associates</li><li>Handy Personal Insurance Broker</li><li>APEX Trading</li><li>Travelo</li><li>CPS Marketing</li><li>Nyk Line</li><li>Wolters Kluwer Financial Services United Kingdom</li><li>Csc Administrative Services Limited</li><li>NonStop Care</li><li>Afm E</li><li>Rodliffe Accounting</li><li>Energy Aspects</li><li>Citibank UK</li><li>JP Capital</li><li>PMC Legal Fast Corporation</li><li>Education of Excellence</li><li>Lane Graham Solicitors: Employment Law</li><li>Munich Re UK Life Branch</li><li>Regus</li><li>Prodent Dental</li><li>Hillview</li><li>Astraqom Uk</li><li>The Uk Career Academy Foundation</li><li>Crossrail Place Roof Garden</li><li>Canada Place Limited</li><li>BlackBox Hosting</li><li>25 Canada Square</li><li>Lululemon</li><li>lululemon</li><li>GfK</li><li>London Doctors Clinic</li><li>Costa Coffee</li><li>TheForexCentre Ltd</li><li>Varchev Financial Services</li><li>EAMS Group</li><li>Pairview Group</li><li>Global Interaction Ltd.</li><li>Synthesis</li><li>Soho Film Finance</li></ul></details>" }, "geometry": { "type": "Polygon", "coordinates": [ [ [ -0.0184387, 51.5043417 ], [ -0.0185903, 51.5038014 ], [ -0.0175298, 51.5036888 ], [ -0.0175164, 51.5037371 ], [ -0.0173797, 51.5042292 ], [ -0.0184387, 51.5043417 ] ] ] } },
{ "type": "Feature", "properties": { "id": "545f08f5-1e76-493e-bc3d-db494811cc6a", "building_name": "0", "building_class": "service", "building_subtype": "service", "height": 0.0, "num_floors": 0, "new_functional_class": "Commercial", "all_poi_names": "Wharf Aesthetics, Metropolvisa, Find Investors, Moss Canary Wharf, Moss Bros., Greek LAB, Blank Street Coffee, Startup Voyager, Yimbly, Visa, UK and Europe or USA, Finance coaching, Levi's® Canary Wharf", "dominant_share_pct": 33.333333333333329, "final_functional_class": "Office/HQ", "dominant_share_pct_formatted": "33.3%", "Retail_Food_Ratio_formatted": "41.7%", "Work": 4.0, "Food_Drink": 1.0, "Retail_Leisure": 4.0, "Education": 1.0, "Medical": 0.0, "Transportation": 1.0, "Other_POI": 1.0, "poi_sum": 12.0, "Retail_Food_Ratio": 41.666666666666671, "poi_names_list": "<details><summary>12 POIs (click to expand)</summary><ul><li>Wharf Aesthetics</li><li>Metropolvisa</li><li>Find Investors</li><li>Moss Canary Wharf</li><li>Moss Bros.</li><li>Greek LAB</li><li>Blank Street Coffee</li><li>Startup Voyager</li><li>Yimbly</li><li>Visa, UK and Europe or USA</li><li>Finance coaching</li><li>Levi&#x27;s® Canary Wharf</li></ul></details>" }, "geometry": { "type": "Polygon", "coordinates": [ [ [ -0.0175693, 51.5044548 ], [ -0.0175747, 51.5044357 ], [ -0.0175264, 51.5044304 ], [ -0.0175093, 51.5044284 ], [ -0.0174779, 51.504425 ], [ -0.0174668, 51.5044238 ], [ -0.0174554, 51.5044226 ], [ -0.0174299, 51.5044198 ], [ -0.0174183, 51.5044612 ], [ -0.0174438, 51.504464 ], [ -0.0174552, 51.5044652 ], [ -0.0174663, 51.5044664 ], [ -0.017472, 51.5044671 ], [ -0.0175149, 51.5044717 ], [ -0.0175631, 51.5044771 ], [ -0.0175693, 51.5044548 ] ] ] } },
{ "type": "Feature", "properties": { "id": "abd75d7a-731d-4688-840d-b5338072d67b", "building_name": "0", "building_class": "retail", "building_subtype": "commercial", "height": 25.0, "num_floors": 0, "new_functional_class": "Commercial", "all_poi_names": "Lola's Cupcakes, Tian Tian Market 天天超市 - Canary Wharf, Johnson Cleaners, iSmash - Canary Wharf, Chop'd, Natural Fitness Food, Flexology Studio, Third Space, iSmash, Introduced London, sk:n, sk:n clinics - Canary Wharf, Waste Disposal Canary Wharf Ltd., Fitch Ratings Ltd., Fantastic Services Poplar, Energy Saving Trust, smilepod, MSK Clinical Osteopathy, John Lewis, Waite & Rose Café, Justpark, Timpson Key Machine, GAIL's, Robert Dyas, The London Academy Of Dance, French Connection, Groovecycle, Newland Chase, Waitrose, Johnsons, Dune London, Hotel Chocolat, Physio on the Wharf, Amazon Locker - abu, Car Hire Canary Wharf | SIXT rent a car, Joe Blake's, GAIL’s Bakery Canary Wharf, My Key Locksmiths Canary Wharf, Plateau, CANARY WHARF, Kaleidoscope Events, Ingiltere Muhasebe, Supernatural Juice & Smoothie Bar, The Office Group, FIT Outdoor, Alexandra Polyak photos, Durden and Hunt Estate Agents, Eden Vacancy , Aspinal Of London, KPMG Crimsonwing, Weight Watchers, 3s Swim School London Canary Wharf, John Lewis & Partners, My Key Machine, Physio On The Wharf, Nespresso Boutique, Gap, ADECCO Canary Wharf Branch, Companies Web Design London, Atis, Badiani1932, The Spa, Yumtea, Tian Tian Market, KPMG loading bay, Tessuti, Wateraid, Roam EV Charging Station, Canada Square Car Park, SIXT Car Hire - London Canary Wharf, Idea Store, Birley Sandwiches, Bupa Dental Centre", "dominant_share_pct": 41.558441558441558, "final_functional_class": "Office/HQ", "dominant_share_pct_formatted": "41.6%", "Retail_Food_Ratio_formatted": "35.1%", "Work": 9.0, "Food_Drink": 15.0, "Retail_Leisure": 12.0, "Education": 1.0, "Medical": 4.0, "Transportation": 4.0, "Other_POI": 32.0, "poi_sum": 77.0, "Retail_Food_Ratio": 35.064935064935064, "poi_names_list": "<details><summary>77 POIs (click to expand)</summary><ul><li>Lola&#x27;s Cupcakes</li><li>Tian Tian Market 天天超市 - Canary Wharf</li><li>Johnson Cleaners</li><li>iSmash - Canary Wharf</li><li>Chop&#x27;d</li><li>Natural Fitness Food</li><li>Flexology Studio</li><li>Third Space</li><li>iSmash</li><li>Introduced London</li><li>sk:n</li><li>sk:n clinics - Canary Wharf</li><li>Waste Disposal Canary Wharf Ltd.</li><li>Fitch Ratings Ltd.</li><li>Fantastic Services Poplar</li><li>Energy Saving Trust</li><li>smilepod</li><li>MSK Clinical Osteopathy</li><li>John Lewis</li><li>Waite &amp; Rose Café</li><li>Justpark</li><li>Timpson Key Machine</li><li>GAIL&#x27;s</li><li>Robert Dyas</li><li>The London Academy Of Dance</li><li>French Connection</li><li>Groovecycle</li><li>Newland Chase</li><li>Waitrose</li><li>Johnsons</li><li>Dune London</li><li>Johnson Cleaners</li><li>Hotel Chocolat</li><li>Physio on the Wharf</li><li>Amazon Locker - abu</li><li>Car Hire Canary Wharf | SIXT rent a car</li><li>Joe Blake&#x27;s</li><li>Hotel Chocolat</li><li>Robert Dyas</li><li>GAIL’s Bakery Canary Wharf</li><li>My Key Locksmiths Canary Wharf</li><li>Timpson Key Machine</li><li>Plateau</li><li>CANARY WHARF</li><li>Kaleidoscope Events</li><li>Ingiltere Muhasebe</li><li>Supernatural Juice &amp; Smoothie Bar</li><li>The Office Group</li><li>FIT Outdoor</li><li>Alexandra Polyak photos</li><li>Durden and Hunt Estate Agents</li><li>Eden Vacancy </li><li>Aspinal Of London</li><li>KPMG Crimsonwing</li><li>Weight Watchers</li><li>3s Swim School London Canary Wharf</li><li>John Lewis &amp; Partners</li><li>My Key Machine</li><li>Physio On The Wharf</li><li>Nespresso Boutique</li><li>Gap</li><li>ADECCO Canary Wharf Branch</li><li>Companies Web Design London</li><li>Atis</li><li>Badiani1932</li><li>The Spa</li><li>Yumtea</li><li>Tian Tian Market</li><li>KPMG loading bay</li><li>Tessuti</li><li>Wateraid</li><li>Roam EV Charging Station</li><li>Canada Square Car Park</li><li>SIXT Car Hire - London Canary Wharf</li><li>Idea Store</li><li>Birley Sandwiches</li><li>Bupa Dental Centre</li></ul></details>" }, "geometry": { "type": "Polygon", "coordinates": [ [ [ -0.0155668, 51.5047293 ], [ -0.0155542, 51.5047736 ], [ -0.0168052, 51.5049113 ], [ -0.0169523, 51.5043935 ], [ -0.0156987, 51.5042555 ], [ -0.0156759, 51.5043337 ], [ -0.0156503, 51.5044257 ], [ -0.0155886, 51.5043999 ], [ -0.0155546, 51.5044381 ], [ -0.0155317, 51.5044805 ], [ -0.0155185, 51.5045264 ], [ -0.0155185, 51.5045282 ], [ -0.0155185, 51.5045704 ], [ -0.0155273, 51.5046114 ], [ -0.0155437, 51.5046473 ], [ -0.0155772, 51.5046925 ], [ -0.0155668, 51.5047293 ] ] ] } },
{ "type": "Feature", "properties": { "id": "e98f7d70-3433-4f7a-a661-04fc7fd887fa", "building_name": "0", "building_class": "service", "building_subtype": "service", "height": 0.0, "num_floors": 0, "new_functional_class": "Commercial", "all_poi_names": "Bluebulb, The Ivy in the Park, Cleaningtec Canary Wharf, Sk:n, The Ivy Canary Wharf", "dominant_share_pct": 40.0, "final_functional_class": "Mixed-use/Complex", "dominant_share_pct_formatted": "40.0%", "Retail_Food_Ratio_formatted": "60.0%", "Work": 1.0, "Food_Drink": 2.0, "Retail_Leisure": 1.0, "Education": 0.0, "Medical": 0.0, "Transportation": 0.0, "Other_POI": 1.0, "poi_sum": 5.0, "Retail_Food_Ratio": 60.0, "poi_names_list": "<details><summary>5 POIs (click to expand)</summary><ul><li>Bluebulb</li><li>The Ivy in the Park</li><li>Cleaningtec Canary Wharf</li><li>Sk:n</li><li>The Ivy Canary Wharf</li></ul></details>" }, "geometry": { "type": "Polygon", "coordinates": [ [ [ -0.0173727, 51.5049817 ], [ -0.0173867, 51.5049318 ], [ -0.0172174, 51.5049134 ], [ -0.0172034, 51.5049634 ], [ -0.0173727, 51.5049817 ] ] ] } },
{ "type": "Feature", "properties": { "id": "70a0698f-1c7d-435a-a687-4a5fd5cf90c4", "building_name": "Canada Square Car Park Entrance", "building_class": "service", "building_subtype": "service", "height": 0.0, "num_floors": 0, "new_functional_class": "Commercial", "all_poi_names": "GANT, The Grandstand Bar, Master Locksmiths, Jacob Fox, Massageblast Canary Wharf, Brafton Ltd., Vuse, Kryogenics Services, Reach Solutions, Vertus, The Debt Bureau, City Building Group, Coral, Strategic Design Marketing, Fitch & Fitch, Cooper Reeves, Inadash - find a property, Fish4jobs Ltd., Newland Chase, Accounts Direct, What Is Credit Insurance, Acs Security Services, Nicolas Wine Bar, Alker Industries, LLC, A9 Architects Ltd., Commercial People, Stay Lasered, Frontispiece(antiqueprints)Ltd., Pret A Manger, Halcyon Wealth, Uk Personal Protection, Silverhill Training, F9 Consulting - Accountants Canary Wharf, Evri ParcelShop, Seven Studio Design, Barclays ATM, L'Orchidee Macarons & Cakes, Fora - One Canada Square, Diverse Mortgage & Protection, Frontispiece Antique Prints, Axis Corporate Ltd., Desi Flavourz, Crisp & Co. Solicitors, eSi-RISC, The Office Group - One Canada Square, Northcott Global Solutions, Pandora, Ummah Care & Support, China direct Travel, Career Ready, Hypnotherapy Solutions, GFT UK, Fitch Learning, Traffic Solutions Ltd., Hugh James, ETLS International, Man And Van Canary Wharf, Robert Manning, Interoute Communications Ltd., Truphone, Austin Macauley Publishers Ltd., Ninatec - Laptop Repairs, K & B Accountancy Group, General Pharmaceutical Council, Freedom Bay St. Lucia, AstraQom UK Ltd., Breitling Boutique", "dominant_share_pct": 49.253731343283583, "final_functional_class": "Office/HQ", "dominant_share_pct_formatted": "49.3%", "Retail_Food_Ratio_formatted": "17.9%", "Work": 18.0, "Food_Drink": 3.0, "Retail_Leisure": 9.0, "Education": 0.0, "Medical": 3.0, "Transportation": 1.0, "Other_POI": 33.0, "poi_sum": 67.0, "Retail_Food_Ratio": 17.910447761194028, "poi_names_list": "<details><summary>67 POIs (click to expand)</summary><ul><li>GANT</li><li>The Grandstand Bar</li><li>Master Locksmiths</li><li>Jacob Fox</li><li>Massageblast Canary Wharf</li><li>Brafton Ltd.</li><li>Vuse</li><li>Kryogenics Services</li><li>Reach Solutions</li><li>Vertus</li><li>The Debt Bureau</li><li>City Building Group</li><li>Coral</li><li>Strategic Design Marketing</li><li>Fitch &amp; Fitch</li><li>Cooper Reeves</li><li>Inadash - find a property</li><li>Fish4jobs Ltd.</li><li>Newland Chase</li><li>Accounts Direct</li><li>What Is Credit Insurance</li><li>Acs Security Services</li><li>Nicolas Wine Bar</li><li>Alker Industries, LLC</li><li>A9 Architects Ltd.</li><li>Commercial People</li><li>Stay Lasered</li><li>Frontispiece(antiqueprints)Ltd.</li><li>Pret A Manger</li><li>Halcyon Wealth</li><li>Uk Personal Protection</li><li>Silverhill Training</li><li>F9 Consulting - Accountants Canary Wharf</li><li>Evri ParcelShop</li><li>Seven Studio Design</li><li>Barclays ATM</li><li>L&#x27;Orchidee Macarons &amp; Cakes</li><li>Fora - One Canada Square</li><li>Diverse Mortgage &amp; Protection</li><li>Frontispiece Antique Prints</li><li>Axis Corporate Ltd.</li><li>Desi Flavourz</li><li>Crisp &amp; Co. Solicitors</li><li>eSi-RISC</li><li>The Office Group - One Canada Square</li><li>Northcott Global Solutions</li><li>Pandora</li><li>Ummah Care &amp; Support</li><li>China direct Travel</li><li>Career Ready</li><li>Hypnotherapy Solutions</li><li>GFT UK</li><li>Fitch Learning</li><li>Traffic Solutions Ltd.</li><li>Hugh James</li><li>ETLS International</li><li>Man And Van Canary Wharf</li><li>Robert Manning</li><li>Interoute Communications Ltd.</li><li>Truphone</li><li>Austin Macauley Publishers Ltd.</li><li>Ninatec - Laptop Repairs</li><li>K &amp; B Accountancy Group</li><li>General Pharmaceutical Council</li><li>Freedom Bay St. Lucia</li><li>AstraQom UK Ltd.</li><li>Breitling Boutique</li></ul></details>" }, "geometry": { "type": "Polygon", "coordinates": [ [ [ -0.0186418, 51.5045902 ], [ -0.0186536, 51.504549 ], [ -0.018617, 51.504545 ], [ -0.0185998, 51.5045431 ], [ -0.0185085, 51.5045331 ], [ -0.0184971, 51.5045745 ], [ -0.0186418, 51.5045902 ] ] ] } },
{ "type": "Feature", "properties": { "id": "a663cae1-1883-4008-9cde-58bc752c388f", "building_name": "One Canada Square", "building_class": "commercial", "building_subtype": "commercial", "height": 235.0, "num_floors": 50, "new_functional_class": "Commercial", "all_poi_names": "May Therapies, Marshall Sterling Investment Management, Frosted Fantasies Bakery, In2Sports, Quins College Limited, Citi East Inventory Services, Sherwin Currid, Trade Recruitment - Canary Wharf, London, DDU, Massage Blast - Sports Deep Tissue Massage, BMV Solid Investments, East London Business Place, Webneon UK, RONI International Luxury Estates, سكاي لاند للتطوير العقاري والمقاولات العامة  SkyLand, Buildeo, StayLasered, Mor-Invest, Exclusively Events, Adamson Associates Architects, European DataWarehouse, Shutters, 247 Investigations, X Open Hub, Hunter Jones Group, FinregE, London Phtographer Dai Taylor, Cashoff Global, TD and a, Starbucks Coffee, RationalFX, Hello Superstars, Starbucks, Tiffany & Co., Waterstones, CPT Markets UK, Santander, RK Accounting and Financial Services, novi.digital, Winter Lights Festival, Perfect Waxing, Article 25, KaiNoah Creative, Time Group London, First Data, JM Radiology, IMotors PLC, BA Global Training & Recruitment, Suit Up, A Happy Library, B Learning Centre, 227 Law, Paul Isherwood Mortgage Broker, Holland And Barrett Canary Wharf CS, Esmacs.uk, Cash Minute, Minh Nguyen, Acumen Accountants and Global Compliance, Ocean Media Group, StyloPay, Watches of Switzerland, Scribbler Store with Kiosk, SL Beauty, Wallop Energy, The Specialists International Ltd, Funding11, TONI&GUY Canary Wharf, Trinity Mirror, Burger King, Gallio, eMed GP At Hand, PizzaExpress, Ryman Stationery, Thérapie Clinic, JJV Lettings, JFR Auto Parts, Paul UK, World Smart Cities Forum, Scribbler, Devoch, Webcall Global, Clintons, The Mirror, Totallylegal, Daness Legal International Law Firm, Transferra - Online Business Account, DBETA LIMITED, Trade Galactica, Pro Tax Plus Leyton, Neshes Global, Pinnacler, My Property Organiser, AuthentiMark, Sylara AI Business Solutions, Chronological, Pedler, Property Careers, Wharf Street Strategies Ltd., Capexmove, Vertice Development Management, Accessorize, Clearstreem International, Chopstix - Canary Wharf, Omega Intelligence Systems, SET For Business Ltd, Pomerance Boutique, Quantum Innovation Labs, CyPro, Skillwork Software and Consulting, Level39, The Work Perk, The Sales Experts Ltd., Curvalue Group, Fundr, Signature by Regus - London 37th Floor Canary Wharf, Hug Telemarketing London, Bear Stearns International, Benebene, Technorizon UK, Richina Limited, Toplook London, Professional Careers Training & Recruitment, Reach Work, Djamila Massage Therapies, Taxsol Chartered Accountants, EasyLet Solutions, City Trading & Investment, Snappy Snaps, RAUNF, My Instant Website, Fairmont Lawyers, Coders.dev, GI Cognition, Mirrorpix, Safety First London, Foodzar, Acumen Global Compliance, Oki-Doki, Finance Health Group, GSEL R Tech, Woodcock Law & Notary Public, Earthhaven Healthcare Solutions, Regus, DNAC Solutions, Spitalfields Housing Association, Digital Startup, Globatalent, Reach PLC, Green Wallet, Invenics Services Ltd., Chatscorp, Bytescale, UCL School of Management, International Tax Search, UKGB, Edward and Sons Recruitment, Global Finance Brokers, Traderspips PVT, InYourArea.co.uk, ROC Invest, convedo UK, Diaspora International Limited, Gaapweb, Moses, Secsinthecity, Signy Advanced Technologies, Datatonic, Moody's, HJ Collection, Homegrown Group Limited, G7FX Social, News on the Wharf Newsagent, Kingsley Hamilton Estates, 1st Class Cars, Pinnacle Wealth Management, Currencies Direct, One Canada Square, Certifying Acceptance Agent, Cayman Atlantic, Cloud9 Umbrella, UK International Centre, New Body Osteo, SILK Ventures, Curators Coffee, Resumakers, Cash Flow Providers, FX-M-Trades, Fast Legalisation, One Travel Agency, Revolut HQ, Trade Watches UK, Better Body CBD, Learn 2 Earn, Ambee Beauty Clinic, Cybsafe, Fashviart, Elev8rank, Clinique Counter, Bank of New York, Aston Corp, Bold Mind, Freelancer Accounting, FloCash, intelliConsult, Atlantis Partners, Platinum Travel Services, Fuse Energy, Applied Blockchain, ZANS Consultants UK, Sanius Health, Copley Ltd., Vistaara Financial Solutions, Monfor, The Watch Section, Low GIc Food, Elixr, ILM UK, The 360 Video Company, Benton Creative, Woodcock Marketing, hibooks, Banfico, Wharf Street Studios Ltd., Utilidex, SALVATECH, Allianz Trade In The UK, Dbeta Ltd., NYKays Recruitment Ltd, Impactable Ltd, RFZ Services, Quaneqo Group, PCG Construction logo, D R DOWNES & Associates, Allphatrade, CyberSec Hub, M-Balance Fitness, Unavita Therapy, PE Solutions, Tecla Languages, Construction Bond Consultancy, TTS Knowledge Solutions, Eud International Foundation, Bioenergy Crops, Pure, EE, Nando's, Global Facilities, Mindgard, German Doner Kebab (GDK), Coco di Mama - Italian to go - Canary Wharf, Elite Properties, Citibank, Furious Fox, Vistaara Wills & Estate Planning, Neat Burger, Identified Talent, Unifi.ID, Valero, Lingu Worldwide, Rittal, Cleaners Canary Wharf, Transparent Trading Group, Tranzfar, Paul Smith, DHL Express Service Point, Greggs, Fisher Investments UK, UMS Spare Parts, Arthur Ashe Consultants, We Glow London, The Office Providers, The Career Engineer, Nicolas Canary Wharf, EBL Investments, FA Removals, Darwinex, PeerCredit Ltd, XTB Online Investing, Open Financial Advice, Whittard of Chelsea, National Bank of Abu Dhabi, The Sunday People, YourParkingSpace, Katana MRP, Holland & Barrett, Pirean, Swarovski Canary Wharf, La2Pasi, Birley Sandwiches, Russell & Bromley Ltd., Monsoon, Flowers & Plants Co, JD Sports, International Sugar Organisation, The Perfume Shop, Hollinger Telegraph New Media, PDFTables, Signature Fremont Property Investments, The Parlour, EAT - Canary Wharf, Lloyds Bank, Wahaca Canary Wharf, Cashpoint® 40 Canada Square, Melrose Immigration Lawyers, NeuroLegacy, Lexenor ltd, EB Associates Group, fastboost.pro, Logos, illustrations, design and websites for catteries/kennels, Insuro", "dominant_share_pct": 44.051446945337617, "final_functional_class": "Office/HQ", "dominant_share_pct_formatted": "44.1%", "Retail_Food_Ratio_formatted": "17.0%", "Work": 137.0, "Food_Drink": 23.0, "Retail_Leisure": 30.0, "Education": 7.0, "Medical": 7.0, "Transportation": 6.0, "Other_POI": 101.0, "poi_sum": 311.0, "Retail_Food_Ratio": 17.041800643086816, "poi_names_list": "<details><summary>311 POIs (click to expand)</summary><ul><li>May Therapies</li><li>Marshall Sterling Investment Management</li><li>Frosted Fantasies Bakery</li><li>In2Sports</li><li>Quins College Limited</li><li>Citi East Inventory Services</li><li>Sherwin Currid</li><li>Trade Recruitment - Canary Wharf, London</li><li>DDU</li><li>Massage Blast - Sports Deep Tissue Massage</li><li>BMV Solid Investments</li><li>East London Business Place</li><li>Webneon UK</li><li>RONI International Luxury Estates</li><li>سكاي لاند للتطوير العقاري والمقاولات العامة  SkyLand</li><li>Buildeo</li><li>StayLasered</li><li>Mor-Invest</li><li>Exclusively Events</li><li>Adamson Associates Architects</li><li>European DataWarehouse</li><li>Shutters</li><li>247 Investigations</li><li>X Open Hub</li><li>Hunter Jones Group</li><li>FinregE</li><li>London Phtographer Dai Taylor</li><li>Cashoff Global</li><li>TD and a</li><li>Starbucks Coffee</li><li>RationalFX</li><li>Hello Superstars</li><li>Starbucks</li><li>Tiffany &amp; Co.</li><li>Waterstones</li><li>CPT Markets UK</li><li>Santander</li><li>RK Accounting and Financial Services</li><li>novi.digital</li><li>Winter Lights Festival</li><li>Perfect Waxing</li><li>Article 25</li><li>KaiNoah Creative</li><li>Time Group London</li><li>First Data</li><li>JM Radiology</li><li>IMotors PLC</li><li>BA Global Training &amp; Recruitment</li><li>Suit Up</li><li>A Happy Library</li><li>B Learning Centre</li><li>227 Law</li><li>Paul Isherwood Mortgage Broker</li><li>Holland And Barrett Canary Wharf CS</li><li>Esmacs.uk</li><li>Cash Minute</li><li>Minh Nguyen</li><li>Acumen Accountants and Global Compliance</li><li>Ocean Media Group</li><li>StyloPay</li><li>Watches of Switzerland</li><li>Scribbler Store with Kiosk</li><li>SL Beauty</li><li>Wallop Energy</li><li>The Specialists International Ltd</li><li>Funding11</li><li>TONI&amp;GUY Canary Wharf</li><li>Trinity Mirror</li><li>Burger King</li><li>Gallio</li><li>eMed GP At Hand</li><li>PizzaExpress</li><li>Ryman Stationery</li><li>Thérapie Clinic</li><li>JJV Lettings</li><li>JFR Auto Parts</li><li>Paul UK</li><li>World Smart Cities Forum</li><li>Scribbler</li><li>Devoch</li><li>Webcall Global</li><li>Clintons</li><li>The Mirror</li><li>Totallylegal</li><li>Daness Legal International Law Firm</li><li>Transferra - Online Business Account</li><li>DBETA LIMITED</li><li>Trade Galactica</li><li>Pro Tax Plus Leyton</li><li>Neshes Global</li><li>Pinnacler</li><li>My Property Organiser</li><li>AuthentiMark</li><li>Sylara AI Business Solutions</li><li>Chronological</li><li>Pedler</li><li>Property Careers</li><li>Wharf Street Strategies Ltd.</li><li>Capexmove</li><li>Vertice Development Management</li><li>Accessorize</li><li>Clearstreem International</li><li>Chopstix - Canary Wharf</li><li>Omega Intelligence Systems</li><li>SET For Business Ltd</li><li>Pomerance Boutique</li><li>Quantum Innovation Labs</li><li>CyPro</li><li>Skillwork Software and Consulting</li><li>Level39</li><li>The Work Perk</li><li>The Sales Experts Ltd.</li><li>Curvalue Group</li><li>Fundr</li><li>Signature by Regus - London 37th Floor Canary Wharf</li><li>Hug Telemarketing London</li><li>Bear Stearns International</li><li>Benebene</li><li>Technorizon UK</li><li>Richina Limited</li><li>Toplook London</li><li>Professional Careers Training &amp; Recruitment</li><li>Reach Work</li><li>Djamila Massage Therapies</li><li>Taxsol Chartered Accountants</li><li>EasyLet Solutions</li><li>City Trading &amp; Investment</li><li>Snappy Snaps</li><li>RAUNF</li><li>My Instant Website</li><li>Fairmont Lawyers</li><li>Coders.dev</li><li>GI Cognition</li><li>Mirrorpix</li><li>Safety First London</li><li>Foodzar</li><li>Acumen Global Compliance</li><li>Oki-Doki</li><li>Finance Health Group</li><li>GSEL R Tech</li><li>Woodcock Law &amp; Notary Public</li><li>Earthhaven Healthcare Solutions</li><li>Regus</li><li>DNAC Solutions</li><li>Spitalfields Housing Association</li><li>Digital Startup</li><li>Globatalent</li><li>Reach PLC</li><li>Green Wallet</li><li>Invenics Services Ltd.</li><li>Chatscorp</li><li>Bytescale</li><li>UCL School of Management</li><li>International Tax Search</li><li>UKGB</li><li>Edward and Sons Recruitment</li><li>Global Finance Brokers</li><li>Traderspips PVT</li><li>InYourArea.co.uk</li><li>ROC Invest</li><li>convedo UK</li><li>Diaspora International Limited</li><li>Gaapweb</li><li>Moses</li><li>Secsinthecity</li><li>Signy Advanced Technologies</li><li>Datatonic</li><li>Moody&#x27;s</li><li>HJ Collection</li><li>Homegrown Group Limited</li><li>G7FX Social</li><li>News on the Wharf Newsagent</li><li>Kingsley Hamilton Estates</li><li>1st Class Cars</li><li>Pinnacle Wealth Management</li><li>Currencies Direct</li><li>One Canada Square</li><li>Certifying Acceptance Agent</li><li>Cayman Atlantic</li><li>Cloud9 Umbrella</li><li>UK International Centre</li><li>New Body Osteo</li><li>SILK Ventures</li><li>Curators Coffee</li><li>Resumakers</li><li>Cash Flow Providers</li><li>FX-M-Trades</li><li>Fast Legalisation</li><li>One Travel Agency</li><li>Revolut HQ</li><li>Trade Watches UK</li><li>Better Body CBD</li><li>Learn 2 Earn</li><li>Ambee Beauty Clinic</li><li>Cybsafe</li><li>Fashviart</li><li>Elev8rank</li><li>Clinique Counter</li><li>Bank of New York</li><li>Aston Corp</li><li>Bold Mind</li><li>Freelancer Accounting</li><li>FloCash</li><li>intelliConsult</li><li>Atlantis Partners</li><li>Platinum Travel Services</li><li>Fuse Energy</li><li>Applied Blockchain</li><li>ZANS Consultants UK</li><li>Sanius Health</li><li>Copley Ltd.</li><li>Vistaara Financial Solutions</li><li>Monfor</li><li>The Watch Section</li><li>Low GIc Food</li><li>Elixr</li><li>ILM UK</li><li>The 360 Video Company</li><li>Benton Creative</li><li>Woodcock Marketing</li><li>hibooks</li><li>Banfico</li><li>Wharf Street Studios Ltd.</li><li>Utilidex</li><li>SALVATECH</li><li>Allianz Trade In The UK</li><li>Dbeta Ltd.</li><li>NYKays Recruitment Ltd</li><li>Impactable Ltd</li><li>RFZ Services</li><li>Quaneqo Group</li><li>PCG Construction logo</li><li>D R DOWNES &amp; Associates</li><li>Allphatrade</li><li>CyberSec Hub</li><li>M-Balance Fitness</li><li>Unavita Therapy</li><li>PE Solutions</li><li>Tecla Languages</li><li>Construction Bond Consultancy</li><li>TTS Knowledge Solutions</li><li>Eud International Foundation</li><li>Bioenergy Crops</li><li>Pure</li><li>EE</li><li>Nando&#x27;s</li><li>Global Facilities</li><li>Mindgard</li><li>German Doner Kebab (GDK)</li><li>Ryman Stationery</li><li>Coco di Mama - Italian to go - Canary Wharf</li><li>Elite Properties</li><li>Citibank</li><li>Furious Fox</li><li>Vistaara Wills &amp; Estate Planning</li><li>Neat Burger</li><li>Identified Talent</li><li>Unifi.ID</li><li>Valero</li><li>Lingu Worldwide</li><li>Rittal</li><li>Cleaners Canary Wharf</li><li>Transparent Trading Group</li><li>Tranzfar</li><li>Paul Smith</li><li>DHL Express Service Point</li><li>Greggs</li><li>Fisher Investments UK</li><li>UMS Spare Parts</li><li>Arthur Ashe Consultants</li><li>We Glow London</li><li>The Office Providers</li><li>The Career Engineer</li><li>Nicolas Canary Wharf</li><li>EBL Investments</li><li>FA Removals</li><li>Darwinex</li><li>PeerCredit Ltd</li><li>XTB Online Investing</li><li>Open Financial Advice</li><li>Whittard of Chelsea</li><li>National Bank of Abu Dhabi</li><li>The Sunday People</li><li>YourParkingSpace</li><li>Katana MRP</li><li>Holland &amp; Barrett</li><li>Pirean</li><li>Swarovski Canary Wharf</li><li>La2Pasi</li><li>Birley Sandwiches</li><li>Russell &amp; Bromley Ltd.</li><li>Monsoon</li><li>Flowers &amp; Plants Co</li><li>JD Sports</li><li>International Sugar Organisation</li><li>The Perfume Shop</li><li>Hollinger Telegraph New Media</li><li>PDFTables</li><li>Signature Fremont Property Investments</li><li>The Parlour</li><li>EAT - Canary Wharf</li><li>Lloyds Bank</li><li>Wahaca Canary Wharf</li><li>Cashpoint® 40 Canada Square</li><li>Melrose Immigration Lawyers</li><li>NeuroLegacy</li><li>Lexenor ltd</li><li>EB Associates Group</li><li>fastboost.pro</li><li>Logos, illustrations, design and websites for catteries/kennels</li><li>Insuro</li></ul></details>" }, "geometry": { "type": "Polygon", "coordinates": [ [ [ -0.0199587, 51.5049981 ], [ -0.0200234, 51.5047668 ], [ -0.0200328, 51.5047332 ], [ -0.0199283, 51.5047219 ], [ -0.0199319, 51.5047091 ], [ -0.0193187, 51.5046425 ], [ -0.0193151, 51.5046553 ], [ -0.0192106, 51.504644 ], [ -0.0191932, 51.5047059 ], [ -0.0191178, 51.5046978 ], [ -0.0190614, 51.504899 ], [ -0.0190129, 51.5050722 ], [ -0.0190883, 51.5050804 ], [ -0.0190709, 51.5051427 ], [ -0.0191754, 51.505154 ], [ -0.0191718, 51.5051669 ], [ -0.0194149, 51.5051933 ], [ -0.019785, 51.5052334 ], [ -0.0197886, 51.5052206 ], [ -0.0198931, 51.5052319 ], [ -0.0199026, 51.5051984 ], [ -0.0199587, 51.5049981 ] ] ] } },
{ "type": "Feature", "properties": { "id": "5815a135-7d85-44af-9a05-7add37f6b6f9", "building_name": "Canada Square Car Park Entrance", "building_class": "service", "building_subtype": "service", "height": 0.0, "num_floors": 0, "new_functional_class": "Commercial", "all_poi_names": "The Kooples, Tacet Global, Buns From Home, WiseAlpha Technologies, Samsung Experience Store Canary Wharf, Topshop, Bal Global Finance UK, Forte Markets Ltd, Land Layby UK Limited, International Grains Council, Imperial Drainage, Santus Intelligentia Accountants Ltd., Tech equity Ltd., Global Business Associates Ltd., News On The Wharf, Security Alliance Ltd., Decoris Diamonds & Jewellers, Vashi, RocketFin Consulting, ISSQUARED, Bitwise Incorporated, Metlife Europe Ltd., Evendo, Admiral Markets UK, Your Brand In Microsoft Office, Rahman Lowe Solicitors, Aitipeople Ltd., Learning Tree International - London Learning Centre, Amra, Melissa, Crystal Chauffeurs, Paytia, Minotaurfx, Diligence, Software Major Ltd., Bias Consultancy", "dominant_share_pct": 47.222222222222221, "final_functional_class": "Office/HQ", "dominant_share_pct_formatted": "47.2%", "Retail_Food_Ratio_formatted": "19.4%", "Work": 11.0, "Food_Drink": 2.0, "Retail_Leisure": 5.0, "Education": 1.0, "Medical": 0.0, "Transportation": 0.0, "Other_POI": 17.0, "poi_sum": 36.0, "Retail_Food_Ratio": 19.444444444444446, "poi_names_list": "<details><summary>36 POIs (click to expand)</summary><ul><li>The Kooples</li><li>Tacet Global</li><li>Buns From Home</li><li>WiseAlpha Technologies</li><li>Samsung Experience Store Canary Wharf</li><li>Topshop</li><li>Bal Global Finance UK</li><li>Forte Markets Ltd</li><li>Land Layby UK Limited</li><li>International Grains Council</li><li>Imperial Drainage</li><li>Santus Intelligentia Accountants Ltd.</li><li>Tech equity Ltd.</li><li>Global Business Associates Ltd.</li><li>News On The Wharf</li><li>Security Alliance Ltd.</li><li>Decoris Diamonds &amp; Jewellers</li><li>Vashi</li><li>RocketFin Consulting</li><li>ISSQUARED</li><li>Bitwise Incorporated</li><li>Metlife Europe Ltd.</li><li>Evendo</li><li>Admiral Markets UK</li><li>Your Brand In Microsoft Office</li><li>Rahman Lowe Solicitors</li><li>Aitipeople Ltd.</li><li>Learning Tree International - London Learning Centre</li><li>Amra</li><li>Melissa</li><li>Crystal Chauffeurs</li><li>Paytia</li><li>Minotaurfx</li><li>Diligence</li><li>Software Major Ltd.</li><li>Bias Consultancy</li></ul></details>" }, "geometry": { "type": "Polygon", "coordinates": [ [ [ -0.0185228, 51.5051065 ], [ -0.0185368, 51.5050566 ], [ -0.0183675, 51.5050382 ], [ -0.0183535, 51.5050882 ], [ -0.0184182, 51.5050952 ], [ -0.0185228, 51.5051065 ] ] ] } },
{ "type": "Feature", "properties": { "id": "44e3ed21-683d-4dfc-9120-ca8abdab6ff3", "building_name": "0", "building_class": "service", "building_subtype": "service", "height": 0.0, "num_floors": 0, "new_functional_class": "Commercial", "all_poi_names": "Fortu, Vision Express, Startup Consultant, Dermot Cox Therapy, Ivy AI Solutions Limited, Andrew Kaufman LLC, sushi daily, Rebel Agency, ASK Freight Solutions Ltd, Accelright Ltd., T.M.Lewin, Moss", "dominant_share_pct": 33.333333333333329, "final_functional_class": "Office/HQ", "dominant_share_pct_formatted": "33.3%", "Retail_Food_Ratio_formatted": "33.3%", "Work": 4.0, "Food_Drink": 1.0, "Retail_Leisure": 3.0, "Education": 0.0, "Medical": 1.0, "Transportation": 0.0, "Other_POI": 3.0, "poi_sum": 12.0, "Retail_Food_Ratio": 33.333333333333329, "poi_names_list": "<details><summary>12 POIs (click to expand)</summary><ul><li>Fortu</li><li>Vision Express</li><li>Startup Consultant</li><li>Dermot Cox Therapy</li><li>Ivy AI Solutions Limited</li><li>Andrew Kaufman LLC</li><li>sushi daily</li><li>Rebel Agency</li><li>ASK Freight Solutions Ltd</li><li>Accelright Ltd.</li><li>T.M.Lewin</li><li>Moss</li></ul></details>" }, "geometry": { "type": "Polygon", "coordinates": [ [ [ -0.0179271, 51.5050419 ], [ -0.0179411, 51.5049919 ], [ -0.0177702, 51.5049734 ], [ -0.0177562, 51.5050233 ], [ -0.0179271, 51.5050419 ] ] ] } },
{ "type": "Feature", "properties": { "id": "def47cf3-2875-4e34-ae57-aad5a67e6fa1", "building_name": "KPMG", "building_class": "office", "building_subtype": "commercial", "height": 68.5, "num_floors": 15, "new_functional_class": "Office", "all_poi_names": "KPMG Canary Wharf, Crabtree & Evelyn, Decford Hutchins Personal Trainer, KPMG, Fuwa Fuwa, FAVE Coffee, T4 Bubble Tea, Le Chalet, CPress, Blank Street Coffee", "dominant_share_pct": 50.0, "final_functional_class": "Office/HQ", "dominant_share_pct_formatted": "50.0%", "Retail_Food_Ratio_formatted": "60.0%", "Work": 1.0, "Food_Drink": 5.0, "Retail_Leisure": 1.0, "Education": 0.0, "Medical": 0.0, "Transportation": 0.0, "Other_POI": 3.0, "poi_sum": 10.0, "Retail_Food_Ratio": 60.0, "poi_names_list": "<details><summary>10 POIs (click to expand)</summary><ul><li>KPMG Canary Wharf</li><li>Crabtree &amp; Evelyn</li><li>Decford Hutchins Personal Trainer</li><li>KPMG</li><li>Fuwa Fuwa</li><li>FAVE Coffee</li><li>T4 Bubble Tea</li><li>Le Chalet</li><li>CPress</li><li>Blank Street Coffee</li></ul></details>" }, "geometry": { "type": "Polygon", "coordinates": [ [ [ -0.0166285, 51.5056906 ], [ -0.0168, 51.5050783 ], [ -0.0162019, 51.5050134 ], [ -0.0160239, 51.505625 ], [ -0.0166285, 51.5056906 ] ] ] } },
{ "type": "Feature", "properties": { "id": "e96252ed-33f8-446c-a5f0-debd8627db8e", "building_name": "HSBC UK", "building_class": "office", "building_subtype": "commercial", "height": 199.5, "num_floors": 45, "new_functional_class": "Office", "all_poi_names": "HSBC Level 5 Gym, Nexus FrontierTech, Get'em Out Group, Capital Experience, London Limo Hire, Ace-fx, Ace-FX Canary Wharf, Subway 1 Canada Square, Subway, City Falcon, Nuffield Health London - Canary Wharf Health Club Physiotherapist, iSmash, BOSS Store", "dominant_share_pct": 28.571428571428569, "final_functional_class": "Office/HQ", "dominant_share_pct_formatted": "28.6%", "Retail_Food_Ratio_formatted": "21.4%", "Work": 4.0, "Food_Drink": 2.0, "Retail_Leisure": 1.0, "Education": 0.0, "Medical": 0.0, "Transportation": 3.0, "Other_POI": 4.0, "poi_sum": 14.0, "Retail_Food_Ratio": 21.428571428571427, "poi_names_list": "<details><summary>14 POIs (click to expand)</summary><ul><li>HSBC Level 5 Gym</li><li>Nexus FrontierTech</li><li>Get&#x27;em Out Group</li><li>Capital Experience</li><li>London Limo Hire</li><li>Ace-fx</li><li>London Limo Hire</li><li>Ace-FX Canary Wharf</li><li>Subway 1 Canada Square</li><li>Subway</li><li>City Falcon</li><li>Nuffield Health London - Canary Wharf Health Club Physiotherapist</li><li>iSmash</li><li>BOSS Store</li></ul></details>" }, "geometry": { "type": "Polygon", "coordinates": [ [ [ -0.0179355, 51.5052463 ], [ -0.0179233, 51.5052249 ], [ -0.0178926, 51.5052113 ], [ -0.0171234, 51.5051282 ], [ -0.0170907, 51.5051343 ], [ -0.017076, 51.5051516 ], [ -0.0169458, 51.5056168 ], [ -0.0169415, 51.5056321 ], [ -0.0169519, 51.5056478 ], [ -0.0169788, 51.5056569 ], [ -0.0177588, 51.5057422 ], [ -0.0177832, 51.5057355 ], [ -0.0178006, 51.505724 ], [ -0.0179355, 51.5052463 ] ] ] } },
{ "type": "Feature", "properties": { "id": "c3bef968-f336-4fad-b67c-f08a7987d907", "building_name": "Bank of America", "building_class": "office", "building_subtype": "commercial", "height": 87.7, "num_floors": 15, "new_functional_class": "Office", "all_poi_names": "Benefit Cosmetics BrowBar Beauty Lounge, Smart City Rooms, Analytics Intelligence, Pix Garage, Thomson Reuters Foundation, DASH Design Studio, British Life Skills, Hire Man with Van London, Canarywharfphotography, Reach Solutions, CV-Shop.com - Make the First Impression, Thomson Reuters Elite, 5 Canada Square, Clarins Boots Canary Wharf", "dominant_share_pct": 50.0, "final_functional_class": "Office/HQ", "dominant_share_pct_formatted": "50.0%", "Retail_Food_Ratio_formatted": "7.1%", "Work": 5.0, "Food_Drink": 0.0, "Retail_Leisure": 1.0, "Education": 1.0, "Medical": 0.0, "Transportation": 0.0, "Other_POI": 7.0, "poi_sum": 14.0, "Retail_Food_Ratio": 7.1428571428571423, "poi_names_list": "<details><summary>14 POIs (click to expand)</summary><ul><li>Benefit Cosmetics BrowBar Beauty Lounge</li><li>Smart City Rooms</li><li>Analytics Intelligence</li><li>Pix Garage</li><li>Thomson Reuters Foundation</li><li>DASH Design Studio</li><li>British Life Skills</li><li>Hire Man with Van London</li><li>Canarywharfphotography</li><li>Reach Solutions</li><li>CV-Shop.com - Make the First Impression</li><li>Thomson Reuters Elite</li><li>5 Canada Square</li><li>Clarins Boots Canary Wharf</li></ul></details>" }, "geometry": { "type": "Polygon", "coordinates": [ [ [ -0.0179874, 51.5058381 ], [ -0.018887, 51.5059357 ], [ -0.0190493, 51.5053333 ], [ -0.0182587, 51.5052503 ], [ -0.0181451, 51.5052384 ], [ -0.0179874, 51.5058381 ] ] ] } },
{ "type": "Feature", "properties": { "id": "b6565009-3589-44b7-88ac-ea4fb702583d", "building_name": "Canary Wharf Management", "building_class": "office", "building_subtype": "commercial", "height": 0.0, "num_floors": 1, "new_functional_class": "Office", "all_poi_names": "Blacklock Restaurant", "dominant_share_pct": 100.0, "final_functional_class": "Small Retail/Dining", "dominant_share_pct_formatted": "100.0%", "Retail_Food_Ratio_formatted": "100.0%", "Work": 0.0, "Food_Drink": 1.0, "Retail_Leisure": 0.0, "Education": 0.0, "Medical": 0.0, "Transportation": 0.0, "Other_POI": 0.0, "poi_sum": 1.0, "Retail_Food_Ratio": 100.0, "poi_names_list": "<details><summary>1 POIs (click to expand)</summary><ul><li>Blacklock Restaurant</li></ul></details>" }, "geometry": { "type": "Polygon", "coordinates": [ [ [ -0.0208541, 51.5058511 ], [ -0.0208237, 51.5059595 ], [ -0.0209325, 51.5059962 ], [ -0.020995, 51.5060026 ], [ -0.0211041, 51.5056132 ], [ -0.0210242, 51.5056046 ], [ -0.0210097, 51.5056561 ], [ -0.0209853, 51.5056534 ], [ -0.0209704, 51.5057056 ], [ -0.020946, 51.505703 ], [ -0.0209314, 51.5057552 ], [ -0.0209069, 51.5057526 ], [ -0.0208786, 51.5058538 ], [ -0.0208541, 51.5058511 ] ] ] } },
{ "type": "Feature", "properties": { "id": "b68e746c-183b-4e6c-9124-f723ec83cae7", "building_name": "0", "building_class": "office", "building_subtype": "commercial", "height": 0.0, "num_floors": 1, "new_functional_class": "Office", "all_poi_names": "SOMA Canary Wharf, Kricket Canary Wharf Restaurant", "dominant_share_pct": 100.0, "final_functional_class": "Small Retail/Dining", "dominant_share_pct_formatted": "100.0%", "Retail_Food_Ratio_formatted": "100.0%", "Work": 0.0, "Food_Drink": 2.0, "Retail_Leisure": 0.0, "Education": 0.0, "Medical": 0.0, "Transportation": 0.0, "Other_POI": 0.0, "poi_sum": 2.0, "Retail_Food_Ratio": 100.0, "poi_names_list": "<details><summary>2 POIs (click to expand)</summary><ul><li>SOMA Canary Wharf</li><li>Kricket Canary Wharf Restaurant</li></ul></details>" }, "geometry": { "type": "Polygon", "coordinates": [ [ [ -0.0206456, 51.505941 ], [ -0.020653, 51.5059409 ], [ -0.0206834, 51.5058326 ], [ -0.0206589, 51.5058299 ], [ -0.0206873, 51.5057287 ], [ -0.0206628, 51.5057261 ], [ -0.0206775, 51.5056738 ], [ -0.020653, 51.5056712 ], [ -0.0206674, 51.5056189 ], [ -0.020643, 51.5056163 ], [ -0.0206574, 51.5055648 ], [ -0.0205999, 51.5055585 ], [ -0.0205778, 51.5055561 ], [ -0.0204741, 51.5059353 ], [ -0.0204944, 51.5059382 ], [ -0.020549, 51.505946 ], [ -0.0206456, 51.505941 ] ] ] } },
{ "type": "Feature", "properties": { "id": "2e7e0c13-18cf-47a2-bca4-3dfa829260a4", "building_name": "0", "building_class": "office", "building_subtype": "commercial", "height": 79.8, "num_floors": 17, "new_functional_class": "Office", "all_poi_names": "Energy Aspects, Butchies, Artisan Fine Art, Market Halls Cargo Canary Wharf, Tom Davies bespoke eyewear, Financial Conduct Authority, Montblanc, Capital Karts Canary Wharf, Eggslut Canary Wharf, Grind, Kiko Milano, 25 North Colonnade, Chick Chick Crew, Le Bab, Black Bear Burger, DF Tacos, Baozilnn, Inamo Sukoshi, Gopal’s Corner", "dominant_share_pct": 52.631578947368418, "final_functional_class": "Shopping Mall", "dominant_share_pct_formatted": "52.6%", "Retail_Food_Ratio_formatted": "78.9%", "Work": 2.0, "Food_Drink": 10.0, "Retail_Leisure": 5.0, "Education": 0.0, "Medical": 0.0, "Transportation": 0.0, "Other_POI": 2.0, "poi_sum": 19.0, "Retail_Food_Ratio": 78.94736842105263, "poi_names_list": "<details><summary>19 POIs (click to expand)</summary><ul><li>Energy Aspects</li><li>Butchies</li><li>Artisan Fine Art</li><li>Market Halls Cargo Canary Wharf</li><li>Tom Davies bespoke eyewear</li><li>Financial Conduct Authority</li><li>Montblanc</li><li>Capital Karts Canary Wharf</li><li>Eggslut Canary Wharf</li><li>Grind</li><li>Kiko Milano</li><li>25 North Colonnade</li><li>Chick Chick Crew</li><li>Le Bab</li><li>Black Bear Burger</li><li>DF Tacos</li><li>Baozilnn</li><li>Inamo Sukoshi</li><li>Gopal’s Corner</li></ul></details>" }, "geometry": { "type": "Polygon", "coordinates": [ [ [ -0.0201147, 51.5059409 ], [ -0.0204403, 51.5060468 ], [ -0.0204741, 51.5059353 ], [ -0.0205778, 51.5055561 ], [ -0.0205825, 51.5055313 ], [ -0.0206086, 51.5054459 ], [ -0.0204619, 51.50543 ], [ -0.0202638, 51.5054085 ], [ -0.0202253, 51.5055461 ], [ -0.0200833, 51.5055307 ], [ -0.0200983, 51.5054769 ], [ -0.020049, 51.5054581 ], [ -0.01977, 51.5053519 ], [ -0.0196201, 51.5058872 ], [ -0.0201147, 51.5059409 ] ] ] } },
{ "type": "Feature", "properties": { "id": "172d53f8-54de-4e27-9526-14b33ad9b514", "building_name": "Canary Wharf DLR", "building_class": "train_station", "building_subtype": "transportation", "height": 0.0, "num_floors": 3, "new_functional_class": "Transportation", "all_poi_names": "Canary Wharf Post Office, Canary Wharf Builders, Prolifics, Lakrids by Bülow, VoguePay UK, Nando's Cabot, 金絲雀碼頭站, Tortilla - Mexican Grill, BOSS Store, Tesco Mobile, Secalliance, Jo Malone London, River Island, Office, Grind, Canary Wharf DLR Station, Charbonnel et Walker, Polo Ralph Lauren, Chopstix Noodle Bar, eToro, Wharfside Car Valet, DACX, News on the Wharf, South Colonnade, Hackett London, Dune London, Crockett & Jones, Body Reform", "dominant_share_pct": 31.03448275862069, "final_functional_class": "Transit Hub", "dominant_share_pct_formatted": "31.0%", "Retail_Food_Ratio_formatted": "51.7%", "Work": 6.0, "Food_Drink": 6.0, "Retail_Leisure": 9.0, "Education": 0.0, "Medical": 0.0, "Transportation": 3.0, "Other_POI": 5.0, "poi_sum": 29.0, "Retail_Food_Ratio": 51.724137931034484, "poi_names_list": "<details><summary>29 POIs (click to expand)</summary><ul><li>Canary Wharf Post Office</li><li>Canary Wharf Builders</li><li>Prolifics</li><li>Lakrids by Bülow</li><li>VoguePay UK</li><li>Nando&#x27;s Cabot</li><li>金絲雀碼頭站</li><li>Tortilla - Mexican Grill</li><li>BOSS Store</li><li>Tesco Mobile</li><li>Secalliance</li><li>Jo Malone London</li><li>River Island</li><li>Jo Malone London</li><li>Office</li><li>Grind</li><li>Canary Wharf DLR Station</li><li>Charbonnel et Walker</li><li>Polo Ralph Lauren</li><li>Chopstix Noodle Bar</li><li>eToro</li><li>Wharfside Car Valet</li><li>DACX</li><li>News on the Wharf</li><li>South Colonnade</li><li>Hackett London</li><li>Dune London</li><li>Crockett &amp; Jones</li><li>Body Reform</li></ul></details>" }, "geometry": { "type": "Polygon", "coordinates": [ [ [ -0.0210432, 51.5055799 ], [ -0.0211137, 51.5053301 ], [ -0.0212361, 51.5048974 ], [ -0.0212973, 51.5046843 ], [ -0.0213073, 51.5046478 ], [ -0.0212859, 51.5046456 ], [ -0.0212374, 51.5046403 ], [ -0.021194, 51.5046356 ], [ -0.0210467, 51.5046195 ], [ -0.0210092, 51.5046156 ], [ -0.0210035, 51.5046149 ], [ -0.0208679, 51.5045998 ], [ -0.0208463, 51.5045975 ], [ -0.0208358, 51.5046349 ], [ -0.020776, 51.5048483 ], [ -0.0207137, 51.5050708 ], [ -0.0206552, 51.5052798 ], [ -0.020585, 51.5055304 ], [ -0.0207545, 51.5055486 ], [ -0.0207893, 51.5055519 ], [ -0.0208121, 51.5055542 ], [ -0.0208747, 51.505561 ], [ -0.0209398, 51.5055684 ], [ -0.0210432, 51.5055799 ] ] ] } },
{ "type": "Feature", "properties": { "id": "dfbe7e30-b124-490e-88e7-e5cf6154dd27", "building_name": "0", "building_class": "commercial", "building_subtype": "commercial", "height": 0.0, "num_floors": 4, "new_functional_class": "Commercial", "all_poi_names": "Cabot Place, COACH, Flip Out, Books Etc, Evri ParcelShop, Waterstones, Buns From Home, boisdale_cigar_shop_cw, Boisdale Restaurants, David Clulow, Sweaty Betty, LEON Canary Wharf (Cabot Place), Boisdale Of Canary Wharf, The Cocktail Club - Cocktail Bar In Canary Wharf, Aquascutum, BOSS Store, Canary Wharf (Cabot Place), Cafe Brera, Rejuvenation MediSpa, Space NK, Newbie, Costa Coffee, Rockar Landrover, Boisdale of Canary Wharf, Ted's Grooming Room, Cards Galore, Pure Sports Medicine, London Shoeshine Events Limited, Barker Shoes, Adam Grooming Atelier, The Race Lounge, JOE & THE JUICE, Costa Express, Diptyque Canary Wharf, Capital Karts Canary Wharf - Go Karting London, Flip Out Canary Wharf, InPost, Tesco Express, Penhaligon's, Cheap Party Shop, Watchfinder & Co. Canary Wharf, Paddy Power, Moleskine London Canary Wharf, Badiani, Pure Sports Medicine Canary Wharf, Tortilla Canary Wharf, Sri Nam, Pure Sports Medicine (Canary Wharf), Pret A Manger, Nail Incorporated Ltd., BrandSphere Studio, Costa, Industrial Disease Claim Ltd, Calvin Klein Underwear, Cabot Hall, COJEAN Londres, Zara, LEON, K1 Speed UK, Paul Canary Wharf, The Cocktail Club Canary Wharf, Pandora, FaceGym At Space NK Canary Wharf, Greggs, citi, Eastern Accountants, Amazon Locker - rueben, Massimo Dutti", "dominant_share_pct": 39.436619718309856, "final_functional_class": "Shopping Mall", "dominant_share_pct_formatted": "39.4%", "Retail_Food_Ratio_formatted": "64.8%", "Work": 5.0, "Food_Drink": 18.0, "Retail_Leisure": 28.0, "Education": 0.0, "Medical": 3.0, "Transportation": 1.0, "Other_POI": 16.0, "poi_sum": 71.0, "Retail_Food_Ratio": 64.788732394366207, "poi_names_list": "<details><summary>71 POIs (click to expand)</summary><ul><li>Cabot Place</li><li>COACH</li><li>Flip Out</li><li>Books Etc</li><li>Evri ParcelShop</li><li>Waterstones</li><li>Buns From Home</li><li>boisdale_cigar_shop_cw</li><li>Boisdale Restaurants</li><li>David Clulow</li><li>Sweaty Betty</li><li>Sweaty Betty</li><li>LEON Canary Wharf (Cabot Place)</li><li>Boisdale Of Canary Wharf</li><li>The Cocktail Club - Cocktail Bar In Canary Wharf</li><li>Aquascutum</li><li>BOSS Store</li><li>Canary Wharf (Cabot Place)</li><li>Cafe Brera</li><li>Rejuvenation MediSpa</li><li>Space NK</li><li>Newbie</li><li>Costa Coffee</li><li>Rockar Landrover</li><li>Boisdale of Canary Wharf</li><li>Ted&#x27;s Grooming Room</li><li>Cards Galore</li><li>Pure Sports Medicine</li><li>London Shoeshine Events Limited</li><li>Barker Shoes</li><li>Adam Grooming Atelier</li><li>The Race Lounge</li><li>JOE &amp; THE JUICE</li><li>Costa Express</li><li>Diptyque Canary Wharf</li><li>Capital Karts Canary Wharf - Go Karting London</li><li>Cafe Brera</li><li>Flip Out Canary Wharf</li><li>InPost</li><li>Tesco Express</li><li>Penhaligon&#x27;s</li><li>Cheap Party Shop</li><li>Watchfinder &amp; Co. Canary Wharf</li><li>Paddy Power</li><li>Moleskine London Canary Wharf</li><li>Badiani</li><li>Pure Sports Medicine Canary Wharf</li><li>Tortilla Canary Wharf</li><li>Sri Nam</li><li>Pure Sports Medicine (Canary Wharf)</li><li>Pret A Manger</li><li>Nail Incorporated Ltd.</li><li>BrandSphere Studio</li><li>Costa</li><li>Industrial Disease Claim Ltd</li><li>Calvin Klein Underwear</li><li>Cabot Hall</li><li>COJEAN Londres</li><li>Zara</li><li>LEON</li><li>K1 Speed UK</li><li>Paul Canary Wharf</li><li>The Cocktail Club Canary Wharf</li><li>BOSS Store</li><li>Pandora</li><li>FaceGym At Space NK Canary Wharf</li><li>Greggs</li><li>citi</li><li>Eastern Accountants</li><li>Amazon Locker - rueben</li><li>Massimo Dutti</li></ul></details>" }, "geometry": { "type": "Polygon", "coordinates": [ [ [ -0.0222119, 51.5051747 ], [ -0.0222594, 51.505011 ], [ -0.0218099, 51.5049603 ], [ -0.0218048, 51.5049785 ], [ -0.0217588, 51.5049735 ], [ -0.0217196, 51.5049693 ], [ -0.0217246, 51.5049511 ], [ -0.0212361, 51.5048974 ], [ -0.0211137, 51.5053301 ], [ -0.021604, 51.5053826 ], [ -0.0216091, 51.5053644 ], [ -0.021652, 51.5053691 ], [ -0.0216944, 51.5053736 ], [ -0.0216893, 51.5053919 ], [ -0.0221434, 51.5054434 ], [ -0.0221935, 51.5052722 ], [ -0.0222054, 51.5052653 ], [ -0.0222186, 51.5052556 ], [ -0.0222306, 51.5052424 ], [ -0.0222367, 51.5052288 ], [ -0.0222382, 51.5052136 ], [ -0.0222342, 51.5051998 ], [ -0.0222243, 51.5051854 ], [ -0.0222119, 51.5051747 ] ] ] } },
{ "type": "Feature", "properties": { "id": "a9f208f8-bb95-475a-8f4b-2118e3d79cb2", "building_name": "0", "building_class": "service", "building_subtype": "service", "height": 0.0, "num_floors": 0, "new_functional_class": "Commercial", "all_poi_names": "First Edition, Ross Watch Repairs, Boisedale Champagne Bar, Canary Wharf, Brera Lounge", "dominant_share_pct": 75.0, "final_functional_class": "Infrastructure", "dominant_share_pct_formatted": "75.0%", "Retail_Food_Ratio_formatted": "75.0%", "Work": 0.0, "Food_Drink": 3.0, "Retail_Leisure": 0.0, "Education": 0.0, "Medical": 0.0, "Transportation": 1.0, "Other_POI": 0.0, "poi_sum": 4.0, "Retail_Food_Ratio": 75.0, "poi_names_list": "<details><summary>4 POIs (click to expand)</summary><ul><li>First Edition</li><li>Ross Watch Repairs</li><li>Boisedale Champagne Bar, Canary Wharf</li><li>Brera Lounge</li></ul></details>" }, "geometry": { "type": "Polygon", "coordinates": [ [ [ -0.0225208, 51.5052269 ], [ -0.0225418, 51.5051518 ], [ -0.0225091, 51.5051482 ], [ -0.0224881, 51.5052233 ], [ -0.0225208, 51.5052269 ] ] ] } },
{ "type": "Feature", "properties": { "id": "7f788896-78de-4023-9bd5-82cd5ed538af", "building_name": "0", "building_class": "service", "building_subtype": "service", "height": 0.0, "num_floors": 0, "new_functional_class": "Commercial", "all_poi_names": "Bobbi Brown", "dominant_share_pct": 100.0, "final_functional_class": "Infrastructure", "dominant_share_pct_formatted": "100.0%", "Retail_Food_Ratio_formatted": "100.0%", "Work": 0.0, "Food_Drink": 0.0, "Retail_Leisure": 1.0, "Education": 0.0, "Medical": 0.0, "Transportation": 0.0, "Other_POI": 0.0, "poi_sum": 1.0, "Retail_Food_Ratio": 100.0, "poi_names_list": "<details><summary>1 POIs (click to expand)</summary><ul><li>Bobbi Brown</li></ul></details>" }, "geometry": { "type": "Polygon", "coordinates": [ [ [ -0.0224796, 51.505374 ], [ -0.0225002, 51.5053004 ], [ -0.0224675, 51.5052968 ], [ -0.0224469, 51.5053705 ], [ -0.0224796, 51.505374 ] ] ] } },
{ "type": "Feature", "properties": { "id": "f9ed6834-375f-4fac-ae5c-d363ac9b931d", "building_name": "Barclays", "building_class": "office", "building_subtype": "commercial", "height": 0.0, "num_floors": 10, "new_functional_class": "Office", "all_poi_names": "Westferry Garden, Tortilla, Paddy Power, Tortilla Canary Wharf, Limehouse, Canary Wharf, Qci Assessment Ltd., Ibérica, Electric Shuffle, Perfect Presents, Ogilvy & Mather, Café Rouge - Canary Wharf, Barclays Private Equity, Limehouse, Rituals, Davy's at Canary Wharf, Fairgame, Rudy's, The Cocktail Club, The Pagination, GANT Canary Wharf, RSVP Media Response, Karapincha, Cargo London, The Merchant", "dominant_share_pct": 50.0, "final_functional_class": "Shopping Mall", "dominant_share_pct_formatted": "50.0%", "Retail_Food_Ratio_formatted": "66.7%", "Work": 2.0, "Food_Drink": 12.0, "Retail_Leisure": 4.0, "Education": 0.0, "Medical": 0.0, "Transportation": 0.0, "Other_POI": 6.0, "poi_sum": 24.0, "Retail_Food_Ratio": 66.666666666666657, "poi_names_list": "<details><summary>24 POIs (click to expand)</summary><ul><li>Westferry Garden</li><li>Tortilla</li><li>Paddy Power</li><li>Tortilla Canary Wharf</li><li>Limehouse, Canary Wharf</li><li>Qci Assessment Ltd.</li><li>Ibérica</li><li>Electric Shuffle</li><li>Perfect Presents</li><li>Ogilvy &amp; Mather</li><li>Café Rouge - Canary Wharf</li><li>Barclays Private Equity</li><li>Limehouse</li><li>Rituals</li><li>Davy&#x27;s at Canary Wharf</li><li>Fairgame</li><li>Rudy&#x27;s</li><li>The Cocktail Club</li><li>The Pagination</li><li>GANT Canary Wharf</li><li>RSVP Media Response</li><li>Karapincha</li><li>Cargo London</li><li>The Merchant</li></ul></details>" }, "geometry": { "type": "Polygon", "coordinates": [ [ [ -0.0225684, 51.5056717 ], [ -0.0225288, 51.5056548 ], [ -0.0212408, 51.5055148 ], [ -0.0211349, 51.5055032 ], [ -0.0211041, 51.5056132 ], [ -0.020995, 51.5060026 ], [ -0.0209641, 51.5061127 ], [ -0.0222939, 51.506257 ], [ -0.0223007, 51.5062329 ], [ -0.0224371, 51.5061732 ], [ -0.0224438, 51.5061492 ], [ -0.0224826, 51.5061534 ], [ -0.0225934, 51.5057577 ], [ -0.0225997, 51.5057353 ], [ -0.0225972, 51.5057033 ], [ -0.0225684, 51.5056717 ] ] ] } },
{ "type": "Feature", "properties": { "id": "36e1794b-0ff6-4b7e-a05e-f7ba7a78b7e5", "building_name": "0", "building_class": "roof", "building_subtype": "outbuilding", "height": 0.0, "num_floors": 0, "new_functional_class": "Infrastructure", "all_poi_names": "Transport For London-West India Quay DLR Station", "dominant_share_pct": 100.0, "final_functional_class": "Transit Hub", "dominant_share_pct_formatted": "100.0%", "Retail_Food_Ratio_formatted": "0.0%", "Work": 0.0, "Food_Drink": 0.0, "Retail_Leisure": 0.0, "Education": 0.0, "Medical": 0.0, "Transportation": 1.0, "Other_POI": 0.0, "poi_sum": 1.0, "Retail_Food_Ratio": 0.0, "poi_names_list": "<details><summary>1 POIs (click to expand)</summary><ul><li>Transport For London-West India Quay DLR Station</li></ul></details>" }, "geometry": { "type": "Polygon", "coordinates": [ [ [ -0.0203291, 51.5065381 ], [ -0.0201767, 51.5071052 ], [ -0.0203589, 51.5071246 ], [ -0.0205141, 51.5065568 ], [ -0.0203291, 51.5065381 ] ] ] } },
{ "type": "Feature", "properties": { "id": "f17c0d4e-3e4d-4eed-b635-b2d387a86beb", "building_name": "0", "building_class": "roof", "building_subtype": "outbuilding", "height": 0.0, "num_floors": 0, "new_functional_class": "Infrastructure", "all_poi_names": "Cuty Sark Maritime Greenwi, St. Peter's Barge, Stratford, Olympic Village", "dominant_share_pct": 66.666666666666657, "final_functional_class": "Infrastructure", "dominant_share_pct_formatted": "66.7%", "Retail_Food_Ratio_formatted": "33.3%", "Work": 0.0, "Food_Drink": 0.0, "Retail_Leisure": 1.0, "Education": 0.0, "Medical": 0.0, "Transportation": 0.0, "Other_POI": 2.0, "poi_sum": 3.0, "Retail_Food_Ratio": 33.333333333333329, "poi_names_list": "<details><summary>3 POIs (click to expand)</summary><ul><li>Cuty Sark Maritime Greenwi</li><li>St. Peter&#x27;s Barge</li><li>Stratford, Olympic Village</li></ul></details>" }, "geometry": { "type": "Polygon", "coordinates": [ [ [ -0.0205862, 51.5065656 ], [ -0.020429, 51.5071247 ], [ -0.0205938, 51.5071418 ], [ -0.0207483, 51.5065828 ], [ -0.0205862, 51.5065656 ] ] ] } },
{ "type": "Feature", "properties": { "id": "67710957-baa2-4b34-9bf4-81a97bc93397", "building_name": "Port East", "building_class": "apartments", "building_subtype": "residential", "height": 0.0, "num_floors": 4, "new_functional_class": "Residential", "all_poi_names": "Temple Lounge, COCO Canary Wharf - Restaurant & Lounge, Pizza Pilgrims, Nourish Osteopathy & Nutrition, Döner & Gyros, Coco Canary Wharf, Samedaychiropractic, The Sipping Room, Conservatories bedford, Strada, Munich Cricket Club, The Sweet City, KUBS London, CityDoc Clinic, Ann's Smart School of Cookery, Intoskin, West India Quay, Platinum Dental Care, Private Dining, Gas Business Rates", "dominant_share_pct": 45.0, "final_functional_class": "Mixed-use/Complex", "dominant_share_pct_formatted": "45.0%", "Retail_Food_Ratio_formatted": "50.0%", "Work": 0.0, "Food_Drink": 9.0, "Retail_Leisure": 1.0, "Education": 1.0, "Medical": 4.0, "Transportation": 1.0, "Other_POI": 4.0, "poi_sum": 20.0, "Retail_Food_Ratio": 50.0, "poi_names_list": "<details><summary>20 POIs (click to expand)</summary><ul><li>Temple Lounge</li><li>COCO Canary Wharf - Restaurant &amp; Lounge</li><li>Pizza Pilgrims</li><li>Nourish Osteopathy &amp; Nutrition</li><li>Döner &amp; Gyros</li><li>Coco Canary Wharf</li><li>Samedaychiropractic</li><li>The Sipping Room</li><li>Conservatories bedford</li><li>Strada</li><li>Munich Cricket Club</li><li>The Sweet City</li><li>KUBS London</li><li>CityDoc Clinic</li><li>Ann&#x27;s Smart School of Cookery</li><li>Intoskin</li><li>West India Quay</li><li>Platinum Dental Care</li><li>Private Dining</li><li>Gas Business Rates</li></ul></details>" }, "geometry": { "type": "Polygon", "coordinates": [ [ [ -0.022981, 51.5073581 ], [ -0.0229557, 51.5073552 ], [ -0.0229209, 51.5073512 ], [ -0.0227969, 51.5073364 ], [ -0.0227711, 51.507424 ], [ -0.0227117, 51.5076252 ], [ -0.0228732, 51.5076436 ], [ -0.0230234, 51.5076608 ], [ -0.0230807, 51.5074596 ], [ -0.0231058, 51.5073717 ], [ -0.022981, 51.5073581 ] ] ] } },
{ "type": "Feature", "properties": { "id": "e79bdc61-15a7-4380-93e9-67988c7fdec6", "building_name": "0", "building_class": "apartments", "building_subtype": "residential", "height": 0.0, "num_floors": 0, "new_functional_class": "Residential", "all_poi_names": "No POIs recorded", "dominant_share_pct": 0.0, "final_functional_class": "Residential", "dominant_share_pct_formatted": "0.0%", "Retail_Food_Ratio_formatted": "0.0%", "Work": 0.0, "Food_Drink": 0.0, "Retail_Leisure": 0.0, "Education": 0.0, "Medical": 0.0, "Transportation": 0.0, "Other_POI": 0.0, "poi_sum": 0.0, "Retail_Food_Ratio": 0.0, "poi_names_list": "0" }, "geometry": { "type": "Polygon", "coordinates": [ [ [ -0.0217869, 51.5079253 ], [ -0.0218033, 51.5079302 ], [ -0.0218394, 51.507936 ], [ -0.0218668, 51.5079362 ], [ -0.0218839, 51.5079346 ], [ -0.0219164, 51.5079275 ], [ -0.0219348, 51.5079205 ], [ -0.0219579, 51.5079074 ], [ -0.0219778, 51.5078888 ], [ -0.0219872, 51.507873 ], [ -0.0219916, 51.507853 ], [ -0.0219895, 51.5078364 ], [ -0.0219841, 51.5078236 ], [ -0.0219736, 51.5078092 ], [ -0.021956, 51.5077942 ], [ -0.0219357, 51.5077828 ], [ -0.0219087, 51.5077732 ], [ -0.0218684, 51.5077668 ], [ -0.021836, 51.5077672 ], [ -0.0218087, 51.5077714 ], [ -0.0217771, 51.5077815 ], [ -0.0217541, 51.507794 ], [ -0.0217367, 51.5078088 ], [ -0.0217227, 51.5078299 ], [ -0.0217184, 51.507847 ], [ -0.0217193, 51.5078619 ], [ -0.0217225, 51.5078724 ], [ -0.0217316, 51.5078881 ], [ -0.0217445, 51.5079016 ], [ -0.0217564, 51.5079104 ], [ -0.0217869, 51.5079253 ] ], [ [ -0.0218978, 51.5078753 ], [ -0.0218875, 51.5078812 ], [ -0.0218825, 51.507883 ], [ -0.0218648, 51.5078869 ], [ -0.0218614, 51.5078873 ], [ -0.0218498, 51.5078872 ], [ -0.0218306, 51.5078841 ], [ -0.0218288, 51.5078835 ], [ -0.0218113, 51.507875 ], [ -0.0218088, 51.5078732 ], [ -0.0218029, 51.5078671 ], [ -0.0217985, 51.5078595 ], [ -0.0217976, 51.5078565 ], [ -0.0217972, 51.5078499 ], [ -0.0217989, 51.5078432 ], [ -0.0218057, 51.507833 ], [ -0.0218123, 51.5078273 ], [ -0.0218216, 51.5078223 ], [ -0.0218365, 51.5078175 ], [ -0.0218464, 51.507816 ], [ -0.0218593, 51.5078158 ], [ -0.0218789, 51.507819 ], [ -0.0218895, 51.5078227 ], [ -0.0218973, 51.5078271 ], [ -0.0219053, 51.507834 ], [ -0.0219097, 51.50784 ], [ -0.0219117, 51.5078446 ], [ -0.0219126, 51.5078516 ], [ -0.0219105, 51.507861 ], [ -0.0219073, 51.5078665 ], [ -0.0218978, 51.5078753 ] ] ] } },
{ "type": "Feature", "properties": { "id": "d046ecdd-0737-4072-aef9-44392df7cb27", "building_name": "Horizon Building", "building_class": "apartments", "building_subtype": "residential", "height": 27.446823120117188, "num_floors": 13, "new_functional_class": "Residential", "all_poi_names": "Horizon Building, Hilton Park Lane, China Health Spa, Chinese Fountain Beauty, Chase Evans Residential Ltd - Canary Wharf Office, Private Dining", "dominant_share_pct": 66.666666666666657, "final_functional_class": "Residential", "dominant_share_pct_formatted": "66.7%", "Retail_Food_Ratio_formatted": "16.7%", "Work": 0.0, "Food_Drink": 1.0, "Retail_Leisure": 0.0, "Education": 0.0, "Medical": 1.0, "Transportation": 0.0, "Other_POI": 4.0, "poi_sum": 6.0, "Retail_Food_Ratio": 16.666666666666664, "poi_names_list": "<details><summary>6 POIs (click to expand)</summary><ul><li>Horizon Building</li><li>Hilton Park Lane</li><li>China Health Spa</li><li>Chinese Fountain Beauty</li><li>Chase Evans Residential Ltd - Canary Wharf Office</li><li>Private Dining</li></ul></details>" }, "geometry": { "type": "Polygon", "coordinates": [ [ [ -0.0212387, 51.5078384 ], [ -0.0216364, 51.5078838 ], [ -0.0216473, 51.5078468 ], [ -0.0216228, 51.507844 ], [ -0.0216483, 51.5077575 ], [ -0.021275, 51.5077149 ], [ -0.0212387, 51.5078384 ] ] ] } },
{ "type": "Feature", "properties": { "id": "a6a8ac29-204a-43a7-b4d0-af0fa65a47dc", "building_name": "1 West India Quay", "building_class": "commercial", "building_subtype": "commercial", "height": 111.0, "num_floors": 33, "new_functional_class": "Commercial", "all_poi_names": "Ideandum International | Dental Marketing Agency, 蓮香宮, PV Classics, Bodywise Training, Manhattan Grill, Cute Circuit Ltd, West India Quay, London Marriott Hotel West India Quay, Icefiend, Marriott, London Marriott Hotel Canary Wharf, Riverside", "dominant_share_pct": 33.333333333333329, "final_functional_class": "Office/HQ", "dominant_share_pct_formatted": "33.3%", "Retail_Food_Ratio_formatted": "41.7%", "Work": 3.0, "Food_Drink": 3.0, "Retail_Leisure": 2.0, "Education": 0.0, "Medical": 0.0, "Transportation": 0.0, "Other_POI": 4.0, "poi_sum": 12.0, "Retail_Food_Ratio": 41.666666666666671, "poi_names_list": "<details><summary>12 POIs (click to expand)</summary><ul><li>Ideandum International | Dental Marketing Agency</li><li>蓮香宮</li><li>PV Classics</li><li>Bodywise Training</li><li>Manhattan Grill</li><li>Cute Circuit Ltd</li><li>West India Quay</li><li>London Marriott Hotel West India Quay</li><li>Icefiend</li><li>Marriott</li><li>London Marriott Hotel Canary Wharf</li><li>Riverside</li></ul></details>" }, "geometry": { "type": "Polygon", "coordinates": [ [ [ -0.0209719, 51.5070021 ], [ -0.0207975, 51.5070019 ], [ -0.0207458, 51.5071866 ], [ -0.0208168, 51.5071943 ], [ -0.021423, 51.5072601 ], [ -0.0214558, 51.5072636 ], [ -0.0214749, 51.5071834 ], [ -0.0214864, 51.5071546 ], [ -0.0216805, 51.5071764 ], [ -0.0216752, 51.5071577 ], [ -0.0216404, 51.5071387 ], [ -0.0215577, 51.5071037 ], [ -0.021427, 51.5070656 ], [ -0.0213202, 51.5070421 ], [ -0.0212119, 51.5070238 ], [ -0.0210936, 51.5070099 ], [ -0.0209719, 51.5070021 ] ] ] } },
{ "type": "Feature", "properties": { "id": "8a8701aa-1c21-4233-91cd-4912e70203ff", "building_name": "0", "building_class": "roof", "building_subtype": "outbuilding", "height": 0.0, "num_floors": 0, "new_functional_class": "Infrastructure", "all_poi_names": "No POIs recorded", "dominant_share_pct": 0.0, "final_functional_class": "Infrastructure", "dominant_share_pct_formatted": "0.0%", "Retail_Food_Ratio_formatted": "0.0%", "Work": 0.0, "Food_Drink": 0.0, "Retail_Leisure": 0.0, "Education": 0.0, "Medical": 0.0, "Transportation": 0.0, "Other_POI": 0.0, "poi_sum": 0.0, "Retail_Food_Ratio": 0.0, "poi_names_list": "0" }, "geometry": { "type": "Polygon", "coordinates": [ [ [ -0.0170632, 51.5075887 ], [ -0.0170537, 51.5076263 ], [ -0.0173713, 51.5076575 ], [ -0.0173809, 51.5076198 ], [ -0.0170632, 51.5075887 ] ] ] } },
{ "type": "Feature", "properties": { "id": "a6490854-9baf-46aa-a208-9b0b0d49d0ae", "building_name": "0", "building_class": "train_station", "building_subtype": "transportation", "height": 0.0, "num_floors": 0, "new_functional_class": "Transportation", "all_poi_names": "No POIs recorded", "dominant_share_pct": 0.0, "final_functional_class": "Transit Hub", "dominant_share_pct_formatted": "0.0%", "Retail_Food_Ratio_formatted": "0.0%", "Work": 0.0, "Food_Drink": 0.0, "Retail_Leisure": 0.0, "Education": 0.0, "Medical": 0.0, "Transportation": 0.0, "Other_POI": 0.0, "poi_sum": 0.0, "Retail_Food_Ratio": 0.0, "poi_names_list": "0" }, "geometry": { "type": "Polygon", "coordinates": [ [ [ -0.0175635, 51.5078601 ], [ -0.0176798, 51.5078721 ], [ -0.0176999, 51.507797 ], [ -0.0177179, 51.5077285 ], [ -0.0177386, 51.5076511 ], [ -0.0176204, 51.507639 ], [ -0.017613, 51.5076667 ], [ -0.0174825, 51.5076693 ], [ -0.0174828, 51.5076794 ], [ -0.0174784, 51.5076961 ], [ -0.017469, 51.50772 ], [ -0.0176011, 51.5077176 ], [ -0.0175843, 51.5077805 ], [ -0.0174501, 51.5077738 ], [ -0.0174457, 51.5077909 ], [ -0.0174381, 51.5078307 ], [ -0.0175719, 51.5078286 ], [ -0.0175635, 51.5078601 ] ] ] } },
{ "type": "Feature", "properties": { "id": "97517c92-11e5-438b-9b20-c99ef692d79a", "building_name": "0", "building_class": "service", "building_subtype": "service", "height": 0.0, "num_floors": 0, "new_functional_class": "Commercial", "all_poi_names": "No POIs recorded", "dominant_share_pct": 0.0, "final_functional_class": "Infrastructure", "dominant_share_pct_formatted": "0.0%", "Retail_Food_Ratio_formatted": "0.0%", "Work": 0.0, "Food_Drink": 0.0, "Retail_Leisure": 0.0, "Education": 0.0, "Medical": 0.0, "Transportation": 0.0, "Other_POI": 0.0, "poi_sum": 0.0, "Retail_Food_Ratio": 0.0, "poi_names_list": "0" }, "geometry": { "type": "Polygon", "coordinates": [ [ [ -0.0167031, 51.5069297 ], [ -0.0166953, 51.5069577 ], [ -0.01674, 51.5069626 ], [ -0.0167478, 51.5069346 ], [ -0.0167031, 51.5069297 ] ] ] } },
{ "type": "Feature", "properties": { "id": "7d04c4cc-c183-4597-bb98-063679b2ec63", "building_name": "Crossrail Place", "building_class": "retail", "building_subtype": "commercial", "height": 28.0, "num_floors": 0, "new_functional_class": "Commercial", "all_poi_names": "Giant Robot, Pergola on the Wharf, Thunderbird, Canary Wharf railway station, Franco Manca, Canary Wharf Roof Garden, London Canary Wharf (Crossrail Place) Dental Centre, Clinique Counter, Nero Express, Sweat by BXR Canary Wharf, Crossrail Place, Notes, Dr Kluger's Olde Towne Tavern, Bupa Health And Dental Centre Canary Wharf (Crossrail Place), Bar Lina Canary Wharf, Elizabeth LINE Canary WHARF, Directors Box Canary Wharf, The Breakfast Club, Chai Ki, Sweat By Bxr, Ole & Steen, New Body Osteopathy, Arc Community - Sauna and Ice, Flying Tiger Copenhagen, NatWest Canary Wharf Crossrail, Island Poke, Psycle, Santander, Sports Bar & Grill - Canary Wharf, iSmash - Canary Wharf, Ipuddo, Notes Coffee Roasters & Bar Canary Wharf, Illusionaries, Big Easy, Canary Wharf Station, Bupa Health and Dental Centre, Canary Wharf Crossrail, Barry's, Ippudo, Sports Bar & Grill Canary Wharf, Sticks'n'Sushi - Canary Wharf, Everyman Canary Wharf, Lina Stores Canary Wharf – Italian Restaurant, Deli & Bar", "dominant_share_pct": 52.272727272727273, "final_functional_class": "Shopping Mall", "dominant_share_pct_formatted": "52.3%", "Retail_Food_Ratio_formatted": "63.6%", "Work": 1.0, "Food_Drink": 23.0, "Retail_Leisure": 5.0, "Education": 0.0, "Medical": 5.0, "Transportation": 3.0, "Other_POI": 7.0, "poi_sum": 44.0, "Retail_Food_Ratio": 63.636363636363633, "poi_names_list": "<details><summary>44 POIs (click to expand)</summary><ul><li>Giant Robot</li><li>Pergola on the Wharf</li><li>Thunderbird</li><li>Canary Wharf railway station</li><li>Franco Manca</li><li>Canary Wharf Roof Garden</li><li>London Canary Wharf (Crossrail Place) Dental Centre</li><li>Clinique Counter</li><li>Nero Express</li><li>Sweat by BXR Canary Wharf</li><li>Crossrail Place</li><li>Notes</li><li>Dr Kluger&#x27;s Olde Towne Tavern</li><li>Bupa Health And Dental Centre Canary Wharf (Crossrail Place)</li><li>Bar Lina Canary Wharf</li><li>Elizabeth LINE Canary WHARF</li><li>Directors Box Canary Wharf</li><li>The Breakfast Club</li><li>Chai Ki</li><li>Sweat By Bxr</li><li>Ole &amp; Steen</li><li>New Body Osteopathy</li><li>Arc Community - Sauna and Ice</li><li>Flying Tiger Copenhagen</li><li>NatWest Canary Wharf Crossrail</li><li>Island Poke</li><li>Psycle</li><li>Santander</li><li>Sports Bar &amp; Grill - Canary Wharf</li><li>iSmash - Canary Wharf</li><li>Ipuddo</li><li>Notes Coffee Roasters &amp; Bar Canary Wharf</li><li>Illusionaries</li><li>Big Easy</li><li>Canary Wharf Station</li><li>Bupa Health and Dental Centre</li><li>Canary Wharf Crossrail</li><li>Barry&#x27;s</li><li>Ippudo</li><li>Sports Bar &amp; Grill Canary Wharf</li><li>Sticks&#x27;n&#x27;Sushi - Canary Wharf</li><li>Everyman Canary Wharf</li><li>Lina Stores Canary Wharf – Italian Restaurant, Deli &amp; Bar</li><li>Sports Bar &amp; Grill - Canary Wharf</li></ul></details>" }, "geometry": { "type": "Polygon", "coordinates": [ [ [ -0.0196778, 51.5062755 ], [ -0.019529, 51.5061646 ], [ -0.0192725, 51.5061368 ], [ -0.0191355, 51.5061219 ], [ -0.019132, 51.5061346 ], [ -0.0191288, 51.5061459 ], [ -0.0190416, 51.5061364 ], [ -0.0190447, 51.5061247 ], [ -0.0190539, 51.50609 ], [ -0.018972, 51.5060805 ], [ -0.0175394, 51.5059262 ], [ -0.0167361, 51.5058384 ], [ -0.016699, 51.5058344 ], [ -0.0166558, 51.5058297 ], [ -0.0164444, 51.5058067 ], [ -0.0164381, 51.5058292 ], [ -0.0160034, 51.505782 ], [ -0.0159426, 51.5057754 ], [ -0.0155304, 51.5057307 ], [ -0.0154458, 51.5060328 ], [ -0.0166636, 51.506165 ], [ -0.0194444, 51.5064668 ], [ -0.0196325, 51.5064142 ], [ -0.0197364, 51.506353 ], [ -0.0196778, 51.5062755 ] ] ] } },
{ "type": "Feature", "properties": { "id": "1a29bc70-0dd1-46a9-badb-e3075f6c821a", "building_name": "Billingsgate Market", "building_class": "industrial", "building_subtype": "industrial", "height": 10.937061309814453, "num_floors": 0, "new_functional_class": "Commercial", "all_poi_names": "Billingsgate Cafe, Wright Brothers Wholesale, Micks Eel Supply Ltd, S&A Hart, C & a Seafoods, J. Bennett Ltd, DODi Seafood, Barneys Seafood, Selsea Fish & Lobster Co, Cyprus Fisheries, London Fish Merchants Association, Fawsitt Fish, Chamberlain & Thelwell, L G Wicker & Co, Piggy's Cafe, Old Billingsgate Market, Billingsgate Market, Polydor Seafood, RAO Fish Merchants", "dominant_share_pct": 47.368421052631575, "final_functional_class": "Shopping Mall", "dominant_share_pct_formatted": "47.4%", "Retail_Food_Ratio_formatted": "73.7%", "Work": 1.0, "Food_Drink": 5.0, "Retail_Leisure": 9.0, "Education": 0.0, "Medical": 0.0, "Transportation": 0.0, "Other_POI": 4.0, "poi_sum": 19.0, "Retail_Food_Ratio": 73.68421052631578, "poi_names_list": "<details><summary>19 POIs (click to expand)</summary><ul><li>Billingsgate Cafe</li><li>Wright Brothers Wholesale</li><li>Micks Eel Supply Ltd</li><li>S&amp;A Hart</li><li>C &amp; a Seafoods</li><li>J. Bennett Ltd</li><li>DODi Seafood</li><li>Barneys Seafood</li><li>Selsea Fish &amp; Lobster Co</li><li>Cyprus Fisheries</li><li>London Fish Merchants Association</li><li>Fawsitt Fish</li><li>Chamberlain &amp; Thelwell</li><li>L G Wicker &amp; Co</li><li>Piggy&#x27;s Cafe</li><li>Old Billingsgate Market</li><li>Billingsgate Market</li><li>Polydor Seafood</li><li>RAO Fish Merchants</li></ul></details>" }, "geometry": { "type": "Polygon", "coordinates": [ [ [ -0.0152493, 51.5067646 ], [ -0.0153493, 51.5064169 ], [ -0.0163293, 51.5065261 ], [ -0.0163713, 51.5063802 ], [ -0.013547, 51.5060651 ], [ -0.0130238, 51.5060072 ], [ -0.0129808, 51.5061569 ], [ -0.0127473, 51.5061309 ], [ -0.0126484, 51.5064748 ], [ -0.012774, 51.5064888 ], [ -0.0152493, 51.5067646 ] ] ] } },
{ "type": "Feature", "properties": { "id": "be6422f6-a547-49fb-ad26-b4b703276039", "building_name": "0", "building_class": "apartments", "building_subtype": "residential", "height": 0.0, "num_floors": 5, "new_functional_class": "Residential", "all_poi_names": "No POIs recorded", "dominant_share_pct": 0.0, "final_functional_class": "Residential", "dominant_share_pct_formatted": "0.0%", "Retail_Food_Ratio_formatted": "0.0%", "Work": 0.0, "Food_Drink": 0.0, "Retail_Leisure": 0.0, "Education": 0.0, "Medical": 0.0, "Transportation": 0.0, "Other_POI": 0.0, "poi_sum": 0.0, "Retail_Food_Ratio": 0.0, "poi_names_list": "0" }, "geometry": { "type": "Polygon", "coordinates": [ [ [ -0.0094698, 51.5065857 ], [ -0.0098096, 51.5066446 ], [ -0.0098622, 51.5065269 ], [ -0.00978, 51.5065127 ], [ -0.0097633, 51.50655 ], [ -0.0097097, 51.5065407 ], [ -0.009718, 51.5065221 ], [ -0.0095812, 51.5064984 ], [ -0.0095777, 51.5065063 ], [ -0.0095141, 51.5064953 ], [ -0.0094897, 51.50655 ], [ -0.0094648, 51.5065514 ], [ -0.0094698, 51.5065857 ] ] ] } },
{ "type": "Feature", "properties": { "id": "356b4063-fd02-41df-8a13-ebc06fea9ecf", "building_name": "0", "building_class": "apartments", "building_subtype": "residential", "height": 0.0, "num_floors": 5, "new_functional_class": "Residential", "all_poi_names": "Everyman Canary Wharf", "dominant_share_pct": 100.0, "final_functional_class": "Residential", "dominant_share_pct_formatted": "100.0%", "Retail_Food_Ratio_formatted": "100.0%", "Work": 0.0, "Food_Drink": 0.0, "Retail_Leisure": 1.0, "Education": 0.0, "Medical": 0.0, "Transportation": 0.0, "Other_POI": 0.0, "poi_sum": 1.0, "Retail_Food_Ratio": 100.0, "poi_names_list": "<details><summary>1 POIs (click to expand)</summary><ul><li>Everyman Canary Wharf</li></ul></details>" }, "geometry": { "type": "Polygon", "coordinates": [ [ [ -0.0101384, 51.5065809 ], [ -0.0101852, 51.506589 ], [ -0.0102805, 51.5063743 ], [ -0.010235, 51.5063665 ], [ -0.0102317, 51.5063738 ], [ -0.010141, 51.5063583 ], [ -0.0101244, 51.5063957 ], [ -0.0100894, 51.5063897 ], [ -0.010032, 51.506519 ], [ -0.0100681, 51.5065252 ], [ -0.0100537, 51.5065577 ], [ -0.010142, 51.5065729 ], [ -0.0101384, 51.5065809 ] ] ] } },
{ "type": "Feature", "properties": { "id": "7e5d9fea-5f7b-4363-90f7-6c26818bb786", "building_name": "0", "building_class": "industrial", "building_subtype": "industrial", "height": 8.2032327651977539, "num_floors": 0, "new_functional_class": "Commercial", "all_poi_names": "No POIs recorded", "dominant_share_pct": 0.0, "final_functional_class": "Other", "dominant_share_pct_formatted": "0.0%", "Retail_Food_Ratio_formatted": "0.0%", "Work": 0.0, "Food_Drink": 0.0, "Retail_Leisure": 0.0, "Education": 0.0, "Medical": 0.0, "Transportation": 0.0, "Other_POI": 0.0, "poi_sum": 0.0, "Retail_Food_Ratio": 0.0, "poi_names_list": "0" }, "geometry": { "type": "Polygon", "coordinates": [ [ [ -0.0107684, 51.5064438 ], [ -0.0112347, 51.5064735 ], [ -0.0112991, 51.5060811 ], [ -0.0108327, 51.5060514 ], [ -0.0107684, 51.5064438 ] ] ] } },
{ "type": "Feature", "properties": { "id": "fd7fb4bc-af38-4b84-a1ab-55b6a5ed4888", "building_name": "0", "building_class": "apartments", "building_subtype": "residential", "height": 0.0, "num_floors": 5, "new_functional_class": "Residential", "all_poi_names": "No POIs recorded", "dominant_share_pct": 0.0, "final_functional_class": "Residential", "dominant_share_pct_formatted": "0.0%", "Retail_Food_Ratio_formatted": "0.0%", "Work": 0.0, "Food_Drink": 0.0, "Retail_Leisure": 0.0, "Education": 0.0, "Medical": 0.0, "Transportation": 0.0, "Other_POI": 0.0, "poi_sum": 0.0, "Retail_Food_Ratio": 0.0, "poi_names_list": "0" }, "geometry": { "type": "Polygon", "coordinates": [ [ [ -0.0103624, 51.5060798 ], [ -0.0104101, 51.506088 ], [ -0.0105051, 51.5058729 ], [ -0.0104595, 51.5058651 ], [ -0.0104559, 51.5058732 ], [ -0.0103655, 51.5058577 ], [ -0.0103505, 51.5058917 ], [ -0.0103158, 51.5058858 ], [ -0.0102598, 51.5060126 ], [ -0.0102939, 51.5060184 ], [ -0.0102774, 51.5060558 ], [ -0.0103662, 51.506071 ], [ -0.0103624, 51.5060798 ] ] ] } },
{ "type": "Feature", "properties": { "id": "e9e69965-d562-49ab-a852-e9215cb29e2b", "building_name": "0", "building_class": "apartments", "building_subtype": "residential", "height": 0.0, "num_floors": 5, "new_functional_class": "Residential", "all_poi_names": "No POIs recorded", "dominant_share_pct": 0.0, "final_functional_class": "Residential", "dominant_share_pct_formatted": "0.0%", "Retail_Food_Ratio_formatted": "0.0%", "Work": 0.0, "Food_Drink": 0.0, "Retail_Leisure": 0.0, "Education": 0.0, "Medical": 0.0, "Transportation": 0.0, "Other_POI": 0.0, "poi_sum": 0.0, "Retail_Food_Ratio": 0.0, "poi_names_list": "0" }, "geometry": { "type": "Polygon", "coordinates": [ [ [ -0.0102492, 51.5063304 ], [ -0.0102982, 51.5063391 ], [ -0.0103965, 51.5061238 ], [ -0.0103486, 51.5061153 ], [ -0.0103443, 51.5061247 ], [ -0.0102547, 51.5061089 ], [ -0.0102399, 51.5061413 ], [ -0.0102048, 51.5061351 ], [ -0.0101464, 51.5062632 ], [ -0.0101829, 51.5062696 ], [ -0.0101662, 51.5063061 ], [ -0.0102533, 51.5063215 ], [ -0.0102492, 51.5063304 ] ] ] } },
{ "type": "Feature", "properties": { "id": "7670755d-43df-475a-b533-019f8559f517", "building_name": "0", "building_class": "house", "building_subtype": "residential", "height": 0.0, "num_floors": 3, "new_functional_class": "Residential", "all_poi_names": "No POIs recorded", "dominant_share_pct": 0.0, "final_functional_class": "Residential", "dominant_share_pct_formatted": "0.0%", "Retail_Food_Ratio_formatted": "0.0%", "Work": 0.0, "Food_Drink": 0.0, "Retail_Leisure": 0.0, "Education": 0.0, "Medical": 0.0, "Transportation": 0.0, "Other_POI": 0.0, "poi_sum": 0.0, "Retail_Food_Ratio": 0.0, "poi_names_list": "0" }, "geometry": { "type": "Polygon", "coordinates": [ [ [ -0.0098341, 51.5062218 ], [ -0.0098002, 51.5063015 ], [ -0.009871, 51.5063132 ], [ -0.0098873, 51.5062751 ], [ -0.0099254, 51.5062814 ], [ -0.0099608, 51.5061984 ], [ -0.0099138, 51.5061906 ], [ -0.0098962, 51.506232 ], [ -0.0098341, 51.5062218 ] ] ] } },
{ "type": "Feature", "properties": { "id": "7ddc030f-b7e4-42b0-94b7-c9d70641f4d9", "building_name": "0", "building_class": "apartments", "building_subtype": "residential", "height": 0.0, "num_floors": 0, "new_functional_class": "Residential", "all_poi_names": "No POIs recorded", "dominant_share_pct": 0.0, "final_functional_class": "Residential", "dominant_share_pct_formatted": "0.0%", "Retail_Food_Ratio_formatted": "0.0%", "Work": 0.0, "Food_Drink": 0.0, "Retail_Leisure": 0.0, "Education": 0.0, "Medical": 0.0, "Transportation": 0.0, "Other_POI": 0.0, "poi_sum": 0.0, "Retail_Food_Ratio": 0.0, "poi_names_list": "0" }, "geometry": { "type": "Polygon", "coordinates": [ [ [ -0.0096992, 51.5063398 ], [ -0.0097473, 51.5063486 ], [ -0.0097993, 51.5062361 ], [ -0.009752, 51.5062277 ], [ -0.0097207, 51.5062222 ], [ -0.0097059, 51.5062549 ], [ -0.0096662, 51.5062486 ], [ -0.009674, 51.5062288 ], [ -0.0095192, 51.5062018 ], [ -0.0095161, 51.506209 ], [ -0.0094542, 51.5061992 ], [ -0.0094624, 51.5061825 ], [ -0.0094466, 51.5061772 ], [ -0.0094302, 51.5061965 ], [ -0.0094191, 51.506216 ], [ -0.0094176, 51.5062499 ], [ -0.0094215, 51.5062908 ], [ -0.0094335, 51.5062911 ], [ -0.0096992, 51.5063398 ] ] ] } },
{ "type": "Feature", "properties": { "id": "2db42490-cc42-489f-8e02-c2c2b05ec3c0", "building_name": "0", "building_class": "service", "building_subtype": "service", "height": 0.0, "num_floors": 0, "new_functional_class": "Commercial", "all_poi_names": "No POIs recorded", "dominant_share_pct": 0.0, "final_functional_class": "Infrastructure", "dominant_share_pct_formatted": "0.0%", "Retail_Food_Ratio_formatted": "0.0%", "Work": 0.0, "Food_Drink": 0.0, "Retail_Leisure": 0.0, "Education": 0.0, "Medical": 0.0, "Transportation": 0.0, "Other_POI": 0.0, "poi_sum": 0.0, "Retail_Food_Ratio": 0.0, "poi_names_list": "0" }, "geometry": { "type": "Polygon", "coordinates": [ [ [ -0.0098878, 51.5061733 ], [ -0.0099396, 51.5061823 ], [ -0.009958, 51.5061412 ], [ -0.0099062, 51.5061322 ], [ -0.0098878, 51.5061733 ] ] ] } },
{ "type": "Feature", "properties": { "id": "255e68ac-d0f8-472b-8af5-5334273f0f5e", "building_name": "0", "building_class": "house", "building_subtype": "residential", "height": 0.0, "num_floors": 3, "new_functional_class": "Residential", "all_poi_names": "No POIs recorded", "dominant_share_pct": 0.0, "final_functional_class": "Residential", "dominant_share_pct_formatted": "0.0%", "Retail_Food_Ratio_formatted": "0.0%", "Work": 0.0, "Food_Drink": 0.0, "Retail_Leisure": 0.0, "Education": 0.0, "Medical": 0.0, "Transportation": 0.0, "Other_POI": 0.0, "poi_sum": 0.0, "Retail_Food_Ratio": 0.0, "poi_names_list": "0" }, "geometry": { "type": "Polygon", "coordinates": [ [ [ -0.0099457, 51.506125 ], [ -0.0099893, 51.5061328 ], [ -0.0100228, 51.5060605 ], [ -0.0099869, 51.506054 ], [ -0.010009, 51.5060063 ], [ -0.0099407, 51.505994 ], [ -0.0099039, 51.5060735 ], [ -0.0099646, 51.5060842 ], [ -0.0099457, 51.506125 ] ] ] } },
{ "type": "Feature", "properties": { "id": "58486b3d-1cae-4112-b3f0-578d4d3bc139", "building_name": "0", "building_class": "house", "building_subtype": "residential", "height": 0.0, "num_floors": 3, "new_functional_class": "Residential", "all_poi_names": "No POIs recorded", "dominant_share_pct": 0.0, "final_functional_class": "Residential", "dominant_share_pct_formatted": "0.0%", "Retail_Food_Ratio_formatted": "0.0%", "Work": 0.0, "Food_Drink": 0.0, "Retail_Leisure": 0.0, "Education": 0.0, "Medical": 0.0, "Transportation": 0.0, "Other_POI": 0.0, "poi_sum": 0.0, "Retail_Food_Ratio": 0.0, "poi_names_list": "0" }, "geometry": { "type": "Polygon", "coordinates": [ [ [ -0.0097607, 51.5060485 ], [ -0.009834, 51.5060614 ], [ -0.0098703, 51.5059814 ], [ -0.009797, 51.5059685 ], [ -0.0097607, 51.5060485 ] ] ] } },
{ "type": "Feature", "properties": { "id": "12207c4a-4090-4fa3-b014-d53d1f843110", "building_name": "0", "building_class": "house", "building_subtype": "residential", "height": 0.0, "num_floors": 3, "new_functional_class": "Residential", "all_poi_names": "No POIs recorded", "dominant_share_pct": 0.0, "final_functional_class": "Residential", "dominant_share_pct_formatted": "0.0%", "Retail_Food_Ratio_formatted": "0.0%", "Work": 0.0, "Food_Drink": 0.0, "Retail_Leisure": 0.0, "Education": 0.0, "Medical": 0.0, "Transportation": 0.0, "Other_POI": 0.0, "poi_sum": 0.0, "Retail_Food_Ratio": 0.0, "poi_names_list": "0" }, "geometry": { "type": "Polygon", "coordinates": [ [ [ -0.009834, 51.5060614 ], [ -0.0099039, 51.5060735 ], [ -0.0099407, 51.505994 ], [ -0.0098703, 51.5059814 ], [ -0.009834, 51.5060614 ] ] ] } },
{ "type": "Feature", "properties": { "id": "4316b295-b919-4a39-81a8-c606aa40b136", "building_name": "0", "building_class": "house", "building_subtype": "residential", "height": 0.0, "num_floors": 3, "new_functional_class": "Residential", "all_poi_names": "No POIs recorded", "dominant_share_pct": 0.0, "final_functional_class": "Residential", "dominant_share_pct_formatted": "0.0%", "Retail_Food_Ratio_formatted": "0.0%", "Work": 0.0, "Food_Drink": 0.0, "Retail_Leisure": 0.0, "Education": 0.0, "Medical": 0.0, "Transportation": 0.0, "Other_POI": 0.0, "poi_sum": 0.0, "Retail_Food_Ratio": 0.0, "poi_names_list": "0" }, "geometry": { "type": "Polygon", "coordinates": [ [ [ -0.0096922, 51.5060365 ], [ -0.0097607, 51.5060485 ], [ -0.009797, 51.5059685 ], [ -0.0097284, 51.5059564 ], [ -0.0096922, 51.5060365 ] ] ] } },
{ "type": "Feature", "properties": { "id": "531b7bf7-7d4a-4861-8f55-4b8b5eaf5432", "building_name": "0", "building_class": "apartments", "building_subtype": "residential", "height": 0.0, "num_floors": 0, "new_functional_class": "Residential", "all_poi_names": "Charles Tyrwhitt, Ashley Pet Services Llp", "dominant_share_pct": 50.0, "final_functional_class": "Residential", "dominant_share_pct_formatted": "50.0%", "Retail_Food_Ratio_formatted": "50.0%", "Work": 0.0, "Food_Drink": 0.0, "Retail_Leisure": 1.0, "Education": 0.0, "Medical": 0.0, "Transportation": 0.0, "Other_POI": 1.0, "poi_sum": 2.0, "Retail_Food_Ratio": 50.0, "poi_names_list": "<details><summary>2 POIs (click to expand)</summary><ul><li>Charles Tyrwhitt</li><li>Ashley Pet Services Llp</li></ul></details>" }, "geometry": { "type": "Polygon", "coordinates": [ [ [ -0.0098038, 51.5057833 ], [ -0.0100813, 51.5058319 ], [ -0.0101272, 51.5057287 ], [ -0.010032, 51.5057123 ], [ -0.010047, 51.5056784 ], [ -0.0099685, 51.5056648 ], [ -0.0099621, 51.5056795 ], [ -0.009939, 51.5056755 ], [ -0.0099321, 51.505691 ], [ -0.0098508, 51.5056777 ], [ -0.0098038, 51.5057833 ] ] ] } },
{ "type": "Feature", "properties": { "id": "8695dc2f-2eb6-424c-89d9-a31371ea0663", "building_name": "0", "building_class": "apartments", "building_subtype": "residential", "height": 0.0, "num_floors": 0, "new_functional_class": "Residential", "all_poi_names": "No POIs recorded", "dominant_share_pct": 0.0, "final_functional_class": "Residential", "dominant_share_pct_formatted": "0.0%", "Retail_Food_Ratio_formatted": "0.0%", "Work": 0.0, "Food_Drink": 0.0, "Retail_Leisure": 0.0, "Education": 0.0, "Medical": 0.0, "Transportation": 0.0, "Other_POI": 0.0, "poi_sum": 0.0, "Retail_Food_Ratio": 0.0, "poi_names_list": "0" }, "geometry": { "type": "Polygon", "coordinates": [ [ [ -0.0096547, 51.5060443 ], [ -0.0096863, 51.5060498 ], [ -0.0096922, 51.5060365 ], [ -0.0097284, 51.5059564 ], [ -0.0097359, 51.5059361 ], [ -0.0097049, 51.5059303 ], [ -0.0096589, 51.5059217 ], [ -0.0096427, 51.5059557 ], [ -0.0096064, 51.50595 ], [ -0.0096185, 51.5059228 ], [ -0.0094612, 51.5058958 ], [ -0.0094597, 51.5059034 ], [ -0.009397, 51.5058934 ], [ -0.0094004, 51.5058807 ], [ -0.0093875, 51.5058769 ], [ -0.0093594, 51.5059075 ], [ -0.0093409, 51.5059588 ], [ -0.0093494, 51.5059917 ], [ -0.0093726, 51.5059954 ], [ -0.0096547, 51.5060443 ] ] ] } },
{ "type": "Feature", "properties": { "id": "1adbfef4-5caf-4e88-9fdb-b966d2f61bef", "building_name": "0", "building_class": "apartments", "building_subtype": "residential", "height": 0.0, "num_floors": 5, "new_functional_class": "Residential", "all_poi_names": "No POIs recorded", "dominant_share_pct": 0.0, "final_functional_class": "Residential", "dominant_share_pct_formatted": "0.0%", "Retail_Food_Ratio_formatted": "0.0%", "Work": 0.0, "Food_Drink": 0.0, "Retail_Leisure": 0.0, "Education": 0.0, "Medical": 0.0, "Transportation": 0.0, "Other_POI": 0.0, "poi_sum": 0.0, "Retail_Food_Ratio": 0.0, "poi_names_list": "0" }, "geometry": { "type": "Polygon", "coordinates": [ [ [ -0.0104745, 51.5058286 ], [ -0.0105224, 51.5058369 ], [ -0.0106182, 51.5056217 ], [ -0.010571, 51.5056136 ], [ -0.0105673, 51.5056219 ], [ -0.0104784, 51.5056065 ], [ -0.0104628, 51.5056415 ], [ -0.0104285, 51.5056356 ], [ -0.0103718, 51.5057629 ], [ -0.0104054, 51.5057687 ], [ -0.0103892, 51.505805 ], [ -0.0104782, 51.5058204 ], [ -0.0104745, 51.5058286 ] ] ] } },
{ "type": "Feature", "properties": { "id": "1ae26f52-3e27-496f-8b9d-54da7c36eda8", "building_name": "0", "building_class": "apartments", "building_subtype": "residential", "height": 0.0, "num_floors": 0, "new_functional_class": "Residential", "all_poi_names": "Andrew Wright Interior Designer", "dominant_share_pct": 100.0, "final_functional_class": "Residential", "dominant_share_pct_formatted": "100.0%", "Retail_Food_Ratio_formatted": "0.0%", "Work": 0.0, "Food_Drink": 0.0, "Retail_Leisure": 0.0, "Education": 0.0, "Medical": 0.0, "Transportation": 0.0, "Other_POI": 1.0, "poi_sum": 1.0, "Retail_Food_Ratio": 0.0, "poi_names_list": "<details><summary>1 POIs (click to expand)</summary><ul><li>Andrew Wright Interior Designer</li></ul></details>" }, "geometry": { "type": "Polygon", "coordinates": [ [ [ -0.0102362, 51.5054889 ], [ -0.0099647, 51.5054412 ], [ -0.0099177, 51.5055446 ], [ -0.0099916, 51.5055576 ], [ -0.0099848, 51.5055727 ], [ -0.0100078, 51.5055767 ], [ -0.0100007, 51.5055924 ], [ -0.0100824, 51.5056067 ], [ -0.0100968, 51.5055751 ], [ -0.0101897, 51.5055915 ], [ -0.0102362, 51.5054889 ] ] ] } },
{ "type": "Feature", "properties": { "id": "8766a2a7-55d6-44fa-ba38-3156de7d96b8", "building_name": "0", "building_class": "apartments", "building_subtype": "residential", "height": 0.0, "num_floors": 0, "new_functional_class": "Residential", "all_poi_names": "No POIs recorded", "dominant_share_pct": 0.0, "final_functional_class": "Residential", "dominant_share_pct_formatted": "0.0%", "Retail_Food_Ratio_formatted": "0.0%", "Work": 0.0, "Food_Drink": 0.0, "Retail_Leisure": 0.0, "Education": 0.0, "Medical": 0.0, "Transportation": 0.0, "Other_POI": 0.0, "poi_sum": 0.0, "Retail_Food_Ratio": 0.0, "poi_names_list": "0" }, "geometry": { "type": "Polygon", "coordinates": [ [ [ -0.0095051, 51.5057318 ], [ -0.0098038, 51.5057833 ], [ -0.0098508, 51.5056777 ], [ -0.0097475, 51.5056599 ], [ -0.009762, 51.5056274 ], [ -0.0096798, 51.5056133 ], [ -0.0096733, 51.5056278 ], [ -0.0096534, 51.5056244 ], [ -0.0096455, 51.5056421 ], [ -0.0095522, 51.505626 ], [ -0.0095051, 51.5057318 ] ] ] } },
{ "type": "Feature", "properties": { "id": "7f345ba9-0a4c-4489-ba7b-c5266e458534", "building_name": "0", "building_class": "apartments", "building_subtype": "residential", "height": 0.0, "num_floors": 6, "new_functional_class": "Residential", "all_poi_names": "No POIs recorded", "dominant_share_pct": 0.0, "final_functional_class": "Residential", "dominant_share_pct_formatted": "0.0%", "Retail_Food_Ratio_formatted": "0.0%", "Work": 0.0, "Food_Drink": 0.0, "Retail_Leisure": 0.0, "Education": 0.0, "Medical": 0.0, "Transportation": 0.0, "Other_POI": 0.0, "poi_sum": 0.0, "Retail_Food_Ratio": 0.0, "poi_names_list": "0" }, "geometry": { "type": "Polygon", "coordinates": [ [ [ -0.0093071, 51.5057177 ], [ -0.0093585, 51.5057241 ], [ -0.0093684, 51.505695 ], [ -0.0094592, 51.5057117 ], [ -0.0095098, 51.5055981 ], [ -0.0094206, 51.505582 ], [ -0.009436, 51.5055468 ], [ -0.0094561, 51.505544 ], [ -0.0094468, 51.5055316 ], [ -0.0094402, 51.5055167 ], [ -0.0094376, 51.5055027 ], [ -0.0094342, 51.5054883 ], [ -0.0094183, 51.5054899 ], [ -0.009415, 51.5054643 ], [ -0.0094712, 51.5054698 ], [ -0.0095623, 51.5054848 ], [ -0.0096119, 51.5053731 ], [ -0.0092988, 51.5053197 ], [ -0.0092223, 51.5053634 ], [ -0.0092598, 51.5055108 ], [ -0.0093071, 51.5057177 ] ] ] } },
{ "type": "Feature", "properties": { "id": "2079c1cb-5cc0-4dd1-9781-d3654f4227dd", "building_name": "0", "building_class": "apartments", "building_subtype": "residential", "height": 0.0, "num_floors": 0, "new_functional_class": "Residential", "all_poi_names": "No POIs recorded", "dominant_share_pct": 0.0, "final_functional_class": "Residential", "dominant_share_pct_formatted": "0.0%", "Retail_Food_Ratio_formatted": "0.0%", "Work": 0.0, "Food_Drink": 0.0, "Retail_Leisure": 0.0, "Education": 0.0, "Medical": 0.0, "Transportation": 0.0, "Other_POI": 0.0, "poi_sum": 0.0, "Retail_Food_Ratio": 0.0, "poi_names_list": "0" }, "geometry": { "type": "Polygon", "coordinates": [ [ [ -0.0098108, 51.5055259 ], [ -0.0099177, 51.5055446 ], [ -0.0099647, 51.5054412 ], [ -0.0096599, 51.5053877 ], [ -0.0096131, 51.5054915 ], [ -0.0097038, 51.5055073 ], [ -0.0096972, 51.5055219 ], [ -0.0097219, 51.5055262 ], [ -0.0097147, 51.505542 ], [ -0.009797, 51.5055564 ], [ -0.0098108, 51.5055259 ] ] ] } },
{ "type": "Feature", "properties": { "id": "a902997c-b1e4-4bce-8e97-5394a733034f", "building_name": "0", "building_class": "apartments", "building_subtype": "residential", "height": 0.0, "num_floors": 5, "new_functional_class": "Residential", "all_poi_names": "No POIs recorded", "dominant_share_pct": 0.0, "final_functional_class": "Residential", "dominant_share_pct_formatted": "0.0%", "Retail_Food_Ratio_formatted": "0.0%", "Work": 0.0, "Food_Drink": 0.0, "Retail_Leisure": 0.0, "Education": 0.0, "Medical": 0.0, "Transportation": 0.0, "Other_POI": 0.0, "poi_sum": 0.0, "Retail_Food_Ratio": 0.0, "poi_names_list": "0" }, "geometry": { "type": "Polygon", "coordinates": [ [ [ -0.0101099, 51.5051955 ], [ -0.010208, 51.5052127 ], [ -0.0102688, 51.5050789 ], [ -0.0101705, 51.5050616 ], [ -0.010175, 51.5050516 ], [ -0.0099249, 51.5050075 ], [ -0.0099198, 51.5050188 ], [ -0.0098227, 51.5050017 ], [ -0.0097622, 51.5051348 ], [ -0.0098607, 51.5051521 ], [ -0.0098576, 51.5051588 ], [ -0.0101067, 51.5052026 ], [ -0.0101099, 51.5051955 ] ] ] } },
{ "type": "Feature", "properties": { "id": "b134c5b2-9170-454a-a476-ee23569897da", "building_name": "0", "building_class": "apartments", "building_subtype": "residential", "height": 0.0, "num_floors": 6, "new_functional_class": "Residential", "all_poi_names": "Salchicha, J Bennett, Micks Eel Supply", "dominant_share_pct": 66.666666666666657, "final_functional_class": "Residential", "dominant_share_pct_formatted": "66.7%", "Retail_Food_Ratio_formatted": "100.0%", "Work": 0.0, "Food_Drink": 2.0, "Retail_Leisure": 1.0, "Education": 0.0, "Medical": 0.0, "Transportation": 0.0, "Other_POI": 0.0, "poi_sum": 3.0, "Retail_Food_Ratio": 100.0, "poi_names_list": "<details><summary>3 POIs (click to expand)</summary><ul><li>Salchicha</li><li>J Bennett</li><li>Micks Eel Supply</li></ul></details>" }, "geometry": { "type": "Polygon", "coordinates": [ [ [ -0.0104802, 51.5055476 ], [ -0.010699, 51.5055849 ], [ -0.0107338, 51.5055056 ], [ -0.0107466, 51.5055078 ], [ -0.0108015, 51.5053829 ], [ -0.0107904, 51.505381 ], [ -0.0108253, 51.5053018 ], [ -0.0106071, 51.5052646 ], [ -0.0105736, 51.5053406 ], [ -0.0105574, 51.5053378 ], [ -0.0104988, 51.5054711 ], [ -0.0105128, 51.5054735 ], [ -0.0104802, 51.5055476 ] ] ] } },
{ "type": "Feature", "properties": { "id": "22cec0f8-c0c5-40a5-91de-03bf0c53c6e6", "building_name": "Fraser Place", "building_class": "apartments", "building_subtype": "residential", "height": 0.0, "num_floors": 12, "new_functional_class": "Residential", "all_poi_names": "Fraser Place Canary Wharf", "dominant_share_pct": 100.0, "final_functional_class": "Residential", "dominant_share_pct_formatted": "100.0%", "Retail_Food_Ratio_formatted": "0.0%", "Work": 0.0, "Food_Drink": 0.0, "Retail_Leisure": 0.0, "Education": 0.0, "Medical": 0.0, "Transportation": 0.0, "Other_POI": 2.0, "poi_sum": 2.0, "Retail_Food_Ratio": 0.0, "poi_names_list": "<details><summary>2 POIs (click to expand)</summary><ul><li>Fraser Place Canary Wharf</li><li>Fraser Place Canary Wharf</li></ul></details>" }, "geometry": { "type": "Polygon", "coordinates": [ [ [ -0.0111009, 51.5051619 ], [ -0.0112173, 51.5050708 ], [ -0.0110523, 51.5049878 ], [ -0.0109181, 51.5050869 ], [ -0.0108258, 51.5051024 ], [ -0.0105975, 51.5050629 ], [ -0.0105219, 51.5050511 ], [ -0.0104843, 51.5051269 ], [ -0.0105623, 51.5051412 ], [ -0.0106741, 51.5051623 ], [ -0.01066, 51.5051994 ], [ -0.0106976, 51.5052049 ], [ -0.0106888, 51.5052215 ], [ -0.0107439, 51.5052303 ], [ -0.0111009, 51.5051619 ] ] ] } },
{ "type": "Feature", "properties": { "id": "6e7e0de2-c2a2-4a0c-9fc9-e520ffe67046", "building_name": "Fitch Ratings", "building_class": "office", "building_subtype": "commercial", "height": 68.5, "num_floors": 17, "new_functional_class": "Office", "all_poi_names": "Freedom Clinics, Blink Brõw Bar, Optical Express, sk:n London Canary Wharf, N Clinics, Blank Street Coffee, Qwid, Fitch Group", "dominant_share_pct": 50.0, "final_functional_class": "Office/HQ", "dominant_share_pct_formatted": "50.0%", "Retail_Food_Ratio_formatted": "25.0%", "Work": 1.0, "Food_Drink": 1.0, "Retail_Leisure": 1.0, "Education": 0.0, "Medical": 1.0, "Transportation": 0.0, "Other_POI": 4.0, "poi_sum": 8.0, "Retail_Food_Ratio": 25.0, "poi_names_list": "<details><summary>8 POIs (click to expand)</summary><ul><li>Freedom Clinics</li><li>Blink Brõw Bar</li><li>Optical Express</li><li>sk:n London Canary Wharf</li><li>N Clinics</li><li>Blank Street Coffee</li><li>Qwid</li><li>Fitch Group</li></ul></details>" }, "geometry": { "type": "Polygon", "coordinates": [ [ [ -0.0160239, 51.505625 ], [ -0.0162019, 51.5050134 ], [ -0.0155205, 51.5049394 ], [ -0.0154189, 51.5053022 ], [ -0.0153951, 51.5053872 ], [ -0.015349, 51.5055518 ], [ -0.0160239, 51.505625 ] ] ] } },
{ "type": "Feature", "properties": { "id": "fcc7f76d-8a32-4c4b-93cf-528a3bdf79e3", "building_name": "Barclays", "building_class": "office", "building_subtype": "commercial", "height": 156.0, "num_floors": 32, "new_functional_class": "Office", "all_poi_names": "Cslfirm.official, Barclaycard Funding, Barclays HQ, One Churchill Place, BGC Partners, Wharf Speakers Toastmasters, IAQMC, Freedom Back Clinics, Canary Wharf, Mint, Barclays UK", "dominant_share_pct": 60.0, "final_functional_class": "Office/HQ", "dominant_share_pct_formatted": "60.0%", "Retail_Food_Ratio_formatted": "0.0%", "Work": 6.0, "Food_Drink": 0.0, "Retail_Leisure": 0.0, "Education": 0.0, "Medical": 1.0, "Transportation": 0.0, "Other_POI": 3.0, "poi_sum": 10.0, "Retail_Food_Ratio": 0.0, "poi_names_list": "<details><summary>10 POIs (click to expand)</summary><ul><li>Cslfirm.official</li><li>Barclaycard Funding</li><li>Barclays HQ</li><li>One Churchill Place</li><li>BGC Partners</li><li>Wharf Speakers Toastmasters</li><li>IAQMC</li><li>Freedom Back Clinics, Canary Wharf</li><li>Mint</li><li>Barclays UK</li></ul></details>" }, "geometry": { "type": "Polygon", "coordinates": [ [ [ -0.0149275, 51.5048972 ], [ -0.014938, 51.5048611 ], [ -0.0149192, 51.504859 ], [ -0.0146164, 51.5048244 ], [ -0.0146129, 51.5048374 ], [ -0.0142486, 51.5047993 ], [ -0.0142506, 51.5047796 ], [ -0.0139504, 51.5047483 ], [ -0.0137718, 51.5053413 ], [ -0.0138048, 51.5053468 ], [ -0.013798, 51.5053716 ], [ -0.0138527, 51.5053786 ], [ -0.0138453, 51.5054077 ], [ -0.0140949, 51.5054347 ], [ -0.014091, 51.505445 ], [ -0.0144173, 51.5054802 ], [ -0.0144198, 51.5054714 ], [ -0.0146505, 51.5054956 ], [ -0.014658, 51.5054674 ], [ -0.0147077, 51.5054726 ], [ -0.0147134, 51.505456 ], [ -0.0147673, 51.5054624 ], [ -0.0148475, 51.5051763 ], [ -0.01486, 51.5051324 ], [ -0.0149095, 51.504959 ], [ -0.0149275, 51.5048972 ] ] ] } },
{ "type": "Feature", "properties": { "id": "362c4bce-5b66-42b1-8b70-e2ca2f3a094f", "building_name": "0", "building_class": "service", "building_subtype": "service", "height": 0.0, "num_floors": 0, "new_functional_class": "Commercial", "all_poi_names": "No POIs recorded", "dominant_share_pct": 0.0, "final_functional_class": "Infrastructure", "dominant_share_pct_formatted": "0.0%", "Retail_Food_Ratio_formatted": "0.0%", "Work": 0.0, "Food_Drink": 0.0, "Retail_Leisure": 0.0, "Education": 0.0, "Medical": 0.0, "Transportation": 0.0, "Other_POI": 0.0, "poi_sum": 0.0, "Retail_Food_Ratio": 0.0, "poi_names_list": "0" }, "geometry": { "type": "Polygon", "coordinates": [ [ [ -0.01272, 51.5045803 ], [ -0.0129281, 51.504637 ], [ -0.0129577, 51.5045949 ], [ -0.0127496, 51.5045382 ], [ -0.01272, 51.5045803 ] ] ] } },
{ "type": "Feature", "properties": { "id": "ab7374dd-b358-40e8-9a82-37b2a6aaadce", "building_name": "0", "building_class": "commercial", "building_subtype": "commercial", "height": 70.0, "num_floors": 0, "new_functional_class": "Commercial", "all_poi_names": "Barclays Eagle Labs, euNetworks Fiber UK Ltd, JOE & THE JUICE, C S C, Gorkana, Man With Van Canary Wharf Ltd., Balfour Beatty, American Express Business Travel Offices, magazinesdirect.com, Capitalab, Cision Inc, 5 Churchill place, Canary Wharf", "dominant_share_pct": 58.333333333333336, "final_functional_class": "Office/HQ", "dominant_share_pct_formatted": "58.3%", "Retail_Food_Ratio_formatted": "0.0%", "Work": 4.0, "Food_Drink": 0.0, "Retail_Leisure": 0.0, "Education": 0.0, "Medical": 0.0, "Transportation": 1.0, "Other_POI": 7.0, "poi_sum": 12.0, "Retail_Food_Ratio": 0.0, "poi_names_list": "<details><summary>12 POIs (click to expand)</summary><ul><li>Barclays Eagle Labs</li><li>euNetworks Fiber UK Ltd</li><li>JOE &amp; THE JUICE</li><li>C S C</li><li>Gorkana</li><li>Man With Van Canary Wharf Ltd.</li><li>Balfour Beatty</li><li>American Express Business Travel Offices</li><li>magazinesdirect.com</li><li>Capitalab</li><li>Cision Inc</li><li>5 Churchill place, Canary Wharf</li></ul></details>" }, "geometry": { "type": "Polygon", "coordinates": [ [ [ -0.0131887, 51.5047706 ], [ -0.0137195, 51.504988 ], [ -0.013742, 51.5049849 ], [ -0.0137579, 51.5049718 ], [ -0.0138402, 51.5046743 ], [ -0.0138598, 51.5046615 ], [ -0.0138832, 51.5046596 ], [ -0.0139153, 51.504661 ], [ -0.0139672, 51.5046647 ], [ -0.0139878, 51.5046416 ], [ -0.0139824, 51.5046016 ], [ -0.013986, 51.5045595 ], [ -0.0139904, 51.5045229 ], [ -0.0140031, 51.5044928 ], [ -0.0140322, 51.5044544 ], [ -0.0140547, 51.5044197 ], [ -0.0140387, 51.5044014 ], [ -0.0133777, 51.5043282 ], [ -0.0133353, 51.5043654 ], [ -0.0132916, 51.5043975 ], [ -0.0132327, 51.5044294 ], [ -0.0131802, 51.5044515 ], [ -0.0131537, 51.5044639 ], [ -0.0131158, 51.5044763 ], [ -0.0130834, 51.5044821 ], [ -0.0130438, 51.5044877 ], [ -0.0129911, 51.5046294 ], [ -0.0132127, 51.5047111 ], [ -0.0131887, 51.5047706 ] ] ] } },
{ "type": "Feature", "properties": { "id": "5edca981-13b6-4d95-bb68-075a351c0b0a", "building_name": "0", "building_class": "service", "building_subtype": "service", "height": 0.0, "num_floors": 0, "new_functional_class": "Commercial", "all_poi_names": "No POIs recorded", "dominant_share_pct": 0.0, "final_functional_class": "Infrastructure", "dominant_share_pct_formatted": "0.0%", "Retail_Food_Ratio_formatted": "0.0%", "Work": 0.0, "Food_Drink": 0.0, "Retail_Leisure": 0.0, "Education": 0.0, "Medical": 0.0, "Transportation": 0.0, "Other_POI": 0.0, "poi_sum": 0.0, "Retail_Food_Ratio": 0.0, "poi_names_list": "0" }, "geometry": { "type": "Polygon", "coordinates": [ [ [ -0.0141129, 51.5045758 ], [ -0.0141576, 51.5045807 ], [ -0.0141732, 51.5045251 ], [ -0.0141285, 51.5045203 ], [ -0.0141129, 51.5045758 ] ] ] } },
{ "type": "Feature", "properties": { "id": "df1137d1-416a-4b86-8589-6e7edaf7fdbf", "building_name": "0", "building_class": "roof", "building_subtype": "outbuilding", "height": 0.0, "num_floors": 0, "new_functional_class": "Infrastructure", "all_poi_names": "Oxford Generation Limited, Barclays Exco Office365 trial", "dominant_share_pct": 50.0, "final_functional_class": "Mixed-use/Complex", "dominant_share_pct_formatted": "50.0%", "Retail_Food_Ratio_formatted": "0.0%", "Work": 0.0, "Food_Drink": 0.0, "Retail_Leisure": 0.0, "Education": 1.0, "Medical": 0.0, "Transportation": 0.0, "Other_POI": 1.0, "poi_sum": 2.0, "Retail_Food_Ratio": 0.0, "poi_names_list": "<details><summary>2 POIs (click to expand)</summary><ul><li>Oxford Generation Limited</li><li>Barclays Exco Office365 trial</li></ul></details>" }, "geometry": { "type": "Polygon", "coordinates": [ [ [ -0.0141732, 51.5045251 ], [ -0.0141576, 51.5045807 ], [ -0.0141837, 51.5046038 ], [ -0.0142729, 51.5046135 ], [ -0.0142947, 51.504604 ], [ -0.0141949, 51.5045156 ], [ -0.0141732, 51.5045251 ] ] ] } },
{ "type": "Feature", "properties": { "id": "f74025e7-e64f-424b-b520-4de96f6e4cec", "building_name": "0", "building_class": "service", "building_subtype": "service", "height": 0.0, "num_floors": 0, "new_functional_class": "Commercial", "all_poi_names": "No POIs recorded", "dominant_share_pct": 0.0, "final_functional_class": "Infrastructure", "dominant_share_pct_formatted": "0.0%", "Retail_Food_Ratio_formatted": "0.0%", "Work": 0.0, "Food_Drink": 0.0, "Retail_Leisure": 0.0, "Education": 0.0, "Medical": 0.0, "Transportation": 0.0, "Other_POI": 0.0, "poi_sum": 0.0, "Retail_Food_Ratio": 0.0, "poi_names_list": "0" }, "geometry": { "type": "Polygon", "coordinates": [ [ [ -0.0142652, 51.5046413 ], [ -0.0142729, 51.5046135 ], [ -0.0141837, 51.5046038 ], [ -0.0141759, 51.5046316 ], [ -0.0142652, 51.5046413 ] ] ] } },
{ "type": "Feature", "properties": { "id": "bd4ddd44-4dd1-4e24-a15e-e77612546ae3", "building_name": "0", "building_class": "hut", "building_subtype": "residential", "height": 0.0, "num_floors": 0, "new_functional_class": "Infrastructure", "all_poi_names": "Neem Tree Dental Practice", "dominant_share_pct": 100.0, "final_functional_class": "Mixed-use/Complex", "dominant_share_pct_formatted": "100.0%", "Retail_Food_Ratio_formatted": "0.0%", "Work": 0.0, "Food_Drink": 0.0, "Retail_Leisure": 0.0, "Education": 0.0, "Medical": 1.0, "Transportation": 0.0, "Other_POI": 0.0, "poi_sum": 1.0, "Retail_Food_Ratio": 0.0, "poi_names_list": "<details><summary>1 POIs (click to expand)</summary><ul><li>Neem Tree Dental Practice</li></ul></details>" }, "geometry": { "type": "Polygon", "coordinates": [ [ [ -0.0143179, 51.5041246 ], [ -0.0144072, 51.5041343 ], [ -0.014415, 51.5041065 ], [ -0.0143257, 51.5040968 ], [ -0.0143179, 51.5041246 ] ] ] } },
{ "type": "Feature", "properties": { "id": "8b654aff-fce1-4f3c-ad0c-ee7413d8550f", "building_name": "0", "building_class": "roof", "building_subtype": "outbuilding", "height": 0.0, "num_floors": 0, "new_functional_class": "Infrastructure", "all_poi_names": "Notary Public Canary Wharf, ITC Secure, Yzer Ltd., Bleep 360, Grow Social, Clarity Homecare Canary Wharf, Melrose Immigration Lawyers, Amplifi Capital, Plenitude Consulting, Knight Frank Canary Wharf Estate Agents, Centuro Global, Your Nurse, CBRE Residential, Newbridgefx, UK Study Support, Faze47 Digital, Gorefco", "dominant_share_pct": 41.17647058823529, "final_functional_class": "Office/HQ", "dominant_share_pct_formatted": "41.2%", "Retail_Food_Ratio_formatted": "0.0%", "Work": 7.0, "Food_Drink": 0.0, "Retail_Leisure": 0.0, "Education": 1.0, "Medical": 2.0, "Transportation": 0.0, "Other_POI": 7.0, "poi_sum": 17.0, "Retail_Food_Ratio": 0.0, "poi_names_list": "<details><summary>17 POIs (click to expand)</summary><ul><li>Notary Public Canary Wharf</li><li>ITC Secure</li><li>Yzer Ltd.</li><li>Bleep 360</li><li>Grow Social</li><li>Clarity Homecare Canary Wharf</li><li>Melrose Immigration Lawyers</li><li>Amplifi Capital</li><li>Plenitude Consulting</li><li>Knight Frank Canary Wharf Estate Agents</li><li>Centuro Global</li><li>Your Nurse</li><li>CBRE Residential</li><li>Newbridgefx</li><li>UK Study Support</li><li>Faze47 Digital</li><li>Gorefco</li></ul></details>" }, "geometry": { "type": "Polygon", "coordinates": [ [ [ -0.0143179, 51.5041246 ], [ -0.0142808, 51.5041408 ], [ -0.0142653, 51.5041964 ], [ -0.0142805, 51.5042099 ], [ -0.0144224, 51.5041478 ], [ -0.0144072, 51.5041343 ], [ -0.0143179, 51.5041246 ] ] ] } },
{ "type": "Feature", "properties": { "id": "4cd05a20-9132-48a4-ae58-6a912beda7b8", "building_name": "0", "building_class": "hut", "building_subtype": "residential", "height": 0.0, "num_floors": 0, "new_functional_class": "Infrastructure", "all_poi_names": "No POIs recorded", "dominant_share_pct": 0.0, "final_functional_class": "Other", "dominant_share_pct_formatted": "0.0%", "Retail_Food_Ratio_formatted": "0.0%", "Work": 0.0, "Food_Drink": 0.0, "Retail_Leisure": 0.0, "Education": 0.0, "Medical": 0.0, "Transportation": 0.0, "Other_POI": 0.0, "poi_sum": 0.0, "Retail_Food_Ratio": 0.0, "poi_names_list": "0" }, "geometry": { "type": "Polygon", "coordinates": [ [ [ -0.0142653, 51.5041964 ], [ -0.0142808, 51.5041408 ], [ -0.0142362, 51.5041359 ], [ -0.0142206, 51.5041915 ], [ -0.0142653, 51.5041964 ] ] ] } },
{ "type": "Feature", "properties": { "id": "9687d597-7150-46c4-b459-e95cc7f52f57", "building_name": "Fraser Place", "building_class": "apartments", "building_subtype": "residential", "height": 85.0, "num_floors": 0, "new_functional_class": "Residential", "all_poi_names": "No POIs recorded", "dominant_share_pct": 0.0, "final_functional_class": "Residential", "dominant_share_pct_formatted": "0.0%", "Retail_Food_Ratio_formatted": "0.0%", "Work": 0.0, "Food_Drink": 0.0, "Retail_Leisure": 0.0, "Education": 0.0, "Medical": 0.0, "Transportation": 0.0, "Other_POI": 0.0, "poi_sum": 0.0, "Retail_Food_Ratio": 0.0, "poi_names_list": "0" }, "geometry": { "type": "Polygon", "coordinates": [ [ [ -0.0110811, 51.5049749 ], [ -0.0112354, 51.5050554 ], [ -0.0113052, 51.5050021 ], [ -0.0113255, 51.5050121 ], [ -0.0113727, 51.5049776 ], [ -0.0113292, 51.5049543 ], [ -0.0113679, 51.5049237 ], [ -0.0114915, 51.5049093 ], [ -0.0114647, 51.5048096 ], [ -0.0113181, 51.5048242 ], [ -0.0113287, 51.5048612 ], [ -0.0112901, 51.5048652 ], [ -0.0112508, 51.5048447 ], [ -0.0110811, 51.5049749 ] ] ] } },
{ "type": "Feature", "properties": { "id": "0db54a7e-710a-4e2e-afc6-e72cf4132956", "building_name": "0", "building_class": "houseboat", "building_subtype": "residential", "height": 2.5, "num_floors": 0, "new_functional_class": "Residential", "all_poi_names": "No POIs recorded", "dominant_share_pct": 0.0, "final_functional_class": "Other", "dominant_share_pct_formatted": "0.0%", "Retail_Food_Ratio_formatted": "0.0%", "Work": 0.0, "Food_Drink": 0.0, "Retail_Leisure": 0.0, "Education": 0.0, "Medical": 0.0, "Transportation": 0.0, "Other_POI": 0.0, "poi_sum": 0.0, "Retail_Food_Ratio": 0.0, "poi_names_list": "0" }, "geometry": { "type": "Polygon", "coordinates": [ [ [ -0.0105481, 51.504597 ], [ -0.0103172, 51.5045518 ], [ -0.0103155, 51.5045529 ], [ -0.0103057, 51.5045702 ], [ -0.0103064, 51.5045717 ], [ -0.0103079, 51.5045728 ], [ -0.0105362, 51.5046173 ], [ -0.0105614, 51.5046123 ], [ -0.0105628, 51.50461 ], [ -0.0105481, 51.504597 ] ] ] } },
{ "type": "Feature", "properties": { "id": "0b32a67d-6041-42ae-826c-bc3014cfd49d", "building_name": "0", "building_class": "apartments", "building_subtype": "residential", "height": 0.0, "num_floors": 8, "new_functional_class": "Residential", "all_poi_names": "No POIs recorded", "dominant_share_pct": 0.0, "final_functional_class": "Residential", "dominant_share_pct_formatted": "0.0%", "Retail_Food_Ratio_formatted": "0.0%", "Work": 0.0, "Food_Drink": 0.0, "Retail_Leisure": 0.0, "Education": 0.0, "Medical": 0.0, "Transportation": 0.0, "Other_POI": 0.0, "poi_sum": 0.0, "Retail_Food_Ratio": 0.0, "poi_names_list": "0" }, "geometry": { "type": "Polygon", "coordinates": [ [ [ -0.0102427, 51.5050284 ], [ -0.0104582, 51.5050653 ], [ -0.0104851, 51.5050044 ], [ -0.0104961, 51.5050063 ], [ -0.0105648, 51.5048509 ], [ -0.0105572, 51.5048496 ], [ -0.0105846, 51.5047878 ], [ -0.0103644, 51.50475 ], [ -0.0103368, 51.5048125 ], [ -0.0103251, 51.5048105 ], [ -0.0102574, 51.5049633 ], [ -0.0102705, 51.5049656 ], [ -0.0102427, 51.5050284 ] ] ] } },
{ "type": "Feature", "properties": { "id": "08277e8f-cb58-474d-81ea-1d9ac6e587f7", "building_name": "0", "building_class": "apartments", "building_subtype": "residential", "height": 0.0, "num_floors": 8, "new_functional_class": "Residential", "all_poi_names": "No POIs recorded", "dominant_share_pct": 0.0, "final_functional_class": "Residential", "dominant_share_pct_formatted": "0.0%", "Retail_Food_Ratio_formatted": "0.0%", "Work": 0.0, "Food_Drink": 0.0, "Retail_Leisure": 0.0, "Education": 0.0, "Medical": 0.0, "Transportation": 0.0, "Other_POI": 0.0, "poi_sum": 0.0, "Retail_Food_Ratio": 0.0, "poi_names_list": "0" }, "geometry": { "type": "Polygon", "coordinates": [ [ [ -0.0096969, 51.5051199 ], [ -0.0097564, 51.5049863 ], [ -0.0095787, 51.5049556 ], [ -0.0095964, 51.5049159 ], [ -0.0096629, 51.5049274 ], [ -0.0096902, 51.5048661 ], [ -0.0097001, 51.5048678 ], [ -0.0097686, 51.5047138 ], [ -0.0097588, 51.5047121 ], [ -0.0097871, 51.5046486 ], [ -0.0095711, 51.5046114 ], [ -0.0095437, 51.504673 ], [ -0.009529, 51.5046705 ], [ -0.0094593, 51.5048273 ], [ -0.0094735, 51.5048298 ], [ -0.0094468, 51.5048899 ], [ -0.0094556, 51.5048914 ], [ -0.009438, 51.5049311 ], [ -0.0094265, 51.5049291 ], [ -0.0094155, 51.5049539 ], [ -0.0094002, 51.5049513 ], [ -0.0093761, 51.5050054 ], [ -0.0093317, 51.5049977 ], [ -0.0093072, 51.5050527 ], [ -0.0096969, 51.5051199 ] ] ] } },
{ "type": "Feature", "properties": { "id": "d40b05f7-8a0d-44df-821e-f615f1dea5a9", "building_name": "0", "building_class": "houseboat", "building_subtype": "residential", "height": 6.0, "num_floors": 0, "new_functional_class": "Residential", "all_poi_names": "No POIs recorded", "dominant_share_pct": 0.0, "final_functional_class": "Other", "dominant_share_pct_formatted": "0.0%", "Retail_Food_Ratio_formatted": "0.0%", "Work": 0.0, "Food_Drink": 0.0, "Retail_Leisure": 0.0, "Education": 0.0, "Medical": 0.0, "Transportation": 0.0, "Other_POI": 0.0, "poi_sum": 0.0, "Retail_Food_Ratio": 0.0, "poi_names_list": "0" }, "geometry": { "type": "Polygon", "coordinates": [ [ [ -0.0098929, 51.5044296 ], [ -0.0099049, 51.5044184 ], [ -0.0100358, 51.504137 ], [ -0.0100311, 51.5041222 ], [ -0.0100251, 51.5041172 ], [ -0.0099991, 51.5041125 ], [ -0.0099877, 51.5041145 ], [ -0.0099721, 51.5041221 ], [ -0.0098347, 51.5044108 ], [ -0.0098398, 51.5044287 ], [ -0.0098439, 51.504433 ], [ -0.0098627, 51.5044408 ], [ -0.0098762, 51.5044384 ], [ -0.0098929, 51.5044296 ] ] ] } },
{ "type": "Feature", "properties": { "id": "a6b2f3a2-074a-45b7-b8e6-cec819f09177", "building_name": "0", "building_class": "houseboat", "building_subtype": "residential", "height": 2.5, "num_floors": 0, "new_functional_class": "Residential", "all_poi_names": "No POIs recorded", "dominant_share_pct": 0.0, "final_functional_class": "Other", "dominant_share_pct_formatted": "0.0%", "Retail_Food_Ratio_formatted": "0.0%", "Work": 0.0, "Food_Drink": 0.0, "Retail_Leisure": 0.0, "Education": 0.0, "Medical": 0.0, "Transportation": 0.0, "Other_POI": 0.0, "poi_sum": 0.0, "Retail_Food_Ratio": 0.0, "poi_names_list": "0" }, "geometry": { "type": "Polygon", "coordinates": [ [ [ -0.0099834, 51.5044971 ], [ -0.0097525, 51.5044519 ], [ -0.0097508, 51.504453 ], [ -0.009741, 51.5044703 ], [ -0.0097417, 51.5044718 ], [ -0.0097432, 51.5044729 ], [ -0.0099715, 51.5045174 ], [ -0.0099967, 51.5045124 ], [ -0.0099981, 51.5045101 ], [ -0.0099834, 51.5044971 ] ] ] } },
{ "type": "Feature", "properties": { "id": "f2cb3500-1726-43f9-be43-14c5d6f22af4", "building_name": "0", "building_class": "houseboat", "building_subtype": "residential", "height": 2.5, "num_floors": 0, "new_functional_class": "Residential", "all_poi_names": "No POIs recorded", "dominant_share_pct": 0.0, "final_functional_class": "Other", "dominant_share_pct_formatted": "0.0%", "Retail_Food_Ratio_formatted": "0.0%", "Work": 0.0, "Food_Drink": 0.0, "Retail_Leisure": 0.0, "Education": 0.0, "Medical": 0.0, "Transportation": 0.0, "Other_POI": 0.0, "poi_sum": 0.0, "Retail_Food_Ratio": 0.0, "poi_names_list": "0" }, "geometry": { "type": "Polygon", "coordinates": [ [ [ -0.0096299, 51.5041153 ], [ -0.0096275, 51.5041156 ], [ -0.0095586, 51.5042601 ], [ -0.0095677, 51.5042749 ], [ -0.0095715, 51.5042754 ], [ -0.0095923, 51.5042652 ], [ -0.0096606, 51.5041225 ], [ -0.00966, 51.5041211 ], [ -0.0096583, 51.5041199 ], [ -0.0096299, 51.5041153 ] ] ] } },
{ "type": "Feature", "properties": { "id": "aec5a851-a7b6-45af-ab9b-837793a83bed", "building_name": "0", "building_class": "residential", "building_subtype": "residential", "height": 0.0, "num_floors": 0, "new_functional_class": "Residential", "all_poi_names": "No POIs recorded", "dominant_share_pct": 0.0, "final_functional_class": "Residential", "dominant_share_pct_formatted": "0.0%", "Retail_Food_Ratio_formatted": "0.0%", "Work": 0.0, "Food_Drink": 0.0, "Retail_Leisure": 0.0, "Education": 0.0, "Medical": 0.0, "Transportation": 0.0, "Other_POI": 0.0, "poi_sum": 0.0, "Retail_Food_Ratio": 0.0, "poi_names_list": "0" }, "geometry": { "type": "Polygon", "coordinates": [ [ [ -0.0087494, 51.5041542 ], [ -0.0087264, 51.5043016 ], [ -0.0088809, 51.5043109 ], [ -0.0089114, 51.5041151 ], [ -0.0087712, 51.5041066 ], [ -0.0087809, 51.504044 ], [ -0.0085894, 51.5040325 ], [ -0.0085874, 51.5040456 ], [ -0.0083695, 51.5040325 ], [ -0.0083599, 51.5040939 ], [ -0.0083171, 51.5040913 ], [ -0.0083091, 51.5041423 ], [ -0.0085736, 51.5041583 ], [ -0.0085758, 51.5041437 ], [ -0.0087494, 51.5041542 ] ] ] } },
{ "type": "Feature", "properties": { "id": "84d15c6c-a380-4784-bef4-f822e4dcb176", "building_name": "Bridge House", "building_class": "residential", "building_subtype": "residential", "height": 0.0, "num_floors": 2, "new_functional_class": "Residential", "all_poi_names": "No POIs recorded", "dominant_share_pct": 0.0, "final_functional_class": "Residential", "dominant_share_pct_formatted": "0.0%", "Retail_Food_Ratio_formatted": "0.0%", "Work": 0.0, "Food_Drink": 0.0, "Retail_Leisure": 0.0, "Education": 0.0, "Medical": 0.0, "Transportation": 0.0, "Other_POI": 0.0, "poi_sum": 0.0, "Retail_Food_Ratio": 0.0, "poi_names_list": "0" }, "geometry": { "type": "Polygon", "coordinates": [ [ [ -0.0081095, 51.5043919 ], [ -0.0082111, 51.5044114 ], [ -0.0082322, 51.504373 ], [ -0.0082415, 51.5043731 ], [ -0.0082563, 51.5043658 ], [ -0.0082667, 51.5043548 ], [ -0.0082681, 51.5043401 ], [ -0.008263, 51.5043267 ], [ -0.0082588, 51.5043241 ], [ -0.0082754, 51.5042881 ], [ -0.0080928, 51.5042496 ], [ -0.0080726, 51.5042855 ], [ -0.0080583, 51.5042905 ], [ -0.0080456, 51.504295 ], [ -0.0080382, 51.5043035 ], [ -0.0080314, 51.5043118 ], [ -0.0080344, 51.5043249 ], [ -0.0080448, 51.5043357 ], [ -0.0080076, 51.5044123 ], [ -0.0080892, 51.5044275 ], [ -0.0081095, 51.5043919 ] ] ] } },
{ "type": "Feature", "properties": { "id": "8b96ba53-9f32-4dbc-ab9f-2a2d7eb573ea", "building_name": "0", "building_class": "garages", "building_subtype": "residential", "height": 0.0, "num_floors": 0, "new_functional_class": "Infrastructure", "all_poi_names": "No POIs recorded", "dominant_share_pct": 0.0, "final_functional_class": "Other", "dominant_share_pct_formatted": "0.0%", "Retail_Food_Ratio_formatted": "0.0%", "Work": 0.0, "Food_Drink": 0.0, "Retail_Leisure": 0.0, "Education": 0.0, "Medical": 0.0, "Transportation": 0.0, "Other_POI": 0.0, "poi_sum": 0.0, "Retail_Food_Ratio": 0.0, "poi_names_list": "0" }, "geometry": { "type": "Polygon", "coordinates": [ [ [ -0.0084052, 51.5042843 ], [ -0.0086447, 51.5042997 ], [ -0.0086536, 51.5042459 ], [ -0.0084141, 51.5042306 ], [ -0.0084052, 51.5042843 ] ] ] } },
{ "type": "Feature", "properties": { "id": "dd2202bb-bb6f-4eb3-9f4b-50201d127659", "building_name": "0", "building_class": "residential", "building_subtype": "residential", "height": 0.0, "num_floors": 4, "new_functional_class": "Residential", "all_poi_names": "Rumour London", "dominant_share_pct": 100.0, "final_functional_class": "Residential", "dominant_share_pct_formatted": "100.0%", "Retail_Food_Ratio_formatted": "100.0%", "Work": 0.0, "Food_Drink": 0.0, "Retail_Leisure": 1.0, "Education": 0.0, "Medical": 0.0, "Transportation": 0.0, "Other_POI": 0.0, "poi_sum": 1.0, "Retail_Food_Ratio": 100.0, "poi_names_list": "<details><summary>1 POIs (click to expand)</summary><ul><li>Rumour London</li></ul></details>" }, "geometry": { "type": "Polygon", "coordinates": [ [ [ -0.0080293, 51.504472 ], [ -0.0079859, 51.5045829 ], [ -0.0086796, 51.5047161 ], [ -0.008715, 51.5047229 ], [ -0.008738, 51.5046886 ], [ -0.0087791, 51.5046117 ], [ -0.0080293, 51.504472 ] ] ] } },
{ "type": "Feature", "properties": { "id": "5b6ef2e0-45d8-446a-9542-5c438465ce7c", "building_name": "0", "building_class": "residential", "building_subtype": "residential", "height": 0.0, "num_floors": 3, "new_functional_class": "Residential", "all_poi_names": "No POIs recorded", "dominant_share_pct": 0.0, "final_functional_class": "Residential", "dominant_share_pct_formatted": "0.0%", "Retail_Food_Ratio_formatted": "0.0%", "Work": 0.0, "Food_Drink": 0.0, "Retail_Leisure": 0.0, "Education": 0.0, "Medical": 0.0, "Transportation": 0.0, "Other_POI": 0.0, "poi_sum": 0.0, "Retail_Food_Ratio": 0.0, "poi_names_list": "0" }, "geometry": { "type": "Polygon", "coordinates": [ [ [ -0.0086852, 51.5047968 ], [ -0.0087619, 51.5048053 ], [ -0.0087748, 51.5047849 ], [ -0.0088203, 51.5047938 ], [ -0.0088495, 51.5047431 ], [ -0.0088646, 51.5047429 ], [ -0.0088869, 51.5047001 ], [ -0.0087799, 51.5046801 ], [ -0.0087727, 51.504693 ], [ -0.008738, 51.5046886 ], [ -0.008715, 51.5047229 ], [ -0.0086796, 51.5047161 ], [ -0.0086647, 51.5047511 ], [ -0.0086698, 51.5047646 ], [ -0.0086962, 51.5047726 ], [ -0.0086852, 51.5047968 ] ] ] } },
{ "type": "Feature", "properties": { "id": "4ae471a4-3e81-4942-9661-5b67a0039452", "building_name": "0", "building_class": "warehouse", "building_subtype": "commercial", "height": 0.0, "num_floors": 0, "new_functional_class": "Infrastructure", "all_poi_names": "No POIs recorded", "dominant_share_pct": 0.0, "final_functional_class": "Other", "dominant_share_pct_formatted": "0.0%", "Retail_Food_Ratio_formatted": "0.0%", "Work": 0.0, "Food_Drink": 0.0, "Retail_Leisure": 0.0, "Education": 0.0, "Medical": 0.0, "Transportation": 0.0, "Other_POI": 0.0, "poi_sum": 0.0, "Retail_Food_Ratio": 0.0, "poi_names_list": "0" }, "geometry": { "type": "Polygon", "coordinates": [ [ [ -0.007653, 51.5045455 ], [ -0.0077191, 51.5045586 ], [ -0.0077413, 51.5045155 ], [ -0.0076752, 51.5045023 ], [ -0.007653, 51.5045455 ] ] ] } },
{ "type": "Feature", "properties": { "id": "bf80f317-122d-4aad-b060-408cce53dc1a", "building_name": "St. Lawrence Cottages (1-3)", "building_class": "terrace", "building_subtype": "residential", "height": 0.0, "num_floors": 2, "new_functional_class": "Infrastructure", "all_poi_names": "No POIs recorded", "dominant_share_pct": 0.0, "final_functional_class": "Other", "dominant_share_pct_formatted": "0.0%", "Retail_Food_Ratio_formatted": "0.0%", "Work": 0.0, "Food_Drink": 0.0, "Retail_Leisure": 0.0, "Education": 0.0, "Medical": 0.0, "Transportation": 0.0, "Other_POI": 0.0, "poi_sum": 0.0, "Retail_Food_Ratio": 0.0, "poi_names_list": "0" }, "geometry": { "type": "Polygon", "coordinates": [ [ [ -0.0064859, 51.5059895 ], [ -0.0068566, 51.505935 ], [ -0.0068373, 51.5058841 ], [ -0.0064666, 51.5059385 ], [ -0.0064859, 51.5059895 ] ] ] } },
{ "type": "Feature", "properties": { "id": "626275c3-324b-48de-b3ea-719b2d5abb8c", "building_name": "St. Lawrence Cottages (4-6)", "building_class": "terrace", "building_subtype": "residential", "height": 0.0, "num_floors": 2, "new_functional_class": "Infrastructure", "all_poi_names": "No POIs recorded", "dominant_share_pct": 0.0, "final_functional_class": "Other", "dominant_share_pct_formatted": "0.0%", "Retail_Food_Ratio_formatted": "0.0%", "Work": 0.0, "Food_Drink": 0.0, "Retail_Leisure": 0.0, "Education": 0.0, "Medical": 0.0, "Transportation": 0.0, "Other_POI": 0.0, "poi_sum": 0.0, "Retail_Food_Ratio": 0.0, "poi_names_list": "0" }, "geometry": { "type": "Polygon", "coordinates": [ [ [ -0.0072179, 51.5058753 ], [ -0.0072918, 51.5058645 ], [ -0.0072733, 51.5058155 ], [ -0.0072259, 51.5058224 ], [ -0.0072181, 51.5058018 ], [ -0.007147, 51.5058122 ], [ -0.0071575, 51.50584 ], [ -0.0070042, 51.5058625 ], [ -0.0069945, 51.505837 ], [ -0.0068707, 51.5058552 ], [ -0.0068998, 51.505932 ], [ -0.0072215, 51.5058848 ], [ -0.0072179, 51.5058753 ] ] ] } },
{ "type": "Feature", "properties": { "id": "8797cfc9-a080-4038-bd6e-5453c5d2791a", "building_name": "0", "building_class": "service", "building_subtype": "service", "height": 0.0, "num_floors": 0, "new_functional_class": "Commercial", "all_poi_names": "No POIs recorded", "dominant_share_pct": 0.0, "final_functional_class": "Infrastructure", "dominant_share_pct_formatted": "0.0%", "Retail_Food_Ratio_formatted": "0.0%", "Work": 0.0, "Food_Drink": 0.0, "Retail_Leisure": 0.0, "Education": 0.0, "Medical": 0.0, "Transportation": 0.0, "Other_POI": 0.0, "poi_sum": 0.0, "Retail_Food_Ratio": 0.0, "poi_names_list": "0" }, "geometry": { "type": "Polygon", "coordinates": [ [ [ -0.0067568, 51.5057862 ], [ -0.006966, 51.5057597 ], [ -0.0069503, 51.5057119 ], [ -0.0068247, 51.5057278 ], [ -0.0067703, 51.505562 ], [ -0.0066869, 51.5055726 ], [ -0.0067568, 51.5057862 ] ] ] } },
{ "type": "Feature", "properties": { "id": "f3307672-9760-4fbc-a832-2e97d4a4e339", "building_name": "0", "building_class": "shed", "building_subtype": "outbuilding", "height": 0.0, "num_floors": 0, "new_functional_class": "Infrastructure", "all_poi_names": "Poplar Waterside and Marina", "dominant_share_pct": 100.0, "final_functional_class": "Infrastructure", "dominant_share_pct_formatted": "100.0%", "Retail_Food_Ratio_formatted": "0.0%", "Work": 0.0, "Food_Drink": 0.0, "Retail_Leisure": 0.0, "Education": 0.0, "Medical": 0.0, "Transportation": 0.0, "Other_POI": 1.0, "poi_sum": 1.0, "Retail_Food_Ratio": 0.0, "poi_names_list": "<details><summary>1 POIs (click to expand)</summary><ul><li>Poplar Waterside and Marina</li></ul></details>" }, "geometry": { "type": "Polygon", "coordinates": [ [ [ -0.0078732, 51.5063208 ], [ -0.007941, 51.5063145 ], [ -0.0079113, 51.5061896 ], [ -0.0078435, 51.5061959 ], [ -0.0078732, 51.5063208 ] ] ] } },
{ "type": "Feature", "properties": { "id": "a20ba5a8-82e6-462a-8382-fd9109ce8c4c", "building_name": "0", "building_class": "shed", "building_subtype": "outbuilding", "height": 0.0, "num_floors": 0, "new_functional_class": "Infrastructure", "all_poi_names": "Poplar Dock Marina", "dominant_share_pct": 100.0, "final_functional_class": "Infrastructure", "dominant_share_pct_formatted": "100.0%", "Retail_Food_Ratio_formatted": "0.0%", "Work": 0.0, "Food_Drink": 0.0, "Retail_Leisure": 0.0, "Education": 0.0, "Medical": 0.0, "Transportation": 0.0, "Other_POI": 1.0, "poi_sum": 1.0, "Retail_Food_Ratio": 0.0, "poi_names_list": "<details><summary>1 POIs (click to expand)</summary><ul><li>Poplar Dock Marina</li></ul></details>" }, "geometry": { "type": "Polygon", "coordinates": [ [ [ -0.0078815, 51.5061078 ], [ -0.007856, 51.5060061 ], [ -0.0077857, 51.5060153 ], [ -0.0078306, 51.506194 ], [ -0.0079006, 51.5061874 ], [ -0.0078846, 51.5061209 ], [ -0.0078815, 51.5061078 ] ] ] } },
{ "type": "Feature", "properties": { "id": "0a211206-a455-4063-aa5e-b7f94eb417c7", "building_name": "0", "building_class": "shed", "building_subtype": "outbuilding", "height": 0.0, "num_floors": 0, "new_functional_class": "Infrastructure", "all_poi_names": "No POIs recorded", "dominant_share_pct": 0.0, "final_functional_class": "Infrastructure", "dominant_share_pct_formatted": "0.0%", "Retail_Food_Ratio_formatted": "0.0%", "Work": 0.0, "Food_Drink": 0.0, "Retail_Leisure": 0.0, "Education": 0.0, "Medical": 0.0, "Transportation": 0.0, "Other_POI": 0.0, "poi_sum": 0.0, "Retail_Food_Ratio": 0.0, "poi_names_list": "0" }, "geometry": { "type": "Polygon", "coordinates": [ [ [ -0.0079967, 51.506096 ], [ -0.0080626, 51.5060905 ], [ -0.0080498, 51.5060315 ], [ -0.007984, 51.506037 ], [ -0.0079967, 51.506096 ] ] ] } },
{ "type": "Feature", "properties": { "id": "2cb04981-6226-48e0-bfb1-d70480cf3800", "building_name": "Albert Court South", "building_class": "apartments", "building_subtype": "residential", "height": 0.0, "num_floors": 8, "new_functional_class": "Residential", "all_poi_names": "No POIs recorded", "dominant_share_pct": 0.0, "final_functional_class": "Residential", "dominant_share_pct_formatted": "0.0%", "Retail_Food_Ratio_formatted": "0.0%", "Work": 0.0, "Food_Drink": 0.0, "Retail_Leisure": 0.0, "Education": 0.0, "Medical": 0.0, "Transportation": 0.0, "Other_POI": 0.0, "poi_sum": 0.0, "Retail_Food_Ratio": 0.0, "poi_names_list": "0" }, "geometry": { "type": "Polygon", "coordinates": [ [ [ -0.0063315, 51.5061111 ], [ -0.0064124, 51.5063181 ], [ -0.0065504, 51.5062972 ], [ -0.0064694, 51.5060902 ], [ -0.0063315, 51.5061111 ] ] ] } },
{ "type": "Feature", "properties": { "id": "6492fe5b-981d-4952-9b2f-6c02943a9f73", "building_name": "Albert Court North", "building_class": "apartments", "building_subtype": "residential", "height": 0.0, "num_floors": 8, "new_functional_class": "Residential", "all_poi_names": "No POIs recorded", "dominant_share_pct": 0.0, "final_functional_class": "Residential", "dominant_share_pct_formatted": "0.0%", "Retail_Food_Ratio_formatted": "0.0%", "Work": 0.0, "Food_Drink": 0.0, "Retail_Leisure": 0.0, "Education": 0.0, "Medical": 0.0, "Transportation": 0.0, "Other_POI": 0.0, "poi_sum": 0.0, "Retail_Food_Ratio": 0.0, "poi_names_list": "0" }, "geometry": { "type": "Polygon", "coordinates": [ [ [ -0.0064124, 51.5063181 ], [ -0.006492, 51.5065288 ], [ -0.0066312, 51.5065085 ], [ -0.0065504, 51.5062972 ], [ -0.0064124, 51.5063181 ] ] ] } },
{ "type": "Feature", "properties": { "id": "8e670e52-2ded-4da7-a78c-594fda5c3a3d", "building_name": "0", "building_class": "terrace", "building_subtype": "residential", "height": 0.0, "num_floors": 3, "new_functional_class": "Infrastructure", "all_poi_names": "Rainbow Studios Canary Wharf, Streamlight Tower", "dominant_share_pct": 100.0, "final_functional_class": "Other", "dominant_share_pct_formatted": "100.0%", "Retail_Food_Ratio_formatted": "0.0%", "Work": 0.0, "Food_Drink": 0.0, "Retail_Leisure": 0.0, "Education": 0.0, "Medical": 0.0, "Transportation": 0.0, "Other_POI": 2.0, "poi_sum": 2.0, "Retail_Food_Ratio": 0.0, "poi_names_list": "<details><summary>2 POIs (click to expand)</summary><ul><li>Rainbow Studios Canary Wharf</li><li>Streamlight Tower</li></ul></details>" }, "geometry": { "type": "Polygon", "coordinates": [ [ [ -0.0070893, 51.5060347 ], [ -0.0069551, 51.5060478 ], [ -0.0070891, 51.506559 ], [ -0.0072174, 51.5065457 ], [ -0.0071497, 51.5062755 ], [ -0.0070893, 51.5060347 ] ] ] } },
{ "type": "Feature", "properties": { "id": "09b2db6d-f27a-4858-be49-e4b3f19ffcaf", "building_name": "0", "building_class": "apartments", "building_subtype": "residential", "height": 0.0, "num_floors": 6, "new_functional_class": "Residential", "all_poi_names": "No POIs recorded", "dominant_share_pct": 0.0, "final_functional_class": "Residential", "dominant_share_pct_formatted": "0.0%", "Retail_Food_Ratio_formatted": "0.0%", "Work": 0.0, "Food_Drink": 0.0, "Retail_Leisure": 0.0, "Education": 0.0, "Medical": 0.0, "Transportation": 0.0, "Other_POI": 0.0, "poi_sum": 0.0, "Retail_Food_Ratio": 0.0, "poi_names_list": "0" }, "geometry": { "type": "Polygon", "coordinates": [ [ [ -0.0072174, 51.5065457 ], [ -0.0070891, 51.506559 ], [ -0.0070625, 51.5065618 ], [ -0.0071054, 51.506722 ], [ -0.0072604, 51.5067059 ], [ -0.0072174, 51.5065457 ] ] ] } },
{ "type": "Feature", "properties": { "id": "725c3456-7a9c-4945-85a4-4121d38210f3", "building_name": "Majestic", "building_class": "warehouse", "building_subtype": "commercial", "height": 0.0, "num_floors": 0, "new_functional_class": "Infrastructure", "all_poi_names": "Yabsley Street Play Area, Majestic Wine Docklands", "dominant_share_pct": 50.0, "final_functional_class": "Other", "dominant_share_pct_formatted": "50.0%", "Retail_Food_Ratio_formatted": "50.0%", "Work": 0.0, "Food_Drink": 0.0, "Retail_Leisure": 1.0, "Education": 0.0, "Medical": 0.0, "Transportation": 0.0, "Other_POI": 1.0, "poi_sum": 2.0, "Retail_Food_Ratio": 50.0, "poi_names_list": "<details><summary>2 POIs (click to expand)</summary><ul><li>Yabsley Street Play Area</li><li>Majestic Wine Docklands</li></ul></details>" }, "geometry": { "type": "Polygon", "coordinates": [ [ [ -0.0070775, 51.5073499 ], [ -0.0067112, 51.507385 ], [ -0.0067377, 51.5074921 ], [ -0.0068075, 51.5074854 ], [ -0.006813, 51.5075076 ], [ -0.0071095, 51.5074792 ], [ -0.0070903, 51.5074019 ], [ -0.0070775, 51.5073499 ] ] ] } },
{ "type": "Feature", "properties": { "id": "0300e8de-ea06-4ec6-8fed-b7a515063d06", "building_name": "0", "building_class": "residential", "building_subtype": "residential", "height": 0.0, "num_floors": 0, "new_functional_class": "Residential", "all_poi_names": "Jamestown Harbour", "dominant_share_pct": 100.0, "final_functional_class": "Residential", "dominant_share_pct_formatted": "100.0%", "Retail_Food_Ratio_formatted": "0.0%", "Work": 1.0, "Food_Drink": 0.0, "Retail_Leisure": 0.0, "Education": 0.0, "Medical": 0.0, "Transportation": 0.0, "Other_POI": 0.0, "poi_sum": 1.0, "Retail_Food_Ratio": 0.0, "poi_names_list": "<details><summary>1 POIs (click to expand)</summary><ul><li>Jamestown Harbour</li></ul></details>" }, "geometry": { "type": "Polygon", "coordinates": [ [ [ -0.0088789, 51.5038367 ], [ -0.0088952, 51.5037378 ], [ -0.0082684, 51.5037 ], [ -0.0082522, 51.5037954 ], [ -0.0088789, 51.5038367 ] ] ] } },
{ "type": "Feature", "properties": { "id": "eecc53d5-0402-4ce1-9dd8-8e0e20a98f27", "building_name": "0", "building_class": "residential", "building_subtype": "residential", "height": 0.0, "num_floors": 0, "new_functional_class": "Residential", "all_poi_names": "No POIs recorded", "dominant_share_pct": 0.0, "final_functional_class": "Residential", "dominant_share_pct_formatted": "0.0%", "Retail_Food_Ratio_formatted": "0.0%", "Work": 0.0, "Food_Drink": 0.0, "Retail_Leisure": 0.0, "Education": 0.0, "Medical": 0.0, "Transportation": 0.0, "Other_POI": 0.0, "poi_sum": 0.0, "Retail_Food_Ratio": 0.0, "poi_names_list": "0" }, "geometry": { "type": "Polygon", "coordinates": [ [ [ -0.0088182, 51.5036685 ], [ -0.0088981, 51.5036569 ], [ -0.0088849, 51.5036217 ], [ -0.0089636, 51.5036103 ], [ -0.0089288, 51.5035171 ], [ -0.0088003, 51.5035356 ], [ -0.0087703, 51.50354 ], [ -0.0088182, 51.5036685 ] ] ] } },
{ "type": "Feature", "properties": { "id": "8b7230c3-4217-454c-8659-88f0c6fc0be8", "building_name": "0", "building_class": "residential", "building_subtype": "residential", "height": 0.0, "num_floors": 0, "new_functional_class": "Residential", "all_poi_names": "Music For My Wedding", "dominant_share_pct": 100.0, "final_functional_class": "Residential", "dominant_share_pct_formatted": "100.0%", "Retail_Food_Ratio_formatted": "0.0%", "Work": 0.0, "Food_Drink": 0.0, "Retail_Leisure": 0.0, "Education": 0.0, "Medical": 0.0, "Transportation": 0.0, "Other_POI": 1.0, "poi_sum": 1.0, "Retail_Food_Ratio": 0.0, "poi_names_list": "<details><summary>1 POIs (click to expand)</summary><ul><li>Music For My Wedding</li></ul></details>" }, "geometry": { "type": "Polygon", "coordinates": [ [ [ -0.0083218, 51.5036198 ], [ -0.0086194, 51.5036339 ], [ -0.0086325, 51.5035495 ], [ -0.0084799, 51.5035403 ], [ -0.0084845, 51.5035108 ], [ -0.008346, 51.5035013 ], [ -0.0083218, 51.5036198 ] ] ] } },
{ "type": "Feature", "properties": { "id": "7a2705ff-33e2-4e2a-ad1f-dea70b47d7bf", "building_name": "0", "building_class": "residential", "building_subtype": "residential", "height": 0.0, "num_floors": 0, "new_functional_class": "Residential", "all_poi_names": "No POIs recorded", "dominant_share_pct": 0.0, "final_functional_class": "Residential", "dominant_share_pct_formatted": "0.0%", "Retail_Food_Ratio_formatted": "0.0%", "Work": 0.0, "Food_Drink": 0.0, "Retail_Leisure": 0.0, "Education": 0.0, "Medical": 0.0, "Transportation": 0.0, "Other_POI": 0.0, "poi_sum": 0.0, "Retail_Food_Ratio": 0.0, "poi_names_list": "0" }, "geometry": { "type": "Polygon", "coordinates": [ [ [ -0.0087497, 51.5033994 ], [ -0.0088003, 51.5035356 ], [ -0.0089288, 51.5035171 ], [ -0.008878, 51.5033809 ], [ -0.0087497, 51.5033994 ] ] ] } },
{ "type": "Feature", "properties": { "id": "2a34dbd9-54f8-4d48-a08f-afee3c85c645", "building_name": "0", "building_class": "residential", "building_subtype": "residential", "height": 0.0, "num_floors": 0, "new_functional_class": "Residential", "all_poi_names": "No POIs recorded", "dominant_share_pct": 0.0, "final_functional_class": "Residential", "dominant_share_pct_formatted": "0.0%", "Retail_Food_Ratio_formatted": "0.0%", "Work": 0.0, "Food_Drink": 0.0, "Retail_Leisure": 0.0, "Education": 0.0, "Medical": 0.0, "Transportation": 0.0, "Other_POI": 0.0, "poi_sum": 0.0, "Retail_Food_Ratio": 0.0, "poi_names_list": "0" }, "geometry": { "type": "Polygon", "coordinates": [ [ [ -0.008878, 51.5033809 ], [ -0.0088409, 51.5032818 ], [ -0.0086963, 51.5033027 ], [ -0.0087332, 51.5034018 ], [ -0.0087497, 51.5033994 ], [ -0.008878, 51.5033809 ] ] ] } },
{ "type": "Feature", "properties": { "id": "16df3fd0-5885-4125-aba2-662ce638f42e", "building_name": "0", "building_class": "residential", "building_subtype": "residential", "height": 0.0, "num_floors": 4, "new_functional_class": "Residential", "all_poi_names": "No POIs recorded", "dominant_share_pct": 0.0, "final_functional_class": "Residential", "dominant_share_pct_formatted": "0.0%", "Retail_Food_Ratio_formatted": "0.0%", "Work": 0.0, "Food_Drink": 0.0, "Retail_Leisure": 0.0, "Education": 0.0, "Medical": 0.0, "Transportation": 0.0, "Other_POI": 0.0, "poi_sum": 0.0, "Retail_Food_Ratio": 0.0, "poi_names_list": "0" }, "geometry": { "type": "Polygon", "coordinates": [ [ [ -0.0083661, 51.5034025 ], [ -0.0085662, 51.5034126 ], [ -0.0085788, 51.5033155 ], [ -0.0083787, 51.5033054 ], [ -0.0083661, 51.5034025 ] ] ] } },
{ "type": "Feature", "properties": { "id": "3d320ee9-b431-40e1-ab83-e3086969b58c", "building_name": "0", "building_class": "garages", "building_subtype": "residential", "height": 0.0, "num_floors": 0, "new_functional_class": "Infrastructure", "all_poi_names": "No POIs recorded", "dominant_share_pct": 0.0, "final_functional_class": "Other", "dominant_share_pct_formatted": "0.0%", "Retail_Food_Ratio_formatted": "0.0%", "Work": 0.0, "Food_Drink": 0.0, "Retail_Leisure": 0.0, "Education": 0.0, "Medical": 0.0, "Transportation": 0.0, "Other_POI": 0.0, "poi_sum": 0.0, "Retail_Food_Ratio": 0.0, "poi_names_list": "0" }, "geometry": { "type": "Polygon", "coordinates": [ [ [ -0.0083902, 51.5032338 ], [ -0.0084623, 51.503243 ], [ -0.0085038, 51.5031176 ], [ -0.0084317, 51.5031084 ], [ -0.0083902, 51.5032338 ] ] ] } },
{ "type": "Feature", "properties": { "id": "027fcdb6-2740-4167-ab3c-01843fcd1a04", "building_name": "0", "building_class": "residential", "building_subtype": "residential", "height": 0.0, "num_floors": 0, "new_functional_class": "Residential", "all_poi_names": "No POIs recorded", "dominant_share_pct": 0.0, "final_functional_class": "Residential", "dominant_share_pct_formatted": "0.0%", "Retail_Food_Ratio_formatted": "0.0%", "Work": 0.0, "Food_Drink": 0.0, "Retail_Leisure": 0.0, "Education": 0.0, "Medical": 0.0, "Transportation": 0.0, "Other_POI": 0.0, "poi_sum": 0.0, "Retail_Food_Ratio": 0.0, "poi_names_list": "0" }, "geometry": { "type": "Polygon", "coordinates": [ [ [ -0.0086963, 51.5033027 ], [ -0.0088409, 51.5032818 ], [ -0.0087998, 51.5031714 ], [ -0.0086552, 51.5031923 ], [ -0.0086963, 51.5033027 ] ] ] } },
{ "type": "Feature", "properties": { "id": "93957603-1d92-444f-b534-91e91e8b6c64", "building_name": "0", "building_class": "residential", "building_subtype": "residential", "height": 0.0, "num_floors": 0, "new_functional_class": "Residential", "all_poi_names": "No POIs recorded", "dominant_share_pct": 0.0, "final_functional_class": "Residential", "dominant_share_pct_formatted": "0.0%", "Retail_Food_Ratio_formatted": "0.0%", "Work": 0.0, "Food_Drink": 0.0, "Retail_Leisure": 0.0, "Education": 0.0, "Medical": 0.0, "Transportation": 0.0, "Other_POI": 0.0, "poi_sum": 0.0, "Retail_Food_Ratio": 0.0, "poi_names_list": "0" }, "geometry": { "type": "Polygon", "coordinates": [ [ [ -0.0087998, 51.5031714 ], [ -0.0087437, 51.5030212 ], [ -0.0086052, 51.5030411 ], [ -0.0085745, 51.5030454 ], [ -0.0086289, 51.5031961 ], [ -0.0086552, 51.5031923 ], [ -0.0087998, 51.5031714 ] ] ] } },
{ "type": "Feature", "properties": { "id": "3ef6294a-6a2a-46aa-9afb-d946e24ae8f9", "building_name": "0", "building_class": "residential", "building_subtype": "residential", "height": 0.0, "num_floors": 0, "new_functional_class": "Residential", "all_poi_names": "No POIs recorded", "dominant_share_pct": 0.0, "final_functional_class": "Residential", "dominant_share_pct_formatted": "0.0%", "Retail_Food_Ratio_formatted": "0.0%", "Work": 0.0, "Food_Drink": 0.0, "Retail_Leisure": 0.0, "Education": 0.0, "Medical": 0.0, "Transportation": 0.0, "Other_POI": 0.0, "poi_sum": 0.0, "Retail_Food_Ratio": 0.0, "poi_names_list": "0" }, "geometry": { "type": "Polygon", "coordinates": [ [ [ -0.0086052, 51.5030411 ], [ -0.0087437, 51.5030212 ], [ -0.0086774, 51.5028494 ], [ -0.0085385, 51.5028704 ], [ -0.0086052, 51.5030411 ] ] ] } }
]
}
