OBJECTID,ACCESSIBIL,NETWORK,DATASET_LA,geometry,LINES,ATCOCODE,MODES,NIGHT_TUBE,Station,20250301_Entry,20250302_Entry,20250303_Entry,20250304_Entry,20250305_Entry,20250306_Entry,20250307_Entry,20250308_Entry,20250309_Entry,20250310_Entry,20250311_Entry,20250312_Entry,20250313_Entry,20250314_Entry,20250315_Entry,20250316_Entry,20250317_Entry,20250318_Entry,20250319_Entry,20250320_Entry,20250321_Entry,20250322_Entry,20250323_Entry,20250324_Entry,20250325_Entry,20250326_Entry,20250327_Entry,20250328_Entry,20250329_Entry,20250330_Entry,20250331_Entry,20250401_Entry,20250402_Entry,20250403_Entry,20250404_Entry,20250405_Entry,20250406_Entry,20250407_Entry,20250408_Entry,20250409_Entry,20250410_Entry,20250411_Entry,20250412_Entry,20250413_Entry,20250414_Entry,20250415_Entry,20250416_Entry,20250417_Entry,20250418_Entry,20250419_Entry,20250420_Entry,20250421_Entry,20250422_Entry,20250423_Entry,20250424_Entry,20250425_Entry,20250426_Entry,20250427_Entry,20250428_Entry,20250429_Entry,20250430_Entry,20250301_Exit,20250302_Exit,20250303_Exit,20250304_Exit,20250305_Exit,20250306_Exit,20250307_Exit,20250308_Exit,20250309_Exit,20250310_Exit,20250311_Exit,20250312_Exit,20250313_Exit,20250314_Exit,20250315_Exit,20250316_Exit,20250317_Exit,20250318_Exit,20250319_Exit,20250320_Exit,20250321_Exit,20250322_Exit,20250323_Exit,20250324_Exit,20250325_Exit,20250326_Exit,20250327_Exit,20250328_Exit,20250329_Exit,20250330_Exit,20250331_Exit,20250401_Exit,20250402_Exit,20250403_Exit,20250404_Exit,20250405_Exit,20250406_Exit,20250407_Exit,20250408_Exit,20250409_Exit,20250410_Exit,20250411_Exit,20250412_Exit,20250413_Exit,20250414_Exit,20250415_Exit,20250416_Exit,20250417_Exit,20250418_Exit,20250419_Exit,20250420_Exit,20250421_Exit,20250422_Exit,20250423_Exit,20250424_Exit,20250425_Exit,20250426_Exit,20250427_Exit,20250428_Exit,20250429_Exit,20250430_Exit
345,Fully Accessible,DLR,2021-09-23,POINT Z (539077.1005 183398.9592 0),,,,,Abbey Road DLR,29,9,1001,1053,1023,1007,1001,689,543,998,1034,1012,1037,986,637,508,970,1020,1055,1038,1056,780,552,980,1030,1047,1033,1051,3,0,894,1016,1094,1070,1059,765,564,912,1014,982,994,978,777,610,888,963,1008,981,670,673,546,529,934,971,999,1034,721,602,951,1066,1072,5,3,917,951,960,996,925,652,557,899,936,945,940,942,667,509,936,928,934,1011,916,729,540,935,950,951,948,913,0,0,804,933,987,953,972,759,631,849,935,910,939,880,676,580,802,901,914,888,641,567,492,552,903,913,949,921,629,531,856,916,944
406,Fully Accessible,TfL Rail,2022-05-26,POINT Z (547314.9825 179034.7598 0),Elizabeth Line,,,,Abbey Wood,13221,8742,17287,19098,18856,19328,17759,14660,6749,17401,19173,19239,19447,17514,13608,9124,17372,18795,19096,19690,17655,13997,8878,18022,19564,19466,19646,17709,14402,10481,18280,19215,19277,19849,17671,14957,10117,17414,19109,18537,19121,17729,16215,10193,16965,18095,18471,18186,12457,12895,8714,9691,17732,18765,19286,17803,14758,11371,17728,19614,19800,12103,8359,16487,18167,17902,18109,16250,13257,6994,16389,18199,18220,18280,15899,12211,8673,16374,17819,18165,18516,15874,12575,8288,16926,18598,18450,18257,16297,13298,9806,16001,18133,18192,18396,15990,13537,9505,16502,18124,17509,18381,16062,14771,9693,15946,17094,17442,16816,11220,11830,8159,9191,16638,17720,18373,16207,13020,10552,16649,18638,18407
83,Fully Accessible,London Overground,2023-05-23,POINT Z (520648.5566 180269.5452 0),,,,,Acton Central,2095,1311,2108,2500,2590,2562,2555,2159,1636,2320,2347,2493,2528,2538,2078,1319,2238,2503,2544,2709,2834,2012,1420,2393,2530,2621,2606,2531,1815,1473,2355,2599,2477,2500,2618,2221,0,2028,2377,2198,2319,2407,2180,2,1981,2097,2134,2150,1879,1847,1235,1185,2372,2273,2431,2566,2184,1696,2285,2644,2475,2021,1318,1846,2400,2454,2566,2507,1972,1644,2358,2337,2490,2472,2398,2032,1284,2210,2435,2381,2644,2618,1902,1401,2296,2520,2550,2503,2404,1613,1524,2316,2533,2458,2412,2354,2194,1,1925,2317,2265,2176,2296,2171,5,1978,1972,2012,1790,1749,1835,1200,1083,2268,2240,2395,2487,2156,1653,2252,2536,2347
427,Fully Accessible,TfL Rail,2022-05-26,POINT Z (520300.2785 181217.9925 0),Elizabeth Line,,,,Acton Main Line,3543,2005,4000,4725,4145,4615,4319,3612,1559,4013,4349,4481,4477,4120,3601,2014,3959,4581,4278,4716,2162,3579,0,3931,4243,4390,4835,4216,3718,2457,3955,4546,4149,4574,4244,3717,2897,4102,4361,4356,4463,4257,3705,1747,3914,4113,4255,4091,0,0,0,0,1758,4020,4454,3904,3342,0,4112,4441,4491,3335,2023,3994,4800,4421,4493,4004,3166,1785,3953,4396,4363,4323,3805,3217,2072,4064,4471,4262,4262,1808,3114,0,3907,4322,4151,4556,3829,3214,2492,3816,4541,4263,4335,3764,3219,2718,3992,4247,4283,4407,3848,3295,1610,3875,4061,4193,3685,0,0,0,0,2745,3960,4404,3677,2950,0,4177,4559,4276
291,Fully Accessible,London Underground,2021-11-29,POINT Z (519477.6064 179592.1471 0),"District, Piccadilly",940GZZLUACT,"bus, tube",Yes,Acton Town,6105,4087,7258,7873,8141,7976,7623,6412,4495,7325,7873,7809,7896,7484,6152,4434,7149,7887,8099,8019,7637,7090,3655,7268,7728,7832,7938,7278,5991,4410,7054,7750,8020,7936,8548,7692,6447,6890,7332,7209,7155,7170,5951,4744,6355,6763,7034,7096,5691,6100,4220,4041,7147,7449,7796,7573,6125,5041,7509,8026,8019,6274,4380,7421,7931,8177,7780,7638,6657,4734,7351,8018,7834,8058,7574,6409,4542,7212,8024,8321,8102,7667,8194,5255,7300,7902,7826,7963,7275,6093,4611,7219,7896,7813,7849,8645,7978,7075,7095,7390,7177,7129,7136,6128,4849,6518,6860,6911,6945,6377,6633,4771,5021,7238,7593,7958,7585,6324,5235,7465,8200,8199
162,Not Accessible,London Underground,2021-11-29,POINT Z (533613.1509 181262.295499999 0),"Metropolitan, Circle",940GZZLUALD,"bus, tube",No,Aldgate,6683,4954,10359,13029,12718,13047,9541,7355,5173,10548,12767,12690,12776,9066,7192,5378,10453,13210,12844,13117,9891,6253,4492,10968,12784,12631,13363,9142,6131,2501,9458,12500,12503,12025,8237,6047,5050,9943,12271,11801,12151,9110,6553,4609,9952,11992,11393,10490,5168,5179,4112,3549,10459,11893,12437,8791,5842,11034,10671,12842,13034,9518,6196,11616,14444,14235,14627,11179,8901,5912,11636,14334,14006,13647,10893,9176,5764,11500,14156,14260,14709,11044,8651,5178,11932,14020,14313,15044,10690,7548,3623,9277,13788,14263,13726,9722,6995,5656,11150,11792,13236,13738,11479,8815,5304,11011,13653,13452,11951,6189,6115,5001,4129,11660,13792,14788,10409,7581,8186,11784,14892,14540
309,Not Accessible,London Underground,2021-11-29,POINT Z (533936.1921 181374.788000001 0),"Hammersmith & City, District",940GZZLUADE,"bus, tube",No,Aldgate East,16845,12830,16931,19030,18845,20086,18031,18009,13524,17565,19717,18779,20623,18422,18404,13611,17462,18398,18216,20071,17741,16397,12693,15932,18198,18601,19885,17567,16132,11582,15507,17954,17825,18684,17008,15901,12996,16129,18072,18423,19524,16664,15402,12523,16268,19021,19326,19349,14886,14865,11980,10288,16146,18059,19511,17753,16369,17386,16997,18847,19032,14777,10218,15818,17907,17740,19497,17404,17143,11710,16613,18657,17906,20776,17838,17801,12318,15938,17667,17230,19586,17523,14732,10943,14702,17024,17827,19221,17347,15352,10365,15539,17249,17074,18292,16497,16028,11208,15447,18489,17530,19176,15653,14400,11638,15578,18245,18214,18482,14170,13963,10873,9807,16086,17519,18970,17586,16188,13265,15965,17704,18770
360,Fully Accessible,DLR,2021-09-23,POINT Z (537979.0484 180992.9202 0),,,,,All Saints,1296,896,1387,1411,1505,1425,1443,31,6,1552,1438,1446,1389,1471,39,15,1306,1451,1590,1459,1411,13,6,1314,1403,1464,1447,1463,1578,1096,1280,1477,1501,1486,1462,20,10,1321,1451,1390,1379,1308,1213,892,1219,1365,1388,1408,46,16,6,15,1361,1345,1293,1429,1169,2046,1418,1425,1544,1220,886,1298,1381,1409,1385,1330,3,0,1399,1409,1348,1304,1303,12,1,1290,1416,1400,1382,1327,1,0,1215,1356,1411,1322,1361,1352,978,1185,1430,1383,1422,1326,1,0,1235,1315,1301,1375,1217,1081,746,1219,1237,1302,1310,5,4,1,0,1257,1328,1264,1302,1156,1324,1306,1382,1464
144,Not Accessible,London Underground,2021-11-29,POINT Z (517996.164 183795.164000001 0),Piccadilly,940GZZLUALP,"tube, bus",No,Alperton,3241,2281,3766,3887,3758,3966,3729,3051,1912,3746,3889,3620,3981,3712,2910,2218,3739,4017,3929,3863,4191,1,3,3929,3891,4075,4010,3881,2797,2365,3640,3828,3902,4032,3902,3184,2566,3187,3740,3688,3804,3791,3343,2334,3470,3527,3744,3699,0,0,0,0,3510,3606,3861,3748,3076,2382,3608,3868,4048,3191,2408,3980,4122,3896,4201,3884,3015,2054,3924,4025,3945,4292,3867,2963,2365,4057,4344,4086,4129,4225,0,4,4200,4142,4201,4186,3983,3197,2600,3957,4027,4143,4279,4067,3340,2725,3953,3913,3906,4114,3895,3484,2558,3797,3758,4037,3979,2,0,0,0,3717,3921,4007,3948,3154,2647,3881,4104,4425
438,Partially Accessible,London Underground,2021-11-29,POINT Z (496371.5781 198181.3279 0),Metropolitan,940GZZLUAMS,tube,No,Amersham,2136,1473,3040,3504,3477,3566,2698,2506,1454,2919,3520,3535,3469,2627,2213,1503,2945,3503,3464,3592,2780,2299,1275,3126,3679,3646,3636,2910,3086,1964,3051,3679,3663,3520,2889,2106,1751,2796,3105,3284,3196,2577,2542,1591,2538,2942,2967,2854,1710,2371,1286,1525,2908,3505,3837,2736,2687,2099,3026,3703,3594,2052,1450,2876,3157,3406,3505,2726,2311,1419,2766,3398,3467,3568,2672,1990,1477,2852,3490,3405,3563,2784,2145,1151,3042,3548,3473,3550,2865,3184,1866,2870,3622,3541,3592,2935,2129,1620,2662,3102,3022,3156,2595,2204,1437,2473,2805,2929,2981,1767,2322,1274,1120,2778,3157,3670,2738,2415,1872,2944,3616,3511
86,Fully Accessible,London Overground,2023-05-23,POINT Z (534636.002 169965.997 0),,,,,Anerley,1173,678,1059,1166,1508,1561,1398,1236,693,1197,1440,1369,1450,1354,728,200,1184,1354,1431,1469,1305,1105,626,1307,1428,1453,1542,1355,1208,788,1282,1441,1390,1521,1383,1278,799,1226,1435,951,1416,839,1342,770,1169,1334,1301,1340,944,350,623,732,1252,1302,1347,1365,1173,1040,1265,1464,1455,916,622,1018,1206,1278,1291,1126,906,627,1087,1206,1233,1261,1154,423,168,1094,1184,1194,1200,1124,929,644,1230,1289,1234,1287,1124,934,738,1161,1205,1240,1324,1088,956,752,1105,1250,1035,914,907,1013,721,1022,1139,1007,1066,843,502,598,629,1072,1125,1121,1131,927,871,1117,1228,1250
481,Not Accessible,London Underground,2021-11-29,POINT Z (531560.5615 183099.9257 0),Northern,940GZZLUAGL,"tube, bus",No,Angel,19928,11399,14839,18861,18785,20233,17721,18068,11447,15960,17919,19289,20326,19375,20121,13685,15780,18436,19401,22259,21519,21485,12135,15296,18762,19473,18805,17951,18656,11341,13903,19274,17984,18071,17498,16241,11619,15717,20292,20728,20291,17513,18572,12634,13338,17054,17883,17104,11625,13805,8145,7510,14578,18913,18123,17147,17028,12350,14273,18730,17745,20667,11081,14762,19861,19717,21007,19308,20776,11745,16678,19715,20223,21509,20746,22043,13600,16529,19241,20027,23491,23551,22916,12547,16485,19799,20693,18739,19497,20952,11708,14759,20126,18674,19406,19391,17861,12154,15516,20057,20323,20203,19085,20417,13089,14143,17771,18722,17822,12044,14602,8415,8404,14956,19378,18725,18879,18366,12485,15055,19428,18433
223,Not Accessible,London Underground,2021-11-29,POINT Z (529363.5176 186721.2423 0),Northern,940GZZLUACY,"bus, tube",Yes,Archway,9537,6761,10973,11964,12222,12335,11737,9955,6566,11154,12038,12422,12564,11964,9958,7780,10965,12279,12266,12473,12206,9492,6469,11156,11759,11966,11195,11528,9519,6910,10262,11765,11839,11878,11252,9276,6577,10050,11369,10885,11189,10546,9431,6430,9987,11154,10994,11141,7909,7760,5748,5233,9976,11788,11968,10762,9037,7029,10618,11599,11892,9005,6831,11073,12013,12378,12033,11267,9482,6710,11209,11977,12265,12239,11354,9309,7588,10866,11928,11931,12119,11085,8770,6442,10837,11866,11865,11247,10969,8886,6836,10214,11645,11657,10950,10580,8711,6542,9918,11318,10847,10855,10102,8804,6521,9893,10844,10792,10393,6927,6939,5637,5744,10316,11602,11548,10343,8603,6697,10519,12337,11657
152,Not Accessible,London Underground,2021-11-29,POINT Z (529355.1742 192497.914799999 0),Piccadilly,940GZZLUASG,"tube, bus",Yes,Arnos Grove,4083,3057,4721,5097,5001,5341,5052,0,0,4894,5288,5669,5289,5234,4160,3566,4728,5106,5339,5210,5000,4301,2046,4870,5351,5292,5649,5257,4280,3045,4744,5672,5388,5565,5347,4383,3075,4511,5424,4950,4971,4999,4718,3018,4399,4877,5370,4846,3808,3965,2444,2828,4824,5366,5070,5244,4341,3220,4892,6078,5339,3972,2980,4453,4753,4664,5091,4833,0,0,4780,5008,5205,5183,5032,4095,3479,4385,4817,5098,4975,4832,4132,2323,4551,4980,5167,5204,4973,4190,3002,4588,5064,4912,5227,4948,4079,2955,4300,5115,4703,4646,4785,4323,2787,4150,4500,4809,4830,3558,3879,2334,2652,4492,5140,4782,4883,4180,3184,4587,5801,5097
151,Not Accessible,London Underground,2021-11-29,POINT Z (531305.0253 186112.096899999 0),Piccadilly,940GZZLUASL,tube,Yes,Arsenal,3305,2069,3085,3498,3335,3608,3259,3207,2168,3386,3750,11881,3794,3551,3601,11721,3279,3670,3504,3064,4204,8480,1452,3048,3472,7922,3664,3341,3145,2232,3043,11011,3526,3721,3292,3018,2271,3005,12688,3684,3765,3607,11712,2555,3418,4929,4211,3917,2706,1731,2224,1961,3125,11901,4078,3693,3476,2623,3329,12201,3639,3213,2165,2990,3415,3145,3524,2980,2908,2102,3634,3443,12404,3495,3171,3558,15499,3055,3480,2949,2514,4081,9669,1734,2887,3282,8100,3397,3018,2945,2423,2957,14257,3279,3548,2916,2861,2392,2995,13722,3415,3473,3441,13992,2444,3235,4732,3931,3170,2301,10429,2417,2367,3180,13024,3955,3340,3367,2775,3137,14231,3390
169,Partially Accessible - Interchange Only,London Underground,2021-11-29,POINT Z (527954.6729 182063.567500001 0),"Metropolitan, Bakerloo, Circle, Jubilee, Hammersmith & City",940GZZLUBST,"bus, tube",Yes,Baker Street,29148,19879,32928,37230,35839,38364,34071,30679,21874,32575,36880,35676,37500,32403,27892,26534,32531,36796,35663,39434,35321,27699,20260,33996,36309,35948,38546,32816,26445,23987,32354,36716,35589,36348,32426,29977,22720,31354,35609,34311,36089,33440,30373,23885,29679,34379,34093,34206,25050,26446,19693,20202,31238,34181,36827,33136,32802,27969,31419,36075,36025,29953,20283,33474,37429,36002,39193,34636,30966,21602,32769,36109,35456,36917,33128,28250,27491,32590,37168,36048,39464,36149,28363,19388,34760,36744,36457,38993,33943,26891,26126,32790,37104,35793,36854,33271,30100,22266,31771,36153,34339,36693,34025,30467,23932,30239,34915,34642,34184,25486,26481,19815,18487,31414,33474,36931,33635,32664,26005,31813,35678,36464
440,Not Accessible,London Underground,2021-11-29,POINT Z (528480.3274 173244.480799999 0),Northern,940GZZLUBLM,tube,Yes,Balham,14946,9139,14308,16456,16697,17707,15958,15184,9561,14345,16810,16129,16779,15455,15284,8486,14286,16626,16820,17520,15830,15028,8552,14132,16014,16534,15682,16287,14271,8855,13904,16269,16727,16025,15701,15543,9233,13445,15664,15772,16472,15932,14044,7923,13005,15431,15620,15470,10819,10798,6221,6674,14079,16130,17080,15959,15019,11546,14221,16395,16649,14901,9050,14167,16462,16725,17214,15456,15053,9705,14056,16215,16500,16978,15066,14874,9082,14212,16391,16391,17151,15109,14330,8952,14248,15083,15883,17666,15364,14017,9438,13886,16343,16343,12623,15140,14575,9682,13313,15617,15659,16014,14950,14388,8452,12993,15091,15248,14231,10265,10347,6577,7544,15103,16232,16954,15489,14811,10815,13990,16334,16545
209,Not Accessible,London Underground,2021-11-29,POINT Z (532710.1551 181119.8978 0),"Waterloo & City, Northern, Central",940GZZLUBNK,tube,Yes,Bank,16386,9676,47120,63714,63236,67700,38296,16002,9597,47670,62100,62734,66351,37548,16730,9869,47290,63253,63871,67804,38249,14888,8681,47370,64006,63688,66685,38710,15258,10553,45431,61905,63018,65537,36740,14819,12318,44082,59381,58966,63142,37310,16544,10395,45052,60060,58173,50567,12982,13982,9013,8502,52215,64141,67643,39350,16064,17655,47175,65264,63859,18727,10623,50863,68008,68024,71792,41883,24129,14500,52246,68396,66230,71622,40355,18854,10867,51745,67852,67782,72890,40934,22032,13606,52215,68675,68835,68057,41334,16996,11732,49310,66639,67615,70928,40457,22567,19692,49035,59432,63367,68298,40642,18353,11764,48631,63890,61189,54454,14711,16102,9851,8971,55594,66489,69659,41865,18707,22695,51063,69207,67283
165,Not Accessible,London Underground,2021-11-29,POINT Z (532004.2025 181856.329700001 0),"Metropolitan, Circle, Hammersmith & City",940GZZLUBBN,"tube, bus",No,Barbican,5046,3451,8251,9326,9851,10091,7894,5494,4032,7934,9507,9959,10633,7545,5090,4075,8251,12536,9576,10167,7827,5035,3497,8731,9964,10007,10682,8241,4913,3042,7700,9269,9208,10362,7222,4761,3763,7317,8988,8806,9055,6758,3874,3305,7469,8480,8385,7953,3619,3509,2583,2226,7822,9175,9265,7228,4481,3384,7900,9251,9129,5108,3508,8405,9605,10144,10491,7943,5557,3944,8261,9589,10328,10940,7603,5381,4014,8327,11225,10198,10576,8155,5218,3488,8795,10456,10341,11461,8391,5178,2703,8051,9819,9566,10824,7277,4930,4067,7573,9224,9225,9506,6936,3860,3442,7699,8773,8799,8183,3809,3620,2730,2508,8466,9152,9824,7528,4605,3673,8449,9687,9787
400,Fully Accessible,London Underground,2021-11-29,POINT Z (544358.8052 184382.179 0),"District, Hammersmith & City",940GZZLUBKG,tube,No,Barking,24729,17237,24614,25752,25372,26068,25694,20542,14690,25053,25753,25458,25782,24985,19935,14336,24476,25735,25361,26055,25324,19468,13591,24527,25379,25148,25942,25113,21145,16410,23028,25430,25494,26104,25503,21030,15029,23662,25331,24331,24587,24580,20823,14977,22914,22951,23823,24632,18173,18811,13335,13893,23918,24148,25466,24733,20119,16056,24550,25861,26026,25235,17459,24223,25340,24917,25784,24953,19871,14376,24732,25522,25352,25341,24656,19531,14405,24469,25578,25449,26061,24734,19395,13617,24257,25273,24928,25693,24913,20895,16151,22760,24814,25391,26200,24972,20669,14875,23442,24458,23646,23997,24167,20195,14938,22764,22817,23485,24135,17621,18494,13369,13816,23598,23946,24934,24225,19686,15678,24430,25353,25651
509,Fully Accessible,London Overground,2023-05-23,POINT Z (546901.0979 182161.0087 0),,,,,Barking Riverside,1196,489,1834,1950,1903,1761,1881,1287,817,1743,1880,1971,1950,1794,1227,695,1785,1931,2028,2018,1492,1244,317,1783,1883,2019,1957,1852,1288,0,1725,1914,1993,1998,1927,1267,836,1602,1741,1755,1660,1663,1306,750,1497,1644,1676,1734,1145,1139,0,824,1849,1835,1896,1808,1257,830,1890,2047,2092,957,335,1629,1729,1725,1292,1592,1101,725,1530,1749,1753,1687,1498,1010,714,1588,1644,1716,1728,1147,1022,476,1639,1721,1727,1629,1587,1024,0,1519,1702,1711,1705,1568,1062,801,1347,1515,1473,1462,1368,1120,701,1337,1394,1504,1458,877,951,0,745,1649,1672,1700,1551,1040,754,1740,1858,1827
120,Partially Accessible,London Underground,2021-11-29,POINT Z (544798.7557 189493.9487 0),Central,940GZZLUBKE,"tube, bus",Yes,Barkingside,1177,802,1878,2027,2079,2111,1937,1370,935,1906,2180,2280,2146,1944,1022,760,1900,2032,2088,2062,1903,1243,815,2008,2043,2062,2043,1861,1266,938,1815,2038,2071,2192,1881,1356,878,1771,1869,1864,1872,1813,1334,896,1704,1780,1804,1816,1125,1260,840,876,1758,1868,1944,1845,1274,975,1778,1992,2054,1294,877,1930,2085,2115,2168,1958,1381,981,2002,2202,2176,2160,1983,1134,821,1618,2098,2085,2152,1987,1343,852,2022,2122,2137,2086,1937,1333,1019,1888,2107,2132,2241,1964,1405,827,1832,1960,1896,1994,1924,1370,978,1761,1892,1878,1896,1222,1296,867,931,1843,1979,2030,1888,1330,1030,1856,2067,2103
304,Partially Accessible - Interchange Only,London Underground,2021-11-29,POINT Z (524045.7583 178327.6646 0),"District, Piccadilly",940GZZLUBSC,tube,Yes,Barons Court,6232,4253,8365,9412,9297,9326,8397,6326,4413,8341,10355,10496,10445,8545,6279,4697,8256,9195,9418,9398,8693,7341,3410,8408,9536,9302,9776,8818,6243,4478,7775,9382,9203,9388,8152,6231,4929,7479,8624,8466,8279,7414,5797,4306,7030,7896,8107,7780,4575,4241,3221,3140,7599,8813,9169,8305,6390,5225,8286,9687,9940,6006,4452,8540,9463,9073,9176,8320,6308,4396,8514,10775,10473,10055,8585,6170,4688,8212,9271,8911,9037,8835,6897,3952,8436,9523,9194,9435,8582,6271,4803,7832,9167,9091,9159,8260,6320,5109,7387,8305,8179,8185,7425,5717,4335,6841,7903,7857,7084,4014,3965,3138,3474,7755,8781,8978,8181,6372,5104,8200,9780,9687
379,,London Underground,2021-11-29,POINT Z (529024.8784 177247.2655 0),Northern,,tube,Yes,Battersea Power Station,15429,10274,10339,12286,12378,13051,12192,16983,10554,10302,12246,12836,13606,12932,16444,11274,10587,12313,12561,13310,12076,15303,9930,10698,12356,13625,12943,12883,20482,15439,11984,13825,13463,7017,12801,18455,13032,11597,13261,13887,13787,13994,17687,11401,11721,13067,13870,13961,14945,15485,9010,9355,10806,12029,12699,12456,15727,11197,10354,12239,12793,13768,9172,9830,11738,11696,12074,10962,15172,9542,9642,11606,12379,12627,11886,14897,10053,9976,11652,11718,12671,11052,13836,8929,9964,11796,13179,12055,11795,17858,14250,11497,13315,12456,6744,11720,16669,11751,10817,12779,13038,13179,13227,16557,10446,11137,12562,13086,13332,14001,14550,8684,9478,10649,11713,12003,11512,14024,10458,9878,11735,12389
172,Not Accessible,London Underground,2021-11-29,POINT Z (525842.957 180822.646199999 0),"District, Circle",940GZZLUBWT,"tube, bus",No,Bayswater,5731,5554,5595,5542,5842,5772,6205,6554,6046,5456,5261,5935,5977,6222,6574,5874,6009,5465,5665,5739,6178,6070,5165,5565,5129,5719,5884,5935,6265,4712,5128,5205,4960,5330,5663,5966,6203,5610,5628,5828,6053,5984,6637,5969,6087,6256,6477,6540,6454,5992,5488,4704,5211,5773,6274,6978,7441,6237,6333,5926,6585,5803,4638,5085,5369,5418,5471,5940,6208,4937,4843,4972,5533,5492,6103,6265,5077,5122,5291,5224,5435,5712,5911,4345,4769,5018,5271,5448,6047,5703,4189,4485,4690,4629,4816,5240,5524,4805,5078,5113,5396,5286,5672,6077,5068,5432,5280,5876,5893,5936,5623,4637,4097,5117,5567,5890,6504,6664,5231,5774,5646,6246
463,Fully Accessible,DLR,2021-09-23,POINT Z (543164.9194 181514.0229 0),,,,,Beckton,0,0,2028,2135,2059,2108,2114,1401,922,2045,2011,2154,2127,2030,1347,953,1956,2078,2096,2163,1993,1160,750,1880,2038,1988,2017,2052,0,0,1897,2157,2102,2117,2058,1243,914,1859,1917,1939,1964,1895,1415,956,1719,1678,1885,1880,1220,1162,643,909,1889,1848,1923,1883,1685,1054,2040,2304,2046,0,0,1964,2026,1988,2047,1973,1252,873,1958,1999,1967,1944,1930,1242,900,1891,1970,1934,2052,1820,1082,719,1874,1949,1911,1893,1953,0,1,1843,2072,1977,1989,1875,1145,837,1835,1788,1837,1818,1849,1305,893,1689,1684,1792,1839,1051,1043,597,837,1777,1744,1879,1786,1595,937,1898,1955,1932
496,Fully Accessible,DLR,2021-09-23,POINT Z (542704.9024 180873.038699999 0),,,,,Beckton Park,1,0,482,534,536,575,536,363,274,519,537,568,570,542,354,210,533,553,571,557,557,346,212,519,545,625,570,562,13,2,496,552,590,582,546,373,273,568,600,549,533,532,367,244,511,542,553,557,319,308,225,256,504,506,549,528,384,252,524,566,582,0,0,409,410,432,485,411,300,252,436,460,465,492,444,264,184,432,467,512,465,451,296,180,418,473,453,461,450,1,1,410,453,485,450,426,307,246,472,451,447,439,440,307,211,412,428,408,437,219,235,182,206,430,413,430,419,344,226,430,464,443
184,Not Accessible,London Underground,2021-11-29,POINT Z (547627.5438 184527.341 0),District,940GZZLUBEC,"tube, bus",No,Becontree,0,0,5144,5399,5101,5154,5156,3439,2371,4123,4905,4810,5073,4903,3224,2118,4741,5112,5043,4951,4845,3517,2365,4715,5276,5014,5311,5109,3598,2517,4688,5335,5202,5012,5051,3356,2337,4588,4845,4795,4872,4939,3630,2301,4692,4620,4738,4923,3273,3442,2307,2628,5142,5141,5372,5264,3583,2753,5030,5641,5523,0,0,4913,4996,4887,4930,4718,3204,2351,4436,4725,4659,4961,4756,2986,2145,4685,5100,4922,4830,4752,3202,2205,4636,5057,4849,4949,4820,3298,2577,4508,5085,5184,4859,4701,3187,2295,4251,4841,4474,4535,4164,3282,2280,4328,4356,4382,4544,2923,3162,2098,2473,4810,4793,4937,4815,3240,2587,4758,5269,5103
280,Not Accessible,London Underground,2021-11-29,POINT Z (527353.7983 185088.897399999 0),Northern,940GZZLUBZP,"bus, tube",Yes,Belsize Park,6332,4674,8256,8923,8886,9173,8642,6643,4761,8270,9032,8839,9141,8310,5803,4488,8370,8740,8595,9335,8476,5967,4097,8029,8722,8869,8327,8191,6111,4995,7702,8651,8506,8549,8053,5947,4613,7133,7813,7696,8050,7331,5899,4158,6837,7768,7655,7415,4678,4666,3372,3400,7298,8459,8863,8302,5770,4631,8353,8896,9201,6227,4719,8210,9021,8787,8996,8351,6422,4827,8262,8884,8810,8993,8180,6141,4736,8202,8645,8813,9251,8465,5916,4061,8131,8722,8695,8028,8135,5988,5062,7800,8678,8318,8238,7817,6094,4557,7163,7676,7759,7959,7292,5936,4203,7053,7637,7692,7094,4408,4489,3505,3702,7351,8360,8755,8160,5692,4721,8411,8933,9118
214,Fully Accessible,London Underground,2021-11-29,POINT Z (534459.7378 179416.223200001 0),Jubilee,940GZZLUBMY,"tube, bus",Yes,Bermondsey,10277,6648,10220,11159,11336,11418,11550,9397,6919,10359,10790,11343,11391,11293,10941,6914,10077,10917,11057,11079,11240,10289,6669,10155,10899,11039,11193,11455,10264,6954,9964,11021,10796,11266,11397,10926,7014,9732,10281,10229,10848,10929,11397,6941,9475,10213,10604,10553,8285,8293,5662,5917,9804,10906,11057,11283,11347,16560,10273,10996,11650,10375,6683,10133,11082,11172,11275,11193,9251,6970,10336,10893,11161,11330,11394,11238,6909,10185,10666,11046,11034,11054,10573,6841,9939,10563,10911,10965,11520,10434,6989,9927,10683,10676,11046,11180,11020,7075,9658,10198,10114,10535,10871,11529,6962,9475,9961,10472,10026,7720,8333,5588,6495,10052,10887,10838,11099,11652,18420,10031,10912,11284
113,Not Accessible,London Underground,2021-11-29,POINT Z (535043.5417 182718.410700001 0),Central,940GZZLUBLG,"bus, tube",Yes,Bethnal Green,14864,11564,13273,14441,15875,15448,15947,16399,11476,13576,14799,15225,15941,16335,16435,11772,11947,14808,15553,16105,16167,15918,10755,13548,14956,15614,15670,16438,15981,5301,12736,14754,15270,15751,16135,15537,9816,12980,14579,14816,14987,15513,15308,10701,12440,14505,14951,15172,12407,12704,9415,8463,14051,14397,15336,16114,15464,11163,13049,15142,15416,14219,11166,12939,14025,15505,14806,15558,16172,11285,13359,14522,14865,15234,15781,16344,11194,11509,14343,15226,15302,15382,15542,10560,13122,14707,15152,15101,15750,15173,4434,12377,14078,14729,15019,15608,15115,10323,12448,14055,14450,14234,15308,14966,10426,11972,13950,14231,14268,11546,12217,9192,8820,13645,14057,14753,15519,15281,10884,12141,14550,14801
39,Not Accessible,London Overground,2023-05-23,POINT Z (534701.9846 182321.1801 0),,,,,Bethnal Green NR,1920,1147,2141,2297,2349,2390,2240,2026,1630,2224,2402,2367,2508,2261,1974,1362,2412,2397,2291,2383,2179,2010,1426,2216,2411,2429,2399,2217,1838,1169,2008,2368,2320,2362,2388,1928,1614,2099,2292,2300,2402,2163,1940,759,1971,2107,2155,2151,1499,1380,816,1210,1611,2310,2291,2276,2205,1454,2160,2345,2084,2208,1271,2264,2509,2623,2614,2586,2239,1747,2458,2639,2641,2696,2559,2164,1540,2580,2695,2523,2714,2401,2100,1482,2405,2592,2627,2648,2537,2053,1138,2197,2554,2658,2645,2578,2288,1717,2230,2503,2556,2579,2445,2214,702,2233,2324,2394,2399,1636,1672,761,1153,1831,2443,2599,2530,2208,1669,2338,2598,2369
158,Fully Accessible,London Underground,2021-11-29,POINT Z (531693.8776 180893.0855 0),"District, Circle",940GZZLUBKF,tube,No,Blackfriars,10575,6656,16945,20475,20271,20861,14517,8137,5738,17290,19666,20251,21682,14473,9833,6571,17132,23887,20026,21072,14980,11328,8752,17317,20079,20047,20783,15048,10354,9337,16198,19612,19335,20911,13913,14041,16102,16118,19315,19675,19863,14072,10792,11080,16697,20288,20444,18179,12930,16771,9867,9162,17492,20459,21130,15738,12087,10151,17329,20942,21367,9164,5565,16128,19198,19610,20138,14070,7522,4725,16640,19299,19235,21075,14241,9350,5645,16227,19250,19423,20172,14483,10091,6582,15744,19654,19248,20175,14225,9076,8037,15792,19275,19040,20218,13641,12940,12299,15427,18197,18993,19359,14111,10067,11825,15485,19593,18603,16965,11837,13607,8918,7705,16571,18884,20393,14801,10612,8383,16532,19993,20578
243,Not Accessible,London Underground,2021-11-29,POINT Z (535760.6278 189370.2981 0),Victoria,940GZZLUBLR,tube,Yes,Blackhorse Road,10568,7904,13076,14507,14758,15553,14551,12893,8805,13216,14525,14972,15103,14275,12988,8631,13187,14557,14618,14944,14423,12909,9208,13123,14362,14719,14866,14141,12788,8683,12381,13941,14507,14767,14233,12505,8821,11878,13548,13373,13700,13352,13053,8340,11512,12641,13145,13438,10620,10883,7862,6976,12370,13626,14097,13536,12492,8905,12727,13841,13723,9859,8369,12908,14439,14439,15318,14086,12541,9128,12939,14265,14788,14753,13772,12410,9234,13233,14401,14465,14673,13979,12476,9438,12994,14238,14577,14543,13603,12092,9340,12482,14358,14416,14329,13822,12029,9108,11817,13446,13203,13270,13021,12607,8710,11642,12599,12820,12685,9791,10349,8035,7669,12192,13784,13696,13380,12056,9035,12509,11111,12645
361,Fully Accessible,DLR,2021-09-23,POINT Z (538398.0637 180663.923900001 0),,,,,Blackwall,9,4,1447,1625,1637,1692,1535,8,0,1484,1627,1597,1698,1546,1260,985,1536,1662,1646,1750,1558,13,0,1434,1589,1657,1731,1543,8,2,1404,1762,1786,1798,1620,18,1,1434,1558,1538,1619,1484,1292,875,1367,1504,1490,1541,9,3,0,3,1334,1494,1557,1427,1203,1068,1445,1630,1692,1,1,1281,1471,1504,1437,1287,1,2,1338,1503,1382,1475,1352,1092,859,1302,1569,1467,1553,1296,0,0,1285,1525,1374,1485,1261,3,1,1336,1573,1542,1527,1356,3,1,1291,1357,1367,1383,1162,1002,743,1150,1309,1310,1206,6,0,0,1,1269,1253,1381,1238,1012,793,1268,1408,1450
204,Fully Accessible,London Underground,2021-11-29,POINT Z (528490.674 181117.635 0),"Central, Jubilee",940GZZLUBND,"tube, bus",Yes,Bond Street,52991,30732,51213,58796,59662,65990,55294,52216,29407,51740,58151,59910,61088,54200,52287,31501,54038,59467,60530,65488,54201,50234,33457,51272,60505,61779,64958,55980,52296,33695,52600,59542,61350,63706,54209,50308,32579,53843,60026,61661,65903,55781,49381,34151,54219,60568,62620,60981,43339,50564,25170,31008,52328,58254,63881,57438,51534,32700,54639,60955,62130,53746,30663,52062,59769,61700,64620,57669,54292,28439,52514,59476,61352,63260,56157,53315,32119,52871,60510,62229,65381,54822,51752,31459,52937,62433,63308,66343,58272,54272,35361,53667,62263,62096,64378,56783,52399,33772,54926,61602,62906,64701,58427,51489,34976,54725,61059,63009,62805,44561,51800,25455,32620,53196,60300,67143,60363,53631,33155,55927,63117,64473
479,Partially Accessible,London Underground,2021-11-29,POINT Z (532439.9633 179751.461100001 0),Northern,940GZZLUBOR,"bus, tube",No,Borough,5241,3274,5743,6846,6798,7037,5938,5881,3403,5663,6577,7084,7274,5929,3756,3570,6011,6617,7041,7063,6071,5359,3237,5630,6695,7022,6925,6004,4973,3220,5239,6278,6451,6323,5541,5055,3351,5134,6323,6268,6368,5334,5008,3046,5027,6134,6201,5921,3736,3669,2583,2391,4892,6312,6670,5532,5098,4577,5429,6456,6524,5605,3861,5735,6875,7048,7107,6064,6264,3790,5743,6860,7159,7445,6114,4272,3856,6089,6804,7077,7251,6160,5556,3632,5730,6945,7343,7093,6134,5209,3431,5248,6623,6462,7048,5819,5201,3570,5262,6404,6508,6500,5584,5113,3350,5202,6437,6568,6124,3680,3780,2501,2635,4977,6568,6648,5867,5409,4093,5347,6843,6655
434,Not Accessible,London Underground,2021-11-29,POINT Z (516333.5188 178693.009 0),Piccadilly,940GZZLUBOS,"tube, bus",Yes,Boston Manor,1560,1127,1988,2153,1294,2168,1916,1615,1253,2100,2140,2149,2169,1972,1826,1333,2041,2207,2178,2163,2175,1625,771,1980,2203,2124,2255,2098,1623,1179,1875,2201,2307,2262,2154,1619,1261,1734,2045,1952,2085,1917,1737,1217,1697,1768,1860,1923,1507,1580,1127,1160,2203,2192,2199,2170,1788,1616,2018,2339,2245,1562,1250,2120,2288,1526,2291,2048,1498,1323,2144,2206,2178,2168,2048,1759,1322,2121,2259,2079,2182,2103,1637,1102,2080,2217,2139,2225,2175,1675,1339,1966,2246,2224,2277,2094,1592,1284,1699,2001,2005,2082,1922,1598,1295,1704,1836,1853,1870,1397,1485,1210,1185,2168,2300,2005,2182,1724,1674,2149,2287,2311
282,Not Accessible,London Underground,2021-11-29,POINT Z (529984.4864 191469.272600001 0),Piccadilly,940GZZLUBDS,"tube, bus",Yes,Bounds Green,5601,3125,6103,6740,6715,7020,6460,0,0,6320,6684,6797,6784,6688,5632,4054,6391,7044,6832,6540,6600,5560,2519,6106,6844,6787,7011,6742,5645,3920,6173,6877,6729,6950,6627,5786,4134,5817,6457,6332,6374,6466,7653,4225,5804,6191,6431,6270,4697,5003,3166,3414,6095,6828,6825,6418,5699,4091,6103,6835,6845,5354,3580,6045,6593,6453,6798,6269,0,0,6323,6511,6554,6589,6177,5360,4126,6044,6954,6476,6701,6343,5393,3038,5988,6635,6651,6758,6473,5500,4039,6094,6592,6605,6776,6367,5612,4096,5684,6373,6170,6203,6524,7386,3954,5520,6069,6122,6219,4488,4726,3325,3532,6108,6770,6588,6280,5568,4148,5946,6582,6718
362,Fully Accessible,DLR,2021-09-23,POINT Z (537393.0253 182828.976600001 0),,,,,Bow Church,1996,1572,2243,2432,2597,2545,2606,53,20,2551,2373,2429,2527,2570,50,12,2512,2373,2438,2521,2482,77,36,2181,2360,2536,2504,2581,2159,1627,2092,2418,2461,2630,2667,58,19,1902,2274,2273,2289,2416,2097,1596,1908,1921,2144,2215,87,40,41,53,2022,2336,2297,2527,1927,2262,2297,2445,2583,1770,1509,2033,2267,2367,2328,2350,0,1,2384,2179,2168,2213,2264,1,1,2090,2157,2271,2378,2191,2,2,2024,2161,2237,2317,2328,1976,1546,1950,2201,2283,2238,2345,6,1,1889,2033,2137,2117,2025,1979,1454,1706,1826,2021,1987,2,1,2,6,1855,2135,2050,2189,1804,1876,2144,2210,2336
311,Not Accessible,London Underground,2021-11-29,POINT Z (537089.8973 182735.951300001 0),"District, Hammersmith & City",940GZZLUBWR,"bus, tube",No,Bow Road,5450,3893,6279,6938,7070,7353,6741,6369,4372,6661,6957,7148,7213,6862,5897,4198,6377,6804,7077,7351,6893,6050,4290,6306,6859,7143,7160,6826,6160,4448,5594,6805,7097,7373,6822,6501,4516,5923,6158,6537,6845,6157,5295,4119,5344,6198,6331,6615,5214,5617,3789,3663,5988,6647,6939,6715,5646,4599,6291,6836,7006,4893,3946,6069,6675,6759,6909,6315,5989,4625,6671,6543,6862,6884,6448,5633,4378,6191,6671,6757,6875,6369,5541,4384,6100,6419,6933,6780,6391,5780,4410,5389,6570,6702,7024,6534,6284,4731,5606,5923,6167,6353,5587,4666,4202,5168,5903,6073,5922,4567,5306,3916,4242,5938,6571,6517,6294,5366,4635,5957,6502,6827
134,Not Accessible,London Underground,2021-11-29,POINT Z (523873.7006 187934.037 0),Northern,940GZZLUBTX,"bus, tube",Yes,Brent Cross,2202,1933,2965,3180,3141,3141,2787,2635,1914,2871,3167,3170,3025,2576,2341,1844,2903,2339,2718,3208,2862,2167,1694,2974,3196,3120,3048,2896,2122,1931,2890,3266,3186,3213,2897,2401,2100,2949,3127,2987,2909,2628,2395,1727,2229,2912,3035,2966,2041,2025,1276,1814,2875,3048,3162,2883,2280,2183,3023,3322,3146,2314,1883,2799,3018,2994,3008,2623,3039,1997,2766,2979,2981,2877,2551,2352,1917,2810,1579,2570,3015,2748,2107,1655,2857,3085,3017,2944,2747,2047,1826,2816,3113,2989,3063,2795,2298,2081,2738,3004,2919,2762,2566,2293,1747,2129,2849,2957,2892,1945,2356,1206,1773,2764,2952,3028,2793,2065,2113,2885,3022,2958
416,Fully Accessible,TfL Rail,2022-05-26,POINT Z (559401.7384 193032.175899999 0),Elizabeth Line,,,,Brentwood,3118,1637,4771,5508,5475,5554,4459,3145,1826,4920,5380,5331,5423,4395,3206,1937,4574,5403,5413,5569,4477,2961,1810,4500,5394,5372,5410,4468,3332,2003,4377,5352,5232,5392,4207,3560,2055,3948,4703,4607,4794,3772,3442,1871,3876,4363,4673,4320,2454,3099,1547,1628,4811,5168,5471,4509,3352,2134,4715,5411,5512,2920,1592,4477,5187,5148,5186,4171,3036,1743,4669,5114,5034,5039,4047,2892,1851,4408,5140,5157,5079,4157,2855,1710,4400,5097,5023,5033,4176,3062,1923,4174,5105,4933,4752,4033,3305,2004,3810,4487,4371,4469,3568,3254,1844,3773,4203,4393,4094,2394,2789,1503,1555,4648,4870,5126,4252,2983,1996,4514,5144,5028
186,Fully Accessible,London Underground,2021-11-29,POINT Z (531052.3817 175428.6555 0),Victoria,940GZZLUBXN,tube,Yes,Brixton,30579,20708,26577,30776,30903,35801,31780,32936,22347,26318,30968,32462,33166,31683,30600,21200,29293,30948,30796,32666,31434,30262,19644,26599,31262,30793,32642,34218,32939,20662,26067,30017,33502,32846,33891,33252,21280,26118,29951,30585,34333,32578,32755,23263,25854,32457,30761,33931,25460,26653,16589,15269,26854,29421,31678,30771,33700,24901,27073,33611,31096,29226,20936,26050,30588,30152,35236,31282,33247,22824,26062,29718,31888,32029,30996,30731,21898,29108,31097,30143,31239,31203,31425,19955,26710,30439,30236,30551,34453,33062,21472,25501,29341,32602,32171,33803,33796,21826,25358,29129,29721,33085,32008,32621,23661,25308,31808,30015,32630,23839,26418,16991,17966,26472,28884,30401,30386,34588,25089,25963,33038,30517
95,Partially Accessible,London Overground,2023-05-23,POINT Z (536416.0035 175764.997 0),,,,,Brockley,4912,3338,4273,4697,5289,5490,5146,5273,3588,4176,5212,5225,5503,5283,3389,2181,4541,5173,5373,5400,5192,4950,3355,4668,5191,5415,5505,5528,4920,3575,4617,5124,5195,5474,5289,4823,3662,4480,4902,4799,5077,4756,5305,3412,4064,4721,4947,4992,3925,1440,2644,2598,4554,5085,5419,5196,5005,3894,4650,5277,5371,4338,3516,4491,5053,5409,5534,4856,4714,3874,4605,5262,5305,5510,4996,2756,2089,4648,5149,5237,5371,4826,4518,3452,4747,5231,5502,5447,5167,4408,3765,4660,5265,5238,5483,5082,4511,3876,4350,4889,4832,4899,4451,4809,3470,4142,4728,4855,4628,3445,2305,2715,2898,4777,4939,5455,4971,4832,3943,4684,5348,5338
395,Not Accessible,London Underground,2021-11-29,POINT Z (538049.5634 182523.513599999 0),"District, Hammersmith & City",940GZZLUBBB,"bus, tube",No,Bromley-by-Bow,4534,3585,5859,6358,6243,6480,6089,6109,4584,6205,6444,6580,6593,6385,5804,4580,6155,6349,6525,6804,6280,6127,4479,6122,6576,6621,6671,6497,5262,4389,5418,6417,6520,6634,6116,6527,4815,5395,5664,5770,5834,5824,4922,3770,5134,5706,5826,5707,5462,5565,4554,3934,5745,6267,6483,6027,4836,3854,5867,6402,6560,4272,3618,5992,6218,6278,6371,5694,5762,4713,6218,6425,6333,6527,6071,5579,4600,6084,6307,6388,6536,6011,5673,4605,6108,6422,6318,6497,6054,4875,4365,5433,6373,6310,6431,5731,6259,4878,5269,5554,5588,5585,5145,4421,3773,5132,5514,5567,5456,4885,5233,4442,4311,5832,6251,6467,5755,4627,3943,5850,6332,6448
82,Not Accessible,London Overground,2023-05-23,POINT Z (524751.9846 184447.417199999 0),,,,,Brondesbury,3368,2237,3616,3856,3995,3962,4080,3920,2499,3660,3667,4030,3959,4010,3610,2306,3701,3916,4053,4148,4034,3370,2056,3703,3762,3981,3964,4116,3395,1621,3535,3879,3969,3954,4085,4056,1814,3500,3735,3599,3761,3991,3568,1995,3241,3395,3677,3411,2557,2798,1766,2028,3488,3733,3850,3987,3623,2453,3543,3933,3890,3035,2133,3411,3716,3909,3769,3810,3376,2592,3520,3924,3940,3700,3825,3237,2314,3552,3697,3927,3977,3810,2953,2044,3747,3684,3820,3773,3826,2714,1458,3455,3750,3774,3600,3698,3456,1699,3296,3624,3226,3475,3761,3334,1873,3198,3304,3308,3123,2301,2506,1656,1832,3259,3483,3543,3614,3198,2399,3574,3657,3225
81,Not Accessible,London Overground,2023-05-23,POINT Z (524200.0516 183907.6019 0),,,,,Brondesbury Park,1350,884,1602,1738,1720,1812,1698,1482,1074,1655,1652,1745,1772,1681,1306,888,1649,1711,1708,1716,1645,1318,804,1515,1702,1699,1716,1632,1298,740,1553,1683,1729,1699,1673,1539,836,1410,1600,1443,1478,1521,1312,817,1292,1357,1376,1361,949,953,671,680,1490,1594,1638,1659,1467,1016,1568,1852,1668,1268,854,1636,1802,1732,1765,1657,1261,1101,1678,1644,1754,1794,1652,1264,859,1668,1783,1749,1787,1618,1250,871,1564,1706,1673,1703,1587,1133,733,1543,1764,1688,1631,1621,1337,738,1337,1558,1409,1422,1405,1249,712,1281,1344,1314,1257,877,881,657,774,1497,1633,1654,1671,1378,979,1559,1822,1654
23,Not Accessible,London Overground,2023-05-23,POINT Z (533789.0034 190102.0031 0),,,,,Bruce Grove,1994,1075,2193,2245,2206,2583,2334,1855,1471,2097,2173,2249,2429,2321,1836,1179,2078,2234,2208,2406,2293,1859,1141,2094,2164,2202,2411,2257,1892,1354,2092,2241,2150,2330,2526,1848,1363,1899,2102,2126,2242,2455,2079,1084,1854,2084,2089,2141,1481,1514,1094,983,23,1966,2175,2351,1878,1257,2000,2163,2108,1593,1024,1956,1916,1912,2096,2042,1581,1292,1901,2001,1961,2181,1972,1531,976,1916,1968,1979,2111,1919,1627,1083,1868,1897,1906,2028,2025,1530,1217,1840,2052,1905,1978,1977,1445,1328,1767,1875,1909,2131,1802,1485,991,1696,1766,1782,1794,1211,1245,1000,895,100,1773,1876,1885,1552,1159,1743,1918,1720
246,Not Accessible,London Underground,2021-11-29,POINT Z (541777.5666 193891.179 0),Central,940GZZLUBKH,"tube, bus",Yes,Buckhurst Hill,2432,1321,2926,3158,3246,3464,2975,2370,1458,3025,3300,3274,3355,2867,0,0,2823,3238,3271,3323,2971,2253,1292,2930,3301,3295,3320,2855,2341,1388,2723,3183,3166,3308,2925,2413,1325,2640,3039,3112,3146,2728,2249,1414,2541,2762,2997,2903,1913,2085,1076,1309,2972,3203,3283,2918,2300,1945,2937,3354,3259,2172,1330,2789,3192,3155,3332,2888,2262,1433,2757,3151,3204,3182,2628,0,0,2279,3218,3132,3175,2771,2115,1300,2738,3209,3137,3213,2754,2147,1356,2564,3139,3018,3121,2736,2212,1285,2588,2984,3047,3019,2655,2046,1358,2428,2724,2922,2749,1863,1973,1083,1291,2859,3074,3189,2765,2154,1739,2766,3274,3259
419,Fully Accessible,TfL Rail,2022-05-26,POINT Z (493953.6767 181375.304400001 0),Elizabeth Line,,,,Burnham Bucks,692,242,1054,1307,1018,1214,1024,851,406,1065,1157,1164,1231,956,805,476,1057,1210,1192,1186,1000,809,415,1015,1166,1166,1235,1057,894,540,1003,1203,1231,1254,1060,893,548,991,1189,1180,1188,968,831,438,960,1107,1045,1022,556,646,375,455,1016,1159,1259,1016,879,529,1081,1264,1226,655,86,1072,1282,1108,1211,977,759,361,1031,1200,1218,1232,932,720,528,1053,1243,1192,1123,934,754,383,981,1205,1198,1260,1015,873,575,997,1201,1226,1284,1006,798,553,1015,1199,1203,1168,919,767,473,965,1096,1091,1000,562,624,372,395,1030,1157,1247,896,721,540,1154,1282,1179
136,Not Accessible,London Underground,2021-11-29,POINT Z (520325.5892 190759.991599999 0),Northern,940GZZLUBTK,"bus, tube",Yes,Burnt Oak,3835,2845,5274,5501,5567,5583,5386,4378,3148,5210,5442,5413,5208,5123,4026,2635,5133,4241,5050,5506,5026,3739,2829,5240,5516,5513,5145,5351,3934,3122,4999,5520,5604,5560,5379,4387,3237,4967,5107,5007,5113,4802,4289,2972,4514,4704,4985,4831,3340,3461,2425,2506,4898,5023,5162,4956,3788,3027,5131,5238,5319,3720,2825,5176,5411,5417,5483,5349,4356,3161,5054,5292,5297,5177,5028,3772,2732,5019,1915,4528,5405,4980,3663,2787,5172,5349,5454,5128,5241,3835,3048,4900,5410,5250,5120,5290,4262,3184,4819,4956,4796,4929,4718,4060,2957,4475,4606,5027,4756,3223,3357,2407,2586,4772,5003,5074,4949,3712,2982,5057,5180,5189
26,Not Accessible,London Overground,2023-05-23,POINT Z (533697.2943 195396.772700001 0),,,,,Bush Hill Park,1430,680,1865,2145,1753,2176,1931,1537,1329,1931,2148,2213,2600,1916,1475,969,1952,2188,2151,2241,1976,1691,964,1930,2163,2111,2135,1886,1422,910,1860,2145,2116,2178,1956,1518,1252,1862,2198,2084,2457,1770,1532,669,1690,1969,2018,2032,1192,1297,783,1197,9,2049,2118,1883,1692,1074,1891,2148,2147,1052,659,1667,1880,1753,1841,1659,1225,1000,1711,1901,1933,1986,1593,1139,842,1742,1925,1880,1881,1668,1125,838,1662,1902,1906,1883,1560,1128,797,1691,1870,1830,1947,1660,1157,949,1646,1883,1804,1886,1430,1202,634,1505,1749,1763,1651,992,1000,702,607,58,1829,1897,1604,1273,885,1649,1884,1746
59,Not Accessible,London Overground,2023-05-23,POINT Z (511820.8704 195224.3046 0),,,,,Bushey,1419,646,1779,2056,2122,2127,1734,1515,815,1809,2154,2046,2175,1812,1408,880,1807,2096,2158,2213,1767,1057,604,1831,2173,2090,2162,1764,1376,753,1706,2173,2125,2150,1732,1507,806,1693,2136,2026,2106,1674,1503,722,1606,1923,1894,1824,808,622,9,239,1925,2056,2149,1711,1470,940,1823,2178,2119,993,524,1370,1575,1477,1556,1504,1227,637,1695,1966,2040,1874,1435,947,687,1454,1627,1688,1967,1419,815,456,1526,1696,1477,1658,1564,1130,602,1650,1890,1636,1810,1255,974,641,1197,1484,1970,1628,1401,1005,538,1298,1769,1452,1210,659,573,1,274,1725,1495,2031,1290,916,686,1649,1728,2041
386,Fully Accessible,London Underground,2021-11-29,POINT Z (530558.3633 184969.7784 0),Piccadilly,940GZZLUCAR,"tube, bus",Yes,Caledonian Road,5274,3589,6153,6752,6647,6918,6530,5152,3354,6570,7342,7755,6848,6676,5341,5674,6279,6750,6932,6358,6672,5824,2027,6093,592,6844,6764,6656,5300,3870,5479,7599,6394,6312,6094,4810,3815,5533,7614,3877,6021,5849,6519,3752,5402,6140,6122,5986,4105,4849,2881,2906,5484,7544,6479,6347,5229,3877,4811,6962,6209,5022,3627,5945,6649,6439,6634,5955,4710,2863,6644,7342,7324,6569,6363,5165,5122,6033,6679,6640,6990,6049,5310,2590,5946,1283,6974,6351,6204,5085,3765,5422,6809,6202,6062,5683,4575,3860,5363,6967,4439,5780,5681,5613,3612,5222,5906,5902,5489,3383,3946,2871,3207,5607,7015,6260,6133,5002,3969,5868,7633,6605
109,Fully Accessible,London Overground,2023-05-23,POINT Z (530857.0019 184439.0041 0),,,,,Caledonian Road & Barnsbury,2020,1234,1998,2221,2213,2224,2218,2073,1390,2096,2203,2391,2342,2325,1865,1259,2045,2204,2174,2409,2277,1909,1182,2021,2443,2270,2298,2245,1755,3,1924,2294,2260,2217,2306,2140,1070,2023,2218,2131,2153,2224,2131,1149,1919,2074,2051,2069,1488,1571,1000,989,2006,2287,2295,2259,1951,1360,2000,2528,2219,1975,1349,2072,2443,2387,2496,2338,2248,1584,2190,2145,2539,2463,2337,1860,1227,2202,2381,2408,2524,2377,1821,1263,2121,2463,2386,2398,2290,1720,0,2072,2351,2335,2212,2352,2054,1169,2081,2260,2200,2236,2237,2027,1154,1987,2231,2159,2059,1530,1479,1019,1094,2138,2400,2427,2361,2046,1532,1985,2530,2341
40,Not Accessible,London Overground,2023-05-23,POINT Z (534839.1927 183263.2589 0),,,,,Cambridge Heath,1300,889,1220,1368,1369,1355,1336,1337,1185,1232,1391,1400,1561,1372,1478,1103,1294,1389,1360,1495,1322,1236,1002,1231,1292,1362,1481,1361,1332,1292,1160,1339,1383,1394,1449,1448,1366,1109,1276,1302,1462,1254,1376,934,1145,1288,1287,1241,935,989,889,699,61,1350,1393,1328,1367,1018,1219,1382,1223,1409,894,1296,1451,1414,1444,1490,1530,1174,1250,1406,1512,1539,1455,1563,1121,1442,1421,1441,1510,1503,1225,1059,1263,1308,1423,1559,1469,1407,1591,1200,1444,1512,1447,1495,1576,1344,1227,1338,1419,1467,1346,1476,898,1130,1360,1376,1394,1030,1051,988,695,52,1385,1440,1430,1409,1045,1283,1385,1245
80,Fully Accessible,London Overground,2023-05-23,POINT Z (529144.4256 184196.739 0),,,,,Camden Road,6294,4120,5587,6084,6435,6388,6018,6882,4443,5615,5970,6155,6189,5920,6365,3487,5566,5990,6030,6418,5974,5973,3493,5460,6115,6246,6398,5984,5157,1624,5514,6016,6124,6374,6088,6801,3543,5527,6016,5978,6121,6312,6531,3446,5493,5755,6152,5886,5167,5380,3090,3226,5730,5888,6347,6120,6091,4370,5634,6415,6114,6178,3983,5735,6297,6646,6674,6580,6839,4667,5750,5717,6466,6445,6368,6301,3754,5708,6319,6663,6691,6448,6284,3722,5667,6306,6520,7107,6397,5295,2229,5791,6253,6469,6390,6594,6821,4194,5647,6200,6286,6437,6670,6585,3671,5490,6040,6418,6416,5207,5589,3543,3463,5780,6209,6650,6616,6202,4632,5377,6509,6613
441,Partially Accessible - Interchange Only,London Underground,2021-11-29,POINT Z (528910.2525 183893.5725 0),Northern,940GZZLUCTN,"bus, tube",Yes,Camden Town,35972,23464,23587,24609,24322,25400,29482,35858,28013,20991,21664,21560,22833,28134,34096,26802,21643,22825,21792,25107,27854,33221,24393,21833,22690,23316,22558,27324,33075,18660,21483,21940,21734,19694,27069,30890,24941,24357,26247,26964,28587,32549,34053,26143,28563,27822,31382,33103,30412,32872,26887,20270,22488,23011,27814,30979,34520,26022,21957,24083,23975,41318,28945,24449,25376,25296,27139,31293,42205,28134,21794,22834,22905,24507,29729,40464,27690,22608,25091,23878,25847,30163,39894,24914,22758,23645,24055,22426,29321,40131,27544,22126,22764,22511,24108,28855,37702,26136,25573,27036,28526,29484,34653,38481,26946,29571,28749,33714,36054,33923,35903,27932,20902,23104,23834,28627,32744,38195,27439,23093,25084,24627
213,Fully Accessible,London Underground,2021-11-29,POINT Z (535456.6419 179467.0078 0),Jubilee,940GZZLUCWR,tube,Yes,Canada Water,15310,10824,13929,14337,14021,14731,14925,17667,13030,14052,14280,14282,14517,14828,21276,14494,13434,14809,14987,15615,15442,17124,13599,13920,14355,15111,15493,15280,15300,11539,12719,14125,13704,14683,15707,18312,13816,13558,14617,14977,15113,15623,17050,12129,13383,14522,14694,15453,13658,14609,9766,9991,13420,14026,15198,15296,16736,24998,13143,14388,15323,14779,10820,13557,14241,14079,14386,14374,16121,12432,13869,14150,14022,14108,14489,21125,14845,13000,14919,14433,15279,14877,16239,12593,13734,14541,14629,14938,14677,14809,11551,12976,14031,13979,14305,15483,17873,13084,13350,14678,14795,14856,15352,16901,11805,13117,14270,14605,14688,12755,14102,9321,10946,13713,14076,14837,15165,16967,23472,13112,14402,15279
215,Fully Accessible,London Underground,2021-11-29,POINT Z (537677.3398 180139.731799999 0),Jubilee,940GZZLUCYF,tube,Yes,Canary Wharf,37488,25928,48780,54208,56081,57720,44404,40947,34276,49013,57725,56248,55641,45092,39143,27291,48624,57133,55664,59047,44475,42006,29060,48927,57343,55884,55956,43636,37833,27937,48838,56908,54437,57208,44931,41997,32814,47454,56051,55191,54491,46132,38986,26200,45861,52148,53493,49307,34732,36698,26247,24223,49220,53936,57706,45524,36352,67992,49202,57261,59310,37398,25170,49830,59135,57689,58988,45010,41761,32489,50521,59795,57742,56875,45990,39699,26575,49186,59452,61079,60319,44814,41871,28179,49856,58668,57258,56808,44135,37275,27462,48866,58126,51666,58379,45638,42977,31123,48144,57331,56676,55514,47046,38479,25879,46862,53589,54672,49569,33975,36609,25720,25100,50747,54256,59546,46165,37512,68284,49907,58665,59947
363,Fully Accessible,DLR,2021-09-23,POINT Z (537450.0304 180321.9254 0),,,,,Canary Wharf DLR,7587,5641,9247,11278,10396,10214,8285,224,83,8944,10404,10437,10198,8130,6128,4391,8754,10553,11306,10544,7756,111,65,8709,10244,10059,10463,7733,6963,5571,8635,10276,11564,10344,8009,154,65,8922,10104,10135,10021,7959,7862,5794,8517,9765,9938,9119,4949,5031,3437,3926,8789,9864,10090,8096,7070,13692,8798,10649,10704,8448,6111,8471,11195,11268,11103,8879,59,19,9202,10953,10847,11088,8779,6573,4697,8688,10932,11358,11626,8679,38,18,9115,11031,10853,10691,8586,7922,5938,9029,10989,13836,11163,8885,40,25,9297,10771,10821,11004,9032,8421,5754,8832,10545,10643,10361,6420,6126,4056,4287,9205,11137,10810,8749,7795,14678,9430,10573,11627
505,Fully Accessible,TfL Rail,2022-05-26,POINT Z (537706.7181 180438.080600001 0),Elizabeth Line,,,,Canary Wharf EL,19332,13591,24257,31148,29338,29979,23101,23852,7957,24202,29475,30690,30240,22396,17954,11393,24392,30552,33034,31317,21231,18848,12596,24768,30015,30373,31221,23005,19986,15191,22772,30507,33116,33210,24622,22194,13957,24554,29343,29457,30346,24126,20104,12775,23383,27284,28251,26929,18315,17981,12464,12180,24140,29298,32103,24773,19550,24439,25599,30927,32166,20287,13791,25204,29774,29022,29974,23350,25420,9812,24879,30187,30435,29700,22619,18992,12302,25739,30558,30941,31140,21308,19611,13409,25494,30310,29706,31146,22991,20886,15446,25332,31009,35251,33561,24247,22533,15749,25063,29907,29816,30244,24601,21142,13184,23908,28074,28419,25758,17402,17873,12821,12867,25096,30300,32159,25370,21479,23689,26459,31409,32996
217,Fully Accessible,London Underground,2021-11-29,POINT Z (539428.3256 181377.274 0),Jubilee,940GZZLUCGT,tube,No,Canning Town,26155,20590,16566,18045,18311,18763,18623,20611,16554,17358,18090,18307,18287,19037,18511,14494,16956,18185,18231,19159,18940,20520,14747,16936,18718,18599,18564,19071,26923,20813,16559,18076,18139,18413,18080,20212,16784,16825,18496,17983,18349,18991,18974,14145,16505,17333,18275,18443,17796,17918,13864,12079,16563,16866,18094,18671,18566,15261,16697,17971,18431,26749,19628,16751,18288,18468,19045,19177,20502,15898,17142,18517,18531,18371,19842,18735,14065,16761,18430,18489,19412,19657,20819,13884,16955,19000,18266,18652,19918,26446,19802,16879,18067,18422,18175,19248,20991,15899,16513,18225,18074,18119,19806,18823,13564,16332,17126,18187,18117,17499,17844,13034,12412,16841,17061,18299,19065,19146,14095,16744,18065,18504
160,Partially Accessible,London Underground,2021-11-29,POINT Z (532611.4757 180900.064999999 0),"District, Circle",940GZZLUCST,tube,No,Cannon Street,3266,1951,7191,9572,9195,9713,6111,4397,3172,7557,9708,9272,10002,6223,4697,2463,7729,9369,9443,9669,6131,3705,1336,7247,9422,9364,9599,6220,3530,3645,6663,9444,9191,9955,5944,5384,5373,6982,8749,8870,9246,5960,3829,1274,6822,9031,8380,7584,3708,4170,2520,2354,7619,9209,9096,6307,3708,7982,7771,9444,9749,2711,1579,6641,8668,8231,8589,5296,3648,2240,6792,8665,8251,9179,5485,4019,1961,6949,8740,8605,8598,5332,3073,1286,6680,8563,8465,8840,5455,2765,3090,8081,8679,8305,8659,5393,4780,6761,6348,8201,7942,8232,5629,3896,1274,6153,8408,7597,6478,3355,3795,2045,2183,7122,7780,8579,5603,3215,5038,7139,8883,8746
2,Fully Accessible,London Overground,2023-05-23,POINT Z (532354.9976 185024.996400001 0),,,,,Canonbury,3949,2758,3717,4182,4342,4454,4289,4033,2943,3755,4191,4630,4402,4331,3203,2225,3688,4220,4323,4496,4330,4014,2535,3824,4324,4459,4519,4506,3705,0,3689,4502,4292,4345,4402,4116,2484,3471,4437,4037,4253,4318,4831,2545,3282,3904,4019,3920,3160,2875,2084,2091,3649,4604,4328,4348,4155,3505,3779,4997,4402,3700,2775,3582,4050,4094,4144,3973,4026,3194,3590,4041,4269,4039,3988,2836,2096,3564,3997,4147,4036,4112,3780,2694,3640,4167,4220,4098,4121,3464,6,3576,3915,4062,4037,3961,3964,2518,3250,3878,3786,3749,3757,4395,2565,3151,3608,3665,3418,2761,2487,2039,2323,3528,4103,4099,4029,3942,3363,3661,4281,3999
331,Not Accessible,London Underground,2021-11-29,POINT Z (518186.8967 191252.07 0),Jubilee,940GZZLUCPK,"bus, tube",Yes,Canons Park,2456,1680,3233,3669,3632,3849,3291,3899,1821,3248,3692,3601,3687,3173,2704,2109,3198,4234,3855,3787,3851,2500,1622,4036,3973,3610,3901,3395,2639,1723,3192,3608,3462,3699,3174,2680,2037,3023,3395,3243,3258,3213,3157,2443,2836,3055,3215,3141,2446,2298,1533,1685,3343,3535,3671,3337,3728,2909,3323,3834,3713,2415,1745,3204,3717,3612,3737,3288,3538,1988,3148,3598,3572,3597,3109,2460,2205,3213,4330,3702,3814,3807,2411,1627,4064,3890,3705,3705,3220,2634,1745,3143,3441,3572,3762,3147,2529,2030,3044,3465,3121,3291,3021,3112,2314,2839,3113,3198,3074,2338,2225,1505,1637,3328,3408,3588,3193,3666,2747,3326,3731,3449
58,Fully Accessible,London Overground,2023-05-23,POINT Z (511849.9984 193334.930500001 0),,,,,Carpenders Park,1414,807,1780,1999,2064,2037,1966,1500,887,1885,2078,2003,2081,1906,1423,920,1883,2037,1998,2081,1949,1415,779,1901,2035,2057,2058,1975,1566,940,1876,2149,2089,2101,2067,1494,940,1718,1833,1861,1851,1757,1467,886,1629,1607,1776,1813,1370,1125,0,609,1983,1941,2013,1981,1449,928,1856,2058,2072,1337,868,1830,2026,2123,2046,1980,1471,893,1936,2114,2076,2113,1914,1315,920,1896,2084,2025,2105,1940,1330,796,1917,2075,2083,2083,1951,1444,941,1883,2130,2164,2151,2060,1434,950,1695,1816,1867,1770,1792,1372,898,1675,1590,1788,1710,1292,1083,2,615,1971,2042,2102,1961,1384,965,1865,2061,2098
504,Fully Accessible,TfL Rail,2022-05-26,POINT Z (547602.7066 187606.6767 0),Elizabeth Line,,,,Chadwell Heath,6092,3841,7309,7808,7777,8008,7384,5566,3421,7992,7949,7779,7763,7379,5333,3617,7359,7805,7955,8060,7390,5184,3547,7414,7742,7814,7912,7514,5691,4142,6851,7606,7905,7986,7561,5898,4066,7089,7886,7369,7561,7402,5681,3776,6800,7049,7355,7475,4796,5405,3301,3709,7226,7476,7850,7475,5716,3567,7315,7811,8025,5361,3633,7024,7493,7434,7773,6960,5022,3315,7405,7698,7492,7490,6931,4767,3429,7139,7597,7550,7557,7017,4656,3440,7160,7470,7551,7632,6963,5270,4408,6335,7431,7304,7000,7031,5302,3893,6774,7331,7027,7234,6941,5283,3597,6486,6802,7030,6926,4404,4857,3237,3496,6976,7118,7410,6884,4996,3833,7103,7522,7629
239,Fully Accessible,London Underground,2021-11-29,POINT Z (499633.5338 197564.355 0),Metropolitan,940GZZLUCAL,tube,No,Chalfont & Latimer,1118,664,1857,2228,2185,2318,1838,1271,803,1931,2287,2332,2235,1773,1202,927,1901,2278,2300,2439,1951,1411,687,2083,2322,2321,2537,1866,1501,910,1866,2201,2238,2340,2047,1322,911,1512,1716,1768,1869,1373,1267,907,1395,1654,1693,1542,945,1230,670,751,1636,2206,2363,1795,1381,1182,1834,2261,2157,1151,688,1838,2056,2176,2336,1797,1262,768,1820,2188,2261,2142,1706,1233,868,1811,2226,2274,2294,1901,1423,690,2087,2230,2260,2349,1838,1438,825,1777,2210,2178,2274,1847,1263,935,1512,1678,1786,1875,1397,1262,851,1376,1597,1718,1586,1014,1305,679,601,1572,2215,2279,1726,1288,1152,1799,2202,2118
233,Not Accessible,London Underground,2021-11-29,POINT Z (528202.4569 184390.607000001 0),Northern,940GZZLUCFM,"bus, tube",Yes,Chalk Farm,9454,7359,6495,7724,7348,7956,8281,11415,7356,6051,7683,8282,8979,8561,10021,6007,6149,7030,7396,8894,8386,9951,5764,7466,7517,7630,7887,8613,12352,7628,8014,7172,7281,7665,8992,11260,6875,6504,7152,7933,8304,9866,11079,5742,6431,7224,7831,8533,7961,7686,5465,4744,6794,6751,7572,7192,10186,7557,6549,7625,9028,7004,5590,5628,6878,6337,6791,7217,8827,5785,5179,6495,7321,7646,7360,7392,4792,5314,5465,6237,8005,7342,7265,4551,6274,6530,6374,6731,7093,9239,5660,6742,6276,6182,6247,7590,8733,5520,5308,5968,6803,6847,8261,8475,4529,5158,5761,6326,6507,5344,5164,3961,3903,5934,5772,6388,5946,7555,5937,5475,6541,7812
212,Not Accessible,London Underground,2021-11-29,POINT Z (531123.9465 181615.465500001 0),Central,940GZZLUCHL,"tube, bus",Yes,Chancery Lane,5020,2806,13761,17023,17471,17700,11635,4912,2912,13778,17456,18156,18178,11741,5108,2202,12469,19851,16857,17466,11556,5016,2496,13445,17181,16765,17094,11499,5147,2554,12041,16000,16084,15874,10816,4652,3191,11986,15483,15325,15267,10140,4881,2642,11566,15188,14380,12844,3603,3814,2024,2407,12746,15199,16328,11045,4830,2833,11384,15881,15932,4950,2792,14871,17264,18872,19193,12447,5211,3009,14625,18994,18565,19412,12486,5138,2421,14506,18689,18120,19440,12359,5141,2754,14684,18483,18199,17108,12481,5119,2571,13046,17139,17319,17665,11702,4813,3302,13121,16898,16646,17119,11306,5079,2762,12656,16573,15483,14004,3649,3716,2104,2771,14439,16941,18055,11854,5025,2744,12138,17249,17618
269,Fully Accessible,London Underground,2021-11-29,POINT Z (530057.6992 180378.381899999 0),"Bakerloo, Northern",940GZZLUCHX,tube,Yes,Charing Cross,26042,14895,20125,24099,24439,26143,23646,28444,15518,20323,23526,24808,26777,23789,30370,21729,20382,23325,24084,25818,23638,25088,15617,20146,23414,24356,25664,23912,24158,14628,19148,22457,23509,23302,21596,24294,23136,20119,23512,24351,25021,23160,19356,12435,21673,24936,23685,23566,20133,22842,11934,12566,19208,22634,24148,22267,28986,31129,18275,21302,22532,23553,12494,18805,22566,22866,24415,21639,24672,13579,19713,22484,23666,26044,22470,24674,20221,18976,22510,22709,25237,22269,24538,14802,19386,22336,23012,24994,22425,22986,13797,18716,21903,22744,26325,20812,24034,20219,19261,22428,23174,23958,21945,18383,10407,20170,23893,24056,23538,22319,23873,11472,12698,19805,23029,24647,22471,29758,19628,18793,21687,22171
473,Fully Accessible,London Underground,2021-11-29,POINT Z (496079.3711 201633.0847 0),Metropolitan,940GZZLUCSM,tube,No,Chesham,1299,811,1665,1898,1952,2037,1669,1407,821,1697,1716,1936,1711,1448,1346,816,1667,2015,1948,2060,1750,1166,732,1750,2035,2025,2036,1575,1455,778,1579,1890,1883,1981,1535,1269,850,1418,1749,1506,1682,1413,1459,718,1395,1504,1581,1542,1093,1537,847,964,1589,1799,1948,1588,1419,1069,1691,1905,1965,1126,655,1504,1577,1793,1890,1538,1181,720,1581,1724,1845,1451,1453,1136,691,1612,1836,1767,1862,1629,1089,674,1593,1872,1812,1874,1525,1324,676,1414,1778,1725,1748,1291,1107,718,1329,1490,1426,1560,1242,1381,671,1859,1401,1483,1392,1028,1378,765,752,1366,1724,1807,1480,1263,902,1618,1782,1798
31,Not Accessible,London Overground,2023-05-23,POINT Z (536656.9984 202283.995999999 0),,,,,Cheshunt,2568,1396,2626,3004,2989,3148,2702,2759,2567,2638,2979,3028,3625,2736,2638,1579,2853,3049,2980,3095,2724,3329,1947,2655,3060,3141,3193,2728,2475,1392,2686,3218,3165,3389,2944,2720,2500,2722,3244,3105,4013,2868,2908,1456,2649,2887,2996,3100,2116,2262,1252,2269,3102,3189,3325,2977,3467,2170,2935,3560,3435,2429,1544,2679,3105,3096,3218,2717,2743,2339,2730,3072,3134,3315,2695,2476,1661,2814,3135,3076,3140,2651,2805,1938,2713,3219,3215,3186,2666,2327,1625,2734,3247,3229,3348,2793,2590,1954,2729,3229,3074,3382,2808,2766,1434,2614,2960,3039,3151,1997,2109,1292,1534,3114,3246,3340,2847,2954,2260,2905,3450,3368
124,Not Accessible,London Underground,2021-11-29,POINT Z (543795.2009 193021.039000001 0),Central,940GZZLUCWL,"bus, tube",No,Chigwell,274,170,568,617,614,676,569,312,162,600,688,699,691,566,3,0,582,676,636,668,548,250,155,545,580,583,618,558,262,161,439,533,577,563,494,274,142,424,482,467,511,374,292,184,418,479,462,428,257,231,144,179,556,578,622,560,347,207,563,625,651,261,166,481,524,538,559,471,307,164,516,614,572,661,478,4,0,403,576,581,580,466,238,184,499,547,525,554,461,208,163,408,519,498,518,479,266,128,377,412,430,466,346,272,178,376,447,431,404,252,214,143,179,510,477,559,473,315,216,483,583,547
34,Not Accessible,London Overground,2023-05-23,POINT Z (539210.9968 194619.0001 0),,,,,Chingford,2877,1592,3049,3908,3553,3619,3118,2906,2190,3026,3573,3740,3707,3119,4697,2900,3140,3651,3661,3732,3128,2634,1521,3138,3526,3706,4087,3258,2840,2194,3068,3726,3649,3653,3256,2932,2392,2939,3654,3356,3509,3055,3228,1344,2825,3247,3312,3220,2052,2442,1587,1573,3281,3590,3691,3202,2931,2302,3308,3908,3737,2676,1658,3084,3563,3499,3563,3136,2790,2164,2997,3567,3793,3570,3030,4185,2944,4488,3655,3682,3745,3257,2461,1495,3200,3582,3745,3847,3221,2718,2193,3004,3591,3597,3451,3161,2834,2323,3010,3625,3356,3465,3062,3059,1520,2843,3221,3254,3164,2062,2411,1582,1622,3331,3572,3692,3122,2835,2337,3276,3885,3471
176,Not Accessible,London Underground,2021-11-29,POINT Z (520293.2801 178723.680199999 0),District,940GZZLUCWP,"bus, tube",No,Chiswick Park,2032,1512,2986,3593,3576,3667,3080,2507,1653,3025,3647,3502,3630,3001,2453,1654,3135,3609,3523,3598,2960,1816,1125,3025,3563,3657,3680,3078,2474,1691,2895,3610,3487,3528,2650,1861,2521,2675,3128,3305,3388,2933,2204,1742,3069,3281,3248,3605,1815,1857,1178,1319,2979,3225,3553,2866,2412,1810,2978,3792,3609,1791,1276,3281,4013,3893,4059,3252,2602,1821,3349,4036,3843,3888,3224,2482,1778,3337,3877,3920,3835,3047,1888,1365,3324,3908,3936,3939,3245,2594,1887,3239,4038,3798,3830,2247,1162,1316,2595,2550,3496,3606,3256,2249,1825,3288,3532,3560,3747,1788,2044,1302,1593,3309,3671,3989,3138,2522,1987,3347,4093,3951
240,Fully Accessible,London Underground,2021-11-29,POINT Z (502580.7743 196094.9067 0),Metropolitan,940GZZLUCYD,tube,No,Chorleywood,865,506,1373,1540,1607,1607,1372,1028,598,1318,1530,1628,1595,1263,878,581,1280,1592,1603,1702,1360,825,462,1436,1574,1577,1654,1340,844,690,1359,1620,1575,1681,1096,897,607,1096,1295,1201,1324,1069,922,691,1066,1198,1260,1249,784,805,444,569,1461,1599,1655,1339,1061,855,1300,1667,1533,802,505,1255,1432,1465,1513,1265,957,566,1199,1426,1483,1412,1150,831,509,1153,1469,1487,1576,1206,759,460,1256,1385,1450,1508,1264,852,608,1159,1437,1406,1529,1037,836,601,957,1189,1137,1173,958,865,616,963,1099,1196,1190,706,839,438,438,1271,1397,1561,1222,934,762,1192,1506,1393
227,Not Accessible,London Underground,2021-11-29,POINT Z (529504.8104 175338.249199999 0),Northern,940GZZLUCPC,"tube, bus",Yes,Clapham Common,13226,7769,10169,11305,11427,11831,11991,13688,7822,9537,10981,11201,11778,11859,13916,8181,9689,10981,11289,12038,11843,12590,7195,9606,10805,11139,10848,11891,12039,7947,9013,10854,11021,10205,11974,13319,8200,9078,10460,10584,11149,11841,13554,7625,8888,10251,10724,10779,9100,8600,5348,5325,9129,10821,11401,11918,13075,9851,9719,11061,11573,14072,8330,11128,13033,13086,13434,12844,14295,8727,10754,12678,12942,13558,12658,15074,9043,11071,12612,12587,13906,12618,13665,7826,10720,12625,12814,13582,12834,13083,8932,10458,12670,12843,9881,13351,14429,8985,10337,12076,12347,12906,13075,14558,8598,10047,11779,12020,11697,9270,9169,6098,6851,10948,12363,13215,13015,14469,10596,11042,13073,13744
64,Not Accessible,London Overground,2023-05-23,POINT Z (529833.4787 175711.440099999 0),,,,,Clapham High Street,2145,1182,1545,2194,2215,2269,2261,2298,1177,1628,2234,2184,2130,2083,0,0,1815,2102,2158,1980,2037,2078,930,1893,2227,2209,2435,2198,2116,2,1849,2277,2236,2516,2301,2240,1370,1268,2095,1944,2122,2227,2191,1441,1792,2017,2103,2099,0,1,0,1,1760,2010,2187,2139,2271,1975,1884,2261,2278,2010,1248,1612,2043,2143,2146,2161,2375,1236,1640,2110,2004,1986,2048,0,0,1808,2080,2100,1779,2080,2132,1065,1873,2090,2032,2060,2109,2073,0,1871,2041,2073,2277,2176,2280,1426,1383,1874,1823,1957,2093,2252,1318,1800,2026,1963,1923,0,0,0,1,1556,2060,2020,2065,2148,1542,1861,2140,2170
63,Fully Accessible,London Overground,2023-05-23,POINT Z (527096.4154 175577.748400001 0),,,,,Clapham Junction,25696,17168,25597,29420,29498,31272,27894,27385,18680,25836,28980,29767,30811,28342,27140,16739,25878,29592,29916,31357,28863,26065,16035,26139,29394,30525,32282,29291,26396,16354,25179,28927,29492,30608,27761,26257,18119,24231,27555,27717,28579,26141,24431,13088,23134,26787,27811,27805,18221,17366,11286,12397,25513,28240,29858,28187,27513,22307,23831,30140,30341,25948,18566,25731,29415,28990,30082,27408,27515,20000,24748,28562,29064,29727,27119,27902,17999,25843,29178,29127,30498,28011,26290,16956,25994,29160,29799,30508,28218,26551,17939,25304,28681,28692,30064,27357,26988,18780,24360,27229,26841,27946,25934,24207,12891,23338,26991,26775,25300,17896,17875,12382,15729,26452,28227,29176,28062,27694,23066,24622,29347,29291
228,Partially Accessible - Interchange Only,London Underground,2021-11-29,POINT Z (530038.9661 175743.4515 0),Northern,940GZZLUCPN,"tube, bus",Yes,Clapham North,8359,4777,6315,6951,7077,7513,8048,8389,4958,6430,7015,7217,7496,7861,8854,4879,6347,6919,7038,7643,7971,8455,4671,6353,6885,7183,6849,7950,8016,4529,6032,6949,7203,6839,8054,8352,5138,6085,6709,6963,7256,7956,8356,4708,6120,6989,7129,7247,6138,5425,3400,3292,5853,7044,7373,7831,8657,6569,6350,6962,7399,8492,5069,6850,8081,8189,8564,8025,8472,5230,6947,7980,8148,8537,7893,9323,5031,6907,7779,7885,8646,7862,8552,4866,6949,7995,8120,9043,7901,7945,4958,6770,8059,8222,6595,8012,8457,5285,6392,7856,7880,8251,7951,8468,5112,6537,7840,7792,7408,5303,5125,3591,4490,7173,7975,8364,8110,8937,6586,6719,8085,8236
226,Not Accessible,London Underground,2021-11-29,POINT Z (528834.0334 174322.7074 0),Northern,940GZZLUCPS,"tube, bus",Yes,Clapham South,8428,5133,8225,10702,10667,11031,9675,8433,5088,9188,10588,10560,10724,9464,8574,5265,9021,10557,10523,11070,9376,8561,5172,9141,10526,10690,9917,9652,8110,4962,8580,10530,10423,10335,9547,8315,5616,8418,10059,10149,10220,9057,8422,5483,8193,9783,9850,9976,6392,5843,3661,3797,8891,10509,10940,9599,8995,7314,9101,10531,10852,8224,5591,8969,10808,10798,10812,9368,8149,5550,9267,10544,10793,10634,9031,8393,5639,9170,10682,10733,11105,9300,8551,5507,9299,10767,10682,10789,9050,7790,5733,8778,10490,10448,8182,9035,8074,5806,8455,9977,9968,10008,8772,8592,5779,8186,9832,9623,8568,5708,5445,3901,5143,9653,10694,10918,9465,9007,7162,9234,10839,10917
32,Not Accessible,London Overground,2023-05-23,POINT Z (534799.0272 186554.1921 0),,,,,Clapton,2700,1525,2882,3197,3161,3351,3155,2755,1855,2794,3187,3278,3488,3221,2789,1868,2839,3235,3101,3436,3158,2298,1684,2806,3204,3253,3401,3262,2728,1862,2656,3077,3320,3386,3199,2691,1838,2612,3017,3001,3202,2977,2699,1367,2438,2997,3114,3135,2137,2335,1504,1493,3273,3277,3279,3064,2693,1970,2842,3220,3075,2385,1576,2754,2843,2974,2967,2640,2414,1711,2651,2937,3066,3110,2680,2459,1809,2609,2949,2866,3129,2781,1911,1595,2677,2907,2831,3081,2795,2321,1815,2413,2716,2770,2783,2814,2392,1787,2417,2707,2701,2833,2497,2315,1389,2276,2746,2775,2631,1842,1966,1344,1627,3264,2916,3030,2686,2372,1959,2538,2910,2669
154,Not Accessible,London Underground,2021-11-29,POINT Z (528140.5216 196370.205600001 0),Piccadilly,940GZZLUCKS,"bus, tube",Yes,Cockfosters,2277,1508,2053,2121,2069,2274,2219,0,0,2133,2156,2457,2153,2018,2556,2340,2059,2230,2227,2170,2304,2647,1073,2043,2293,2508,2304,2178,2216,1467,1976,2616,2209,2211,2213,2488,1772,2067,2846,2256,2354,2349,2941,1704,2057,2320,2348,2475,1810,2777,1391,1454,2153,2744,2366,2240,2518,1932,2002,2900,2290,2291,1654,2014,2217,2112,2360,2159,0,0,2343,2149,2434,1813,1997,2338,2532,2193,2286,2249,2319,2300,2593,1226,2084,2338,2527,2354,2223,2372,1591,1948,2500,2320,2273,2237,2428,1863,2024,2744,2409,2426,2454,2981,1796,2088,2357,2348,3085,1783,3059,1500,1439,2175,2710,2375,2228,2371,2142,2078,2992,2397
135,Not Accessible,London Underground,2021-11-29,POINT Z (521318.6301 189961.520300001 0),Northern,940GZZLUCND,"tube, bus",Yes,Colindale,6947,5202,8032,9009,8977,9065,8365,7259,5271,8019,8921,8916,9057,8450,6981,5277,8091,6601,8142,9131,8074,6602,4695,8065,8842,8708,8140,8162,6969,5450,7808,8802,8786,8839,8397,7038,5253,7860,9019,8587,8831,8141,7323,5181,7829,8399,8665,8680,6303,6256,4737,4479,8226,8339,8764,8338,6874,5483,8332,9302,9133,6456,5066,7782,8680,8688,8544,7910,6762,5171,7755,8543,8587,8536,7882,6484,4930,7693,3308,7451,8539,7427,6147,4627,7630,8384,8392,7957,7659,6458,5427,7471,8483,8419,8035,7836,5872,5168,7593,8623,8102,8330,7675,6799,4719,7450,8003,8174,7891,5580,5902,4491,4347,7786,8053,8210,7782,6478,5180,7830,8862,8662
222,Not Accessible,London Underground,2021-11-29,POINT Z (526787.9528 170368.2575 0),Northern,940GZZLUCSD,"bus, tube",Yes,Colliers Wood,7410,5324,7895,8843,8829,9011,8590,7931,5379,7847,8766,8860,8888,8292,7506,5187,7811,8829,8909,9093,8519,7329,5022,7945,8823,8934,8755,8816,7854,5300,7699,8618,8759,8616,8391,7562,5541,7647,8669,8519,8643,8235,7579,5078,7428,8372,8395,8427,6271,6396,4124,4348,7835,8431,8839,8372,8004,5716,7863,8690,8883,7106,5474,7727,8673,8611,8701,8208,7487,5368,7516,8400,8526,8418,7919,7235,5219,7742,8437,8529,8559,8016,6929,5075,7750,8518,8578,8682,8184,7486,5453,7469,8381,8356,6760,7906,7246,5427,7363,8300,8293,8203,7784,7169,5086,7234,8121,8078,7731,5736,6006,3998,4624,7717,8178,8513,7897,7506,5548,7466,8402,8489
148,Not Accessible,London Underground,2021-11-29,POINT Z (530250.6062 181025.0034 0),Piccadilly,940GZZLUCGN,tube,Yes,Covent Garden,23286,12695,12810,14745,13422,15552,16244,21043,12055,12996,14207,14599,16163,16699,16359,16088,13932,14522,14079,15258,16082,21075,9729,12950,14160,14480,16258,17061,21099,13574,13221,13553,14899,15701,15032,20109,13770,13714,16115,17142,17228,17251,21034,13854,15788,17791,18441,18366,16401,19383,11009,11245,12703,14523,16499,16745,22494,15630,12617,13576,14344,27776,14325,14007,15839,14495,17868,19310,25825,13842,14368,15315,15552,18077,19126,35089,18987,15245,15711,15881,16161,19626,27920,9808,14783,16324,16439,19410,20491,27396,15671,15125,17137,16790,18580,18083,25620,15362,15777,18742,19904,20054,21127,27516,15752,18758,20592,21706,22315,20197,24391,13842,13729,15067,17067,19368,20524,29087,14841,14311,15418,16639
499,Fully Accessible,DLR,2021-09-23,POINT Z (537927.0451 179308.9153 0),,,,,Crossharbour,2866,1999,3191,3441,3391,3500,3372,16,5,3258,3343,3420,3547,3200,2555,1821,3084,3586,3439,3506,3307,3,5,3112,3317,3482,3459,3337,2682,2122,2827,3263,3377,3359,3226,15,7,2923,3257,3173,3374,3124,2823,2060,2880,3130,3299,3337,2229,2228,1629,1672,2990,3253,3241,3278,2728,4868,3112,3400,3630,2425,1814,2810,3152,3138,3162,2942,1,1,2978,3062,3060,3130,2895,2189,1759,2861,3158,3106,3123,2853,3,1,2830,3039,3015,3080,2957,2316,1916,2586,3059,3007,2974,2731,3,0,2760,2976,2833,2925,2626,2430,1811,2596,2742,2927,2839,1763,1885,1320,1567,2730,2912,2917,2906,2514,3521,2836,3116,3124
108,Not Accessible,London Overground,2023-05-23,POINT Z (530642.0037 187555.0022 0),,,,,Crouch Hill,1438,0,1241,1343,1366,1338,1458,1438,1050,1249,1292,1302,1367,1353,1305,921,1233,1247,1300,1421,904,1233,715,1220,1342,1315,1365,1369,1223,865,1236,1295,1392,1354,1334,1406,888,1183,1282,1169,1270,1383,1341,761,1126,1080,1211,1191,950,990,656,728,1266,1297,1345,1418,1290,967,1330,1460,1382,1403,0,1197,1271,1354,1241,1425,1459,1046,1226,1264,1340,1348,1288,1369,890,1248,1226,1349,1426,906,1282,762,1279,1333,1280,1376,1373,1222,859,1184,1291,1347,1328,1319,1346,876,1175,1234,1177,1306,1306,1324,742,1130,1098,1230,1199,953,967,620,726,1265,1320,1360,1521,1326,1034,1273,1412,1333
477,Not Accessible,London Underground,2021-11-29,POINT Z (507909.4599 195402.8332 0),Metropolitan,940GZZLUCXY,tube,No,Croxley,880,447,1485,1664,1588,1761,1482,936,525,1498,1630,1740,1590,1178,810,567,1446,1756,1672,1810,1533,963,411,1641,1695,1682,1776,1404,876,534,1427,1723,1718,1743,1166,952,539,920,1529,1456,1464,1255,939,625,1150,1314,1371,1249,679,911,499,614,1548,1726,1796,1441,745,832,1431,1749,1700,879,486,1479,1771,1589,1770,1465,939,543,1460,1682,1727,1678,1245,846,671,1453,1724,1648,1804,1516,933,479,1586,1737,1707,1735,1423,891,528,1369,1747,1715,1840,1313,920,576,1252,1506,1484,1501,1227,898,632,1189,1346,1360,1262,728,910,544,612,1568,1696,1797,1484,464,797,1416,1805,1706
94,Fully Accessible,London Overground,2023-05-23,POINT Z (534146.0756 170537.974199999 0),,,,,Crystal Palace,3671,2492,3701,4262,4154,4203,3693,3724,2340,3509,4003,4181,4145,3608,3068,1840,3403,4072,4137,4346,3700,3522,2390,3415,4134,4272,4189,3683,3580,2279,3373,4018,4110,4201,3681,3962,2710,3391,3882,4566,4073,4256,3749,1944,3219,3611,3874,3669,2842,2848,1913,1841,3561,3986,4026,3618,3863,2653,3454,4166,4345,3494,2494,3493,3979,4180,4409,3697,3813,2524,3466,4166,4190,4132,3443,2956,1751,3442,4222,4225,4524,3691,3519,2510,3575,4178,4365,4178,3584,3551,2379,3517,4339,4217,4178,3748,4091,2872,3439,4001,4483,5024,4348,3824,1891,3348,3790,4291,3712,2756,2950,2005,2196,3823,4285,4281,3652,3782,2569,3679,4313,4535
464,Fully Accessible,DLR,2021-09-23,POINT Z (540730.8798 180925.067500001 0),,,,,Custom House DLR,272,170,4423,4410,5108,4546,5140,4739,4993,4665,5164,6981,5586,3699,2709,1821,4957,6055,5711,4714,3296,2565,1783,5052,6369,5164,3645,4525,178,68,4020,5738,7464,6749,4706,2876,2184,3750,4200,4013,4259,4159,5480,2433,3474,3735,4188,3681,2766,2977,1752,1941,3773,7378,7461,7661,7081,2339,4747,5227,8935,41,124,3390,3213,3747,3047,3810,4284,5970,3272,3611,5312,4123,2530,1769,1232,3783,5474,5194,3592,2398,1698,1149,3693,4983,4167,2543,3641,23,11,2803,4412,6989,6239,4085,1922,1485,2623,2871,2675,2883,3298,4504,2131,2280,2337,2690,2610,2275,1776,1215,1282,2447,7053,7003,6822,7049,1481,3478,3831,9115
404,Fully Accessible,TfL Rail,2022-05-26,POINT Z (540872.7513 180939.057800001 0),Elizabeth Line,,,,Custom House EL,15222,14444,14372,13791,16908,14180,15039,18590,8370,13416,15488,19983,17405,12195,10400,7125,14919,20075,18863,15746,11625,10270,7276,15498,19389,16775,12605,15377,15384,12053,12533,17059,24948,23403,17560,12655,8950,12315,13475,13185,14091,15935,18189,9568,11987,12218,13586,13503,11400,11539,8025,7674,11635,25346,27928,26678,24506,8265,18363,18563,31392,14550,13937,14064,14242,16266,14132,15167,18525,5391,13322,15141,19313,15995,12000,10262,6716,15438,18709,18286,15035,11132,10345,6994,15777,19206,16061,12127,15176,14847,11199,13085,17323,24076,22157,16060,12445,8497,12302,13502,13050,13871,15607,17629,9206,11694,12298,13814,12950,12253,10785,7284,7666,12168,25227,26641,26608,26207,8570,18133,18996,31002
365,Fully Accessible,DLR,2021-09-23,POINT Z (538206.0508 177732.873299999 0),,,,,Cutty Sark,9287,8071,7335,8052,7497,8156,7593,0,0,6778,7448,6605,7337,7225,8088,6105,6715,7909,7360,8746,7261,0,0,7043,7668,7042,7737,6888,9691,8088,7124,7071,6879,7066,7763,0,0,5926,6237,6223,6425,7898,10853,7722,6769,5360,6865,7594,7423,7561,5863,4605,5433,5171,6144,6571,7852,6375,6157,6550,6747,7732,6495,6404,7289,6611,7138,6605,0,0,5954,6544,5868,6485,6259,6332,4756,6110,6991,6558,7521,6199,0,0,6239,6545,6332,6701,5821,7348,6788,6052,6541,6119,5934,6610,0,0,4815,5270,5119,5306,6383,9552,5779,5530,4685,5809,6103,5937,6104,4465,3683,4679,4553,5169,5484,6529,1486,5294,5631,5669
465,Fully Accessible,DLR,2021-09-23,POINT Z (543330.9115 180860.0165 0),,,,,Cyprus,0,0,2380,2628,2407,2346,1827,613,402,2498,2659,2431,2326,1791,587,448,2328,2693,2441,2212,1800,493,368,2368,2543,2290,2260,1788,0,0,1915,2449,2272,2205,1830,675,476,2058,2347,1903,1901,1563,687,458,1036,999,1110,927,483,440,349,362,1138,1307,1231,1068,686,415,1782,1840,1984,0,0,2427,2639,2350,2326,1703,508,334,2380,2596,2354,2194,1677,528,383,2363,2596,2321,2204,1688,414,350,2341,2429,2156,2173,1611,0,0,1942,2412,2124,2074,1663,579,374,2013,2232,1846,1877,1368,585,374,965,911,1015,861,403,378,307,324,1098,1228,1145,973,557,383,1726,1885,1871
190,Not Accessible,London Underground,2021-11-29,POINT Z (550293.9749 185030.270500001 0),District,940GZZLUDGE,"tube, bus",No,Dagenham East,0,0,4566,4820,4771,4845,4699,3220,2228,4467,4702,4991,4860,4509,3298,2075,4515,5033,5019,5067,4683,2973,2573,4869,4987,4872,4930,4844,3467,2440,4472,5002,4912,5300,4635,3228,2199,4381,4460,4550,4653,4391,3649,2244,4113,4141,4311,4358,2875,3332,2062,2212,4429,4413,4747,4849,3598,2484,4528,4780,4903,3,0,4250,4358,4483,4475,4279,2925,1977,4293,4434,4634,4475,4097,2940,1983,4102,4679,4671,4852,4282,2741,2344,4448,4576,4575,4664,4359,3197,2368,4056,4598,4575,4845,4267,2901,2069,3938,4217,4163,4293,3889,3350,2076,3819,3773,4061,4014,2706,3161,1964,2008,4133,4251,4386,4351,3314,2268,4269,4381,4413
390,Fully Accessible,London Underground,2021-11-29,POINT Z (549022.5413 184709.7413 0),District,940GZZLUDGY,"tube, bus",No,Dagenham Heathway,0,0,8164,8228,8738,8852,8610,6011,3701,8114,8170,8356,8250,7951,5492,3905,8130,8661,8546,8805,8478,5952,4012,8426,8687,8689,8602,8261,6067,4591,7843,8689,8581,8609,8334,5920,4041,7086,7543,7359,8081,7748,6047,4199,7440,7448,8006,7994,5421,5296,3737,4016,8184,8108,8522,8319,5935,4482,8347,8711,8753,0,0,8118,8262,8507,8688,8505,5976,3970,8341,8403,8264,8090,7709,5336,3770,8237,8426,8424,8826,8322,5580,3974,8369,8520,8517,8525,8219,5831,4563,7906,8568,8471,8625,8146,5768,4027,7189,7749,7468,8041,7319,5526,4184,7375,7373,7825,7859,5192,5206,3838,4098,7963,7895,8316,8150,5571,4340,8230,8650,8714
3,Fully Accessible,London Overground,2023-05-23,POINT Z (533575.2999 184768.012599999 0),,,,,Dalston Junction,8547,5112,5773,7017,7424,8033,8685,8968,5267,5344,7587,7434,8175,7906,0,0,6300,7158,7948,7981,8428,9291,5104,6458,7263,7531,7992,8802,9850,5712,6016,7430,7376,7984,8657,8683,5268,6199,7227,7408,7965,8145,8990,5364,6151,7135,7838,7746,6236,5358,4063,3686,6596,7100,7682,8471,8598,6651,7040,7406,8052,9172,5659,6289,7374,7620,8404,9114,9816,5909,5703,7873,7875,8533,8693,3,2,6461,7586,8640,8126,8819,9919,5622,6572,7510,7724,7962,9063,10709,5168,6272,7323,7616,8239,8914,9207,5963,6620,7330,7442,8170,8580,9530,5915,6120,6991,8136,8038,6152,5676,4393,4397,6738,7270,7838,8812,9323,6094,6688,7592,8406
107,Not Accessible,London Overground,2023-05-23,POINT Z (533516.0375 185006.074999999 0),,,,,Dalston Kingsland,9327,5077,7356,7878,8020,8565,9128,9512,5838,7527,7234,8210,9040,8974,11930,6742,7004,7822,7455,8316,8715,9063,4836,6909,7747,7973,8207,8933,7873,0,6705,7812,7808,8110,8952,9154,4365,6832,7586,7543,8105,8710,9311,4704,6421,7382,8092,8394,6720,7155,3829,4560,7531,7374,7946,8839,8854,5015,5930,7615,7689,9351,4845,7177,7607,7767,8330,9670,9656,5582,7435,7159,7917,8689,8977,13187,6853,7023,7670,6703,7942,9161,9334,4952,6737,7736,7975,7971,9265,7565,20,6718,7672,7522,7880,9173,9924,4372,6534,7599,7527,8080,8675,9844,4760,6422,7103,7658,8272,6878,7476,4134,4892,7386,7332,8026,9021,9056,5149,6163,7271,7253
250,Partially Accessible,London Underground,2021-11-29,POINT Z (544272.9229 196121.782099999 0),Central,940GZZLUDBN,tube,No,Debden,2322,1260,3300,3662,3663,3691,3277,2393,1329,3385,3730,3681,3691,3185,4,4,3366,3731,3569,3803,3105,2221,1182,3357,3661,3443,3377,2969,1877,1280,3163,3583,3550,3502,3151,2376,1302,2882,3339,3219,3285,2792,2079,1230,2895,3089,3290,3069,1832,1927,1023,1225,3368,3368,3619,3107,2363,1780,3231,3732,3803,2153,1248,3102,3466,3519,3333,3101,2239,1373,3189,3546,3548,3439,2961,3,6,2941,3607,3398,3560,3086,2089,1167,3180,3539,3264,3261,2876,1844,1303,2929,3413,3348,3357,3100,2208,1317,2706,3143,3060,2958,2659,2011,1244,2724,2968,3072,2844,1661,1851,1037,1210,3245,3280,3473,3020,2142,1769,3074,3548,3432
93,Not Accessible,London Overground,2023-05-23,POINT Z (532799.7781 176071.288000001 0),,,,,Denmark Hill,4880,3037,8640,9879,9796,10094,9076,4965,3265,8497,9585,9768,9869,8693,0,2,8398,10078,9600,8579,8567,4713,2707,8469,9293,9357,9228,8374,4922,881,8042,9073,9352,9339,8630,4216,2638,7226,8738,9058,8984,8199,4827,3078,8053,8781,8812,8345,1637,1537,628,843,8191,9349,9438,8740,5251,3971,8887,9430,9950,5003,3172,8401,9815,9508,9867,8738,4677,3293,8341,9527,9622,9275,8562,0,0,8542,9478,9497,9135,8229,4494,2953,8638,9314,9335,8966,8406,4899,855,8024,9132,9385,9243,8503,4089,2716,6789,8727,8933,8789,7973,4771,3492,8158,8756,8973,8081,1583,1457,603,933,8666,9432,9287,8793,5176,3786,8756,9496,9947
366,Fully Accessible,DLR,2021-09-23,POINT Z (537438.0157 176891.869100001 0),,,,,Deptford Bridge,2309,1702,2397,2724,2673,2664,2517,145,51,2559,2593,2574,2711,2570,2934,2084,2296,2519,2575,2686,2326,88,49,2334,2649,2669,2682,2342,2201,1804,2157,2468,2505,2553,2476,125,42,2121,2344,2422,2482,2277,2317,1643,1969,2390,2439,2486,1720,1801,1122,1157,2062,2394,2498,2397,2421,3772,2465,2431,2588,2105,1557,2153,2552,2422,2483,2269,5,0,2336,2487,2343,2392,2300,2626,1864,2146,2426,2379,2393,2130,2,4,2205,2408,2394,2394,2086,2076,1665,1942,2290,2273,2205,2201,8,0,1912,2140,2150,2164,2022,2101,1515,1858,2073,2149,2113,1439,1386,952,1129,1912,2133,2165,2180,2229,3018,2109,2154,2314
367,Fully Accessible,DLR,2021-09-23,POINT Z (537639.0331 182256.9388 0),,,,,Devons Road,2083,1574,2279,2408,2497,2533,2484,139,121,2398,2463,2528,2528,2461,99,39,2274,2388,2403,2436,2436,21,11,2205,2415,2495,2467,2405,2080,1680,2117,2394,2507,2512,2544,46,20,2242,2366,2284,2381,2294,2179,1598,2081,2211,2320,2321,47,20,17,18,2225,2356,2349,2298,2054,1826,2273,2445,2509,1824,1443,2017,2237,2235,2187,2187,6,9,2166,2162,2287,2216,2151,2,0,2084,2144,2165,2108,2120,0,0,2089,2209,2233,2229,2158,1760,1405,1965,2203,2228,2198,2138,0,2,1994,2047,1981,2105,2021,1969,1364,1852,1991,1980,1974,3,0,2,0,2055,2059,2096,2059,1812,1508,2021,2194,2179
253,Not Accessible,London Underground,2021-11-29,POINT Z (522189.8506 185144.020099999 0),Jubilee,940GZZLUDOH,"bus, tube",Yes,Dollis Hill,4105,3212,4877,5355,5433,5453,5277,4372,3082,4831,5282,5387,5301,5021,4029,3044,5012,5497,5342,5637,5493,3835,2743,4945,5113,5393,5184,5075,4023,3256,4791,5237,5244,5547,5199,4130,3347,4596,4830,4966,4733,4844,4126,3092,4343,4303,4797,4823,3544,3622,2753,2516,4811,5176,5185,5354,4052,3182,5166,5526,5731,3739,2928,4535,4852,4903,4901,4778,3863,2900,4464,4829,4907,4630,4447,3527,2835,4533,5054,4645,4988,4923,3124,2560,4429,4570,4905,4719,4520,3647,2988,4359,4211,4775,5028,4679,3610,3040,4170,4437,4394,4158,4278,3670,2852,3848,3858,4324,4071,3094,3093,2490,2510,4443,4753,4682,4853,3621,3020,4741,4922,5168
290,Partially Accessible - Interchange Only,London Underground,2021-11-29,POINT Z (517989.3481 180932.526699999 0),"District, Central",940GZZLUEBY,tube,Yes,Ealing Broadway,21254,14939,22145,24606,25750,25292,23600,20072,14097,22423,24645,25266,25415,23507,20623,13385,22066,24723,25049,25956,25637,20635,16847,22344,24680,24814,25414,23466,20496,14939,22017,24281,25492,25052,23372,20978,15985,21566,23407,23512,24141,22584,20078,14433,20195,21408,22423,22615,20073,20853,13613,14547,25119,23523,24959,23628,20621,17316,22589,25019,25324,22286,15462,23088,25476,26120,26650,24268,21123,14473,23079,25424,26089,26647,24327,21234,14075,22821,25472,26319,26890,25515,20951,17084,23220,25522,25680,26333,24139,21392,15854,22884,25303,25822,25970,23847,21610,16467,22172,24124,24302,24599,23445,20851,15712,21213,22335,23300,23126,20012,21366,14593,15901,23971,24666,25661,24138,21285,17863,23405,26071,26769
292,Partially Accessible - Interchange Only,London Underground,2021-11-29,POINT Z (518895.9685 180345.996200001 0),"District, Piccadilly",940GZZLUECM,"tube, bus",No,Ealing Common,2512,1863,2840,3085,3202,3202,3068,2554,1877,2926,3015,3072,3171,3034,2512,1708,2727,3084,2961,2989,3201,1858,1060,2750,3081,3002,3112,2983,2399,1812,2550,3024,3026,2984,2864,2401,1918,2438,2777,2814,2757,2787,2296,1958,2473,2644,2784,2714,1880,1785,1365,1215,2700,2905,2953,2860,2548,1965,2730,3097,3077,2353,1945,2750,3053,3192,3107,3088,2561,1942,2881,3060,3098,3092,2958,2446,1793,2848,3135,3014,3165,3222,1700,1266,2686,3054,3036,3077,2951,2410,1995,2749,3033,2995,2996,2893,2299,1951,2700,2741,2775,2826,2695,2304,1977,2446,2673,2679,2629,1826,1742,1330,1469,2764,2877,2986,2889,2617,2036,2807,3103,3088
199,Fully Accessible,London Underground,2021-11-29,POINT Z (525534.3012 178551.8071 0),"District, Piccadilly",940GZZLUECT,"tube, bus",Yes,Earls Court,21493,16648,22283,23751,23983,24769,25226,22007,19870,22824,23117,23370,26491,24839,22559,17934,23164,23387,24116,24848,25331,22401,16423,22652,24305,24713,25633,25546,22018,18109,22141,23578,23519,26851,23906,20102,16434,21479,23254,23537,23989,23555,20835,19949,22227,23492,24240,26187,18802,18702,15444,14279,21293,23394,25192,25792,27163,20097,23616,24588,25941,22561,16043,22367,23891,23618,25008,25966,22883,17977,22422,23532,23241,26534,25862,24742,17772,22099,23278,23910,25074,26285,23872,17108,22811,24347,24884,26380,26263,23329,18105,21976,23558,23588,26442,24962,21906,16704,21466,23054,23042,23820,24669,22464,19442,22384,23699,24627,26309,19060,18865,15241,14386,22109,24810,25787,27039,25988,18911,23206,24986,25820
238,Not Accessible,London Underground,2021-11-29,POINT Z (521720.9991 181197.768999999 0),Central,940GZZLUEAN,"bus, tube",Yes,East Acton,3383,2500,5143,5207,5396,5488,5239,3715,2676,4853,5363,5333,5481,5024,3637,2659,4964,5265,5281,5343,5200,3662,2638,5080,5338,5136,5314,4988,3648,2775,4562,5314,5161,5220,4988,3852,2453,4800,5168,5129,4959,4872,3664,2897,4522,4879,5117,4716,3102,3267,2517,2552,4741,4977,5121,4920,3697,3006,4791,5322,5471,3280,2463,5314,5350,5574,5605,5174,3588,2713,5119,5489,5363,5603,5036,3595,2757,4915,5413,5225,5358,5207,3476,2611,5204,5453,5272,5386,5031,3498,2793,4784,5322,5390,5338,4937,3761,2701,4804,5268,5200,4955,4823,3597,2864,4556,4920,5045,4699,2931,3153,2405,2699,4818,5077,5083,4976,3641,2918,4896,5540,5618
471,Not Accessible,London Underground,2021-11-29,POINT Z (527221.696 189183.6545 0),Northern,940GZZLUEFY,"tube, bus",Yes,East Finchley,6565,4596,8121,9264,9488,9613,8665,7428,4892,8195,9363,9624,9692,8430,6925,4562,8186,9624,9336,9732,8150,6505,4188,8183,9295,9442,8981,8392,6776,4796,7901,9292,9428,9299,8132,6474,4983,7399,8527,8361,8649,7845,5988,4127,7091,8182,8325,8104,5232,5462,3644,3857,8243,8992,9445,8101,6668,4718,8090,8917,9305,6362,4754,8242,9298,9491,9434,8597,7241,5044,8180,9277,9638,9616,8336,6897,4734,8320,9686,9313,9612,8034,6451,4319,8233,9266,9405,9543,8157,6735,5186,8006,9205,9564,8781,8051,6280,5213,7415,8404,8454,8511,7527,5897,4297,7091,8110,8244,7701,5099,5289,3737,4211,8311,9027,9344,8136,6551,4826,7988,8848,9311
128,Fully Accessible,London Underground,2021-11-29,POINT Z (542463.3563 184275.4352 0),"District, Hammersmith & City",940GZZLUEHM,"bus, tube",No,East Ham,13630,10628,17219,17247,17681,18081,17127,14275,11509,17086,17914,18209,17941,17489,14181,10699,17123,17886,18057,17760,17151,14256,10661,17312,17896,17619,17926,17541,15317,13197,15403,17489,17468,17502,17938,15186,11840,16397,16639,16528,16923,16971,15548,12043,16792,16029,16664,16598,13091,14162,10298,10731,16791,16847,17359,17146,14757,11420,17361,17520,17884,12328,9959,16803,17042,17283,17557,16484,13543,11042,16583,17140,17422,17042,16788,13279,10379,16617,17442,17273,17028,16309,13131,10338,16637,17177,17422,17168,16893,14279,12890,15176,16919,17593,17443,16952,14162,11653,16000,17028,16146,16218,15870,14404,11455,16366,15402,16204,15757,12020,13113,9926,10365,16059,16360,16789,16418,13613,10750,16600,17106,17309
368,Fully Accessible,DLR,2021-09-23,POINT Z (538732.0761 180830.9153 0),,,,,East India,304,73,4620,5319,5417,5546,4739,187,41,4704,5451,5511,5567,4738,2580,1714,4649,5284,5256,5623,4722,175,29,4650,5493,5313,5211,4640,167,39,4346,5222,5110,5265,4634,152,23,4024,4533,4364,4268,3848,2500,1866,3185,3463,3550,3412,212,47,19,44,2991,3434,3553,3213,2473,1775,3978,4213,4567,34,9,4505,5063,5099,5329,4322,16,5,4495,5325,5204,5109,4509,2259,1558,4363,5134,5016,5324,4211,39,10,4471,5112,4842,4876,4277,41,6,4351,4918,4804,4842,4230,46,10,3796,4263,3985,4015,3523,2118,1695,2975,3187,3230,2950,30,6,1,2,2873,3229,3084,2840,2307,1492,3693,3992,4220
178,Not Accessible,London Underground,2021-11-29,POINT Z (524381.7165 174869.93 0),District,940GZZLUEPY,"tube, bus",No,East Putney,7778,4942,8779,9647,9575,10340,9276,8203,6295,9137,10337,10167,10786,9080,9572,6632,9085,10199,10056,10486,9024,7997,4512,8972,9747,9990,9851,9234,7874,5001,8881,9774,9714,10576,8761,7226,5589,7775,8841,9043,9546,8395,7736,6602,7783,9079,9139,9481,5892,5640,3868,4228,8445,9727,9986,8880,8460,7578,8954,10080,10248,7400,5190,8730,9843,10017,10088,8794,7279,6171,9050,10086,10029,10432,8693,8660,6434,9146,9948,9997,10170,8571,7347,4854,8976,9799,9882,10153,8870,7105,5247,8863,9806,9587,10582,8194,6696,5593,7646,8998,8886,9005,7459,6807,6384,7669,8722,8408,8363,5145,5272,4108,4686,8600,9496,9488,8486,7750,6677,8800,9814,10048
437,Not Accessible,London Underground,2021-11-29,POINT Z (511153.3473 187621.8123 0),"Metropolitan, Piccadilly",940GZZLUEAE,"tube, bus",No,Eastcote,3073,1743,3300,3897,3864,3894,3500,2505,1552,3460,3754,3899,3570,3296,2462,1739,3424,3927,3931,3984,3598,2471,1241,3677,3902,3944,4042,3499,2698,1631,3420,4018,3824,4056,3731,2818,1829,3289,3791,3662,3671,3260,2744,1698,3207,3447,3500,3534,2126,2095,1240,1489,3609,3796,3878,3556,2915,1903,3549,4076,4179,2911,1728,3223,3736,3712,3808,3442,2547,1664,3358,3803,3762,3498,3326,2476,1700,3441,3802,3826,3913,3508,2307,1331,3548,3874,3883,3908,3246,2656,1604,3308,3895,3844,3972,3590,2702,1836,3185,3715,3570,3665,3175,2681,1724,3122,3405,3529,3529,2097,1980,1206,1463,3694,3726,3808,3455,2753,1962,3459,3998,3868
384,Fully Accessible,London Underground,2021-11-29,POINT Z (519550.4974 191940.4673 0),Northern,940GZZLUEGW,"bus, tube",Yes,Edgware,6212,4537,6434,7080,7046,7142,6577,7071,5138,6433,7063,6949,7113,6180,6315,4589,6379,5114,6504,7145,6371,5128,3761,6427,6673,6970,6619,6476,5314,4247,6277,6999,7343,6833,6398,6843,5021,6192,6669,6846,6693,5836,6203,4240,5606,6384,6866,6522,4605,4913,3993,3995,6487,6639,6840,6404,5361,4571,6233,6914,6799,6017,4675,6382,7221,6914,7105,6552,6911,5098,6385,6907,7047,7036,6138,5894,4767,6411,2651,6073,7080,6403,5065,3892,6546,6653,7107,6911,6595,5428,4398,6272,7138,7018,6607,6392,6491,4864,6065,6576,6659,6593,5868,6337,4182,5452,6237,7201,6517,4467,4891,3752,4024,6261,6672,6865,6259,5244,4640,6230,6873,6913
272,Not Accessible,London Underground,2021-11-29,POINT Z (527046.7044 181758.9463 0),Bakerloo,940GZZLUERB,"tube, bus",No,Edgware Road B,4695,3020,4803,5240,5356,5397,4786,4624,3093,4643,5230,5189,5362,5147,4796,3725,4505,5022,5072,5134,4890,4495,3194,4763,5414,5204,5328,5036,4101,3756,4609,5461,5426,5112,4744,4286,3359,4530,5064,4980,5053,4701,4449,3467,4810,5324,5432,5240,3844,4033,3334,2638,4980,5321,5150,5226,4449,3097,4923,5480,5424,4881,3401,5224,5532,5767,5692,5567,5198,3609,5026,5718,5663,5757,5563,5094,3887,4579,4902,5472,5453,5168,4670,3265,5104,5632,5568,5516,5216,4634,3901,5156,5787,5626,5470,5240,4602,3552,4750,5346,5583,5201,5284,4805,3536,5138,5723,5746,5496,4082,4371,3411,2970,5380,5758,5765,5495,4996,3218,5115,5704,5919
170,Partially Accessible - Interchange Only,London Underground,2021-11-29,POINT Z (527220.0675 181696.8814 0),Circle,940GZZLUERC,"bus, tube",No,Edgware Road C&H,7560,5514,8542,9546,9635,9422,9334,7883,6400,8679,9500,9728,10095,9222,8097,6224,9312,9615,9445,9444,8724,7480,5452,8435,9548,9263,9553,8535,6893,5459,8295,9485,9024,9641,8510,7211,5609,8099,9377,9481,9414,8334,7129,5952,8286,9273,9057,9205,6199,6797,5759,5406,8744,9445,9530,9171,8295,6401,8940,9671,9507,7812,5218,8072,9466,9161,9289,9271,7816,6053,8236,9176,9458,9917,9349,7984,5950,8555,9414,9193,9268,8789,8107,4912,8473,9219,8978,9171,8575,6892,5352,7979,9139,9454,9223,8445,7227,5360,7799,9203,8979,9015,8187,7193,5631,7987,9038,8859,9018,6010,6615,5223,4660,8652,9154,9509,9001,7942,5768,8484,9774,10124
4,Not Accessible,London Overground,2023-05-23,POINT Z (534297.1083 193554.092399999 0),,,,,Edmonton Green,3957,2002,5621,5908,6134,6103,5845,4134,3055,5626,5864,6067,6592,5720,4113,2571,5556,6062,6004,6114,5924,4262,2797,5602,5822,6019,6143,5727,4225,2954,5516,5958,5907,6050,5845,4270,3069,5012,5427,5377,5723,5539,4250,2100,4820,4924,5202,5192,3632,3794,2356,2828,45,5395,5698,5429,4526,2729,5431,5832,5504,3556,2276,5419,5794,6051,5766,5562,3995,2878,5547,5784,5895,5900,5589,3810,2658,5498,5929,5735,5994,5562,3742,2672,5502,5882,5837,5821,5381,3926,2917,5493,5830,5709,5902,5436,3880,2861,5062,5431,5254,5238,5287,3987,2486,4699,4788,5119,4880,3441,3537,2349,2272,283,5285,5484,5257,3702,2707,5253,5812,5296
270,Partially Accessible,London Underground,2021-11-29,POINT Z (531908.9646 179141.8869 0),"Northern, Bakerloo",940GZZLUEAC,tube,No,Elephant & Castle,20456,13030,19204,21493,20911,22208,20631,19747,12665,18812,21171,20685,22342,20953,20732,14456,19023,21397,20047,22245,21023,19690,12483,18493,19683,19784,20817,20145,18502,14091,17349,19218,19453,20342,19712,20836,15734,17434,18876,19530,20034,19324,20138,12912,17267,18984,19786,20599,16011,17497,11436,10755,16927,18753,19413,19242,19127,14731,17215,19023,19918,20149,12905,18675,21392,20063,21454,20827,19775,12296,18746,20905,20335,21959,20517,20696,14566,18432,20887,19379,21552,20641,19218,12430,17793,19778,19066,19934,19695,18088,13095,16503,19103,18927,20342,19423,19827,14628,17382,19191,18749,19365,19408,19520,12927,17049,19058,18751,19922,14780,15810,11610,11403,18076,18006,18748,19254,19273,14152,16652,18517,19221
191,Fully Accessible,London Underground,2021-11-29,POINT Z (552542.0054 185716.105799999 0),District,940GZZLUEPK,"bus, tube",No,Elm Park,0,1,4422,4869,4921,4927,4302,2918,1711,4442,4491,4877,4786,4358,2692,1764,4245,4847,4538,4642,4257,3068,1721,4409,4819,4807,4785,4408,2972,2050,4248,4765,4941,4996,4309,3060,1953,3996,4245,4507,4394,4197,3222,1796,4108,4098,4296,4435,2802,3173,1935,2096,4332,4540,4956,4450,3396,2492,4545,5156,4817,3,0,4435,4775,4865,4768,4257,2853,1797,4309,4391,4754,4579,4105,2561,1830,4245,4800,4652,5038,4136,2860,1844,4307,4616,4609,4491,4124,2874,2221,4039,4683,4861,4863,4143,3093,2032,3821,4360,4377,4257,3771,2915,1903,4006,4093,4309,4316,2638,3002,2040,1971,4377,4652,4721,4327,3220,2442,4451,5025,4824
500,Fully Accessible,DLR,2021-09-23,POINT Z (537877.0302 176279.840500001 0),,,,,Elverson Road,1127,680,1596,1216,1216,1240,1182,1,2,1123,1135,1200,1226,1131,949,664,1097,1170,1210,1218,1157,0,3,1036,1214,1205,1239,1119,1000,780,1120,1205,1231,1263,1229,1,0,1064,1201,1187,1205,1138,1193,886,1036,1161,1184,1156,828,764,698,688,1117,1186,1249,1121,949,1297,1128,1254,1286,795,663,1065,973,931,932,860,1,0,847,949,946,940,847,750,568,826,958,872,948,845,1,0,807,908,925,928,822,708,714,857,901,950,923,866,2,0,821,940,937,964,822,964,739,847,909,915,870,580,587,584,663,809,932,918,870,719,738,904,1004,959
259,Not Accessible,London Underground,2021-11-29,POINT Z (530419.3254 180395.871400001 0),"District, Bakerloo, Northern, Circle",940GZZLUEMB,tube,Yes,Embankment,26817,16742,21578,26302,27684,28544,25622,32330,17888,21655,25774,27246,28790,24035,29835,20686,21909,26100,28135,30855,25516,27855,18023,22687,25614,27709,29960,25374,26768,17812,22442,26016,27215,30274,24518,26365,28963,22843,26861,27672,30057,27353,31484,17696,24517,27893,30800,31007,25058,28049,17232,14982,23954,27376,30788,28123,32664,36621,25070,28922,30085,26531,14594,20985,25895,27163,28988,25378,27782,17181,21327,25582,27236,30005,24505,28263,18661,22018,25725,27529,30805,25168,26611,16451,22022,25651,27305,29220,25469,26177,15923,21516,25916,26915,29030,24242,27059,28767,22318,26699,27543,30022,26961,30052,16679,24861,27257,29734,30155,24553,27586,15817,14031,23015,27282,29946,26897,30777,28884,23975,27476,29249
36,Not Accessible,London Overground,2023-05-23,POINT Z (553973.9004 187861.2883 0),,,,,Emerson Park,283,140,398,528,486,508,378,286,118,465,472,468,494,365,215,117,421,467,480,485,380,246,92,410,518,490,483,424,283,126,411,533,487,509,428,300,127,406,429,425,507,385,280,110,335,401,430,406,236,300,82,139,451,454,497,406,255,177,403,491,504,172,88,299,322,324,315,257,158,82,307,352,313,328,252,147,88,280,412,320,253,238,171,83,306,357,321,311,255,177,88,309,360,306,321,254,183,74,284,309,291,306,257,152,69,244,284,282,222,152,194,55,110,319,284,336,230,151,96,288,359,308
27,Not Accessible,London Overground,2023-05-23,POINT Z (533006.0029 196524.004799999 0),,,,,Enfield Town,2708,1381,3775,4131,3493,4261,3890,3193,2945,3977,4332,4179,5230,3942,2745,1686,3762,4270,4196,4270,3916,3508,1841,3582,4304,4044,4032,3865,2989,1764,3433,4160,4127,4218,3871,2719,2503,3665,4209,3895,4784,3517,2814,1426,3467,3580,3765,3818,2460,2590,1426,2373,48,3769,4039,3774,3215,1915,3772,4270,3873,2355,1290,3538,3851,3542,3872,3623,2770,2409,3933,3972,3908,4441,3500,2424,1564,3580,3975,4082,3883,3570,2773,1707,3397,4109,3749,3813,3523,2638,1635,3366,3768,3761,3980,3533,2385,2236,3310,3753,3584,3838,3094,2403,1341,3108,3277,3395,3488,2103,2333,1213,1353,118,3617,3742,3438,2625,1751,3614,4055,3561
251,Fully Accessible,London Underground,2021-11-29,POINT Z (546209.4306 201538.4 0),Central,940GZZLUEPG,tube,No,Epping,5796,3096,4503,5006,4920,5401,4523,6282,3567,5023,4923,4947,5259,4524,1,1,5344,5091,5054,5308,4634,5463,3025,4756,5000,5153,5374,4765,4402,2576,4570,5008,5173,5219,4863,5140,2962,4617,5060,4909,5076,4614,4825,2876,4426,4669,4405,4992,3495,4440,2443,2624,4547,4844,5172,4671,6250,4727,4472,5053,5084,5271,3082,4368,4795,4764,5227,4308,5828,3656,4637,4772,4827,4947,4333,24,17,4376,4867,4901,5163,4441,4976,3089,4639,4943,4903,5184,4681,4331,2615,4406,4919,5029,5086,4566,4777,3041,4389,4830,4776,4824,4502,4584,2846,4295,4578,4518,4816,3446,4359,2501,2442,4404,4696,5046,4552,5642,4580,4314,5197,4962
285,Partially Accessible,London Underground,2021-11-29,POINT Z (529498.32 182668.2502 0),"Northern, Victoria",940GZZLUEUS,tube,Yes,Euston,46611,31144,41124,47373,46181,50824,46890,51382,36219,42891,50958,51745,52305,47303,46964,35034,42798,48796,50721,51303,46786,44156,29214,43284,48657,49618,50609,46339,47649,33130,43170,48051,48691,50327,45766,48138,36809,42761,48530,48750,48740,46304,49559,35027,41689,45586,46114,45303,31661,6064,4478,4410,47328,48879,49445,45609,53418,39760,43371,48961,49233,45579,29321,42137,47608,48296,46492,48134,51439,37233,43354,51450,51622,54834,49809,44759,33177,44993,49317,51138,53217,50009,43777,28644,42746,48848,51295,55057,51079,48562,32209,40481,47842,50387,51774,48560,45635,36734,42347,47997,48929,51260,49242,49218,34419,41959,46028,50066,52092,37118,7986,5590,5260,41106,47669,51626,48034,48914,43829,46613,48973,51995
79,Not Accessible,London Overground,2023-05-23,POINT Z (529414.0008 182856.997 0),,,,,Euston NR,8725,5172,11310,13087,11855,12768,12368,11086,5303,12793,14877,15893,15219,12404,8323,5932,12359,13872,13636,16039,13050,9024,4025,12764,14130,12607,13761,12750,10287,5940,13132,14853,14327,14932,10610,8073,5757,10846,13030,15318,14030,11817,8017,5637,11892,14277,13233,11327,7052,0,0,0,13721,13738,15777,10219,8107,7064,12975,14300,15807,11013,5540,12691,15359,14075,15130,14118,13306,5849,13561,15897,16336,17473,13443,11561,6546,13577,15353,15518,16823,14337,10666,4438,13300,15970,15197,16450,13801,11628,6670,13191,15814,15832,16456,13504,11078,6273,12953,15635,15607,15920,13858,10919,6238,12928,14963,14884,14485,8472,0,0,0,14133,15118,16010,12284,11634,9466,13731,16050,16388
168,Partially Accessible - Interchange Only,London Underground,2021-11-29,POINT Z (529416.5999 182393.381999999 0),"Metropolitan, Circle, Hammersmith & City",940GZZLUESQ,"tube, bus",No,Euston Square,10809,7926,17025,20296,20059,20448,16446,13205,7752,17790,20712,20366,20333,16429,11069,10931,17610,21070,20484,20595,17231,9462,7152,17357,20135,19555,20994,15493,11157,6119,14282,17256,17769,18975,13932,10353,7620,14684,17258,16806,17430,13699,10365,10158,14530,16104,16220,14238,7988,5366,4089,4321,15811,17052,18184,14223,13657,10967,16168,19415,19166,11116,8286,18312,21528,21131,21869,18820,13067,8663,18767,24298,21624,21754,18078,10742,10506,19168,21824,21157,21953,18849,10260,7716,18336,20806,20285,22435,17142,11944,5040,14178,17688,18291,19258,15180,10419,7943,15094,17383,17402,18128,14926,10171,9783,15028,16812,16897,15534,8828,5040,3844,4162,14890,17468,18954,15249,12875,10958,17291,19529,19660
121,Not Accessible,London Underground,2021-11-29,POINT Z (544935.5979 190594.5734 0),Central,940GZZLUFLP,tube,Yes,Fairlop,1053,734,1519,1660,1674,1680,1511,1458,787,1478,1713,1721,1731,1484,1683,647,1523,1852,1667,1753,1534,1377,728,1537,1639,1644,1729,1531,1296,864,1489,1635,1689,1805,1560,1364,785,1428,1594,1605,1635,1498,1344,741,1371,1411,1549,1500,960,1047,659,667,1495,1626,1543,1507,1388,945,1505,1739,1726,1080,717,1454,1547,1587,1567,1422,1432,824,1402,1590,1556,1617,1434,1764,688,1174,1723,1573,1664,1399,1326,781,1451,1550,1553,1592,1509,1294,824,1474,1547,1601,1718,1515,1347,718,1403,1498,1505,1477,1434,1357,730,1349,1349,1439,1438,955,1030,666,661,1467,1494,1437,1453,1444,916,1411,1610,1651
166,Fully Accessible,London Underground,2021-11-29,POINT Z (531559.9989 181873.9267 0),"Metropolitan, Circle, Hammersmith & City",940GZZLUFCN,tube,No,Farringdon,35532,21847,63112,79359,80397,85240,58525,32977,15292,65808,80873,83793,84205,58591,34655,23187,66479,69467,81509,85099,58392,36001,22514,66242,81102,79990,84677,58148,35782,22882,60538,78193,80984,84743,58165,36965,23516,61823,76955,75932,80097,57431,36105,23854,57816,72323,72209,67280,29382,29394,19217,21041,63668,79473,81596,57859,40736,23786,65723,80505,83226,34761,20472,61747,78462,77386,82395,57993,32092,14291,63512,78226,81384,82233,56969,33727,21753,63471,75147,78505,82967,56618,35056,20838,65367,78735,77503,83765,57252,34889,21197,59097,76143,77499,82951,56310,35943,22461,60053,74979,73396,78200,55963,34936,22379,56355,70079,68929,64069,28093,27942,18384,19488,61593,76770,79535,56172,39478,21595,64703,78465,81231
139,Fully Accessible,London Underground,2021-11-29,POINT Z (525278.0259 190668.344000001 0),Northern,940GZZLUFYC,"tube, bus",Yes,Finchley Central,5579,3654,6589,7219,7253,7672,6877,6018,4075,6667,7464,8116,7595,6706,5845,4083,6576,7924,7541,7660,6773,5430,3580,6733,7415,7381,7247,6789,5476,3917,6308,7459,7423,7473,6638,5466,3900,6261,7129,7013,7078,6331,5507,3651,5948,6564,6841,6679,4405,4713,3247,3264,6615,7103,7350,6405,5593,4213,6504,7000,7264,5397,3906,6569,7474,7469,7734,6770,5957,4232,6835,7537,7988,7665,6823,5876,4177,6799,8849,8122,7767,6584,5339,3676,6869,7412,7470,7547,6846,5404,4015,6526,7695,7725,7632,6540,5429,4014,6334,7303,7375,7171,6352,5334,3560,6059,6617,6751,6642,4284,4696,3218,3361,6598,7006,7409,6380,5390,4269,6638,7094,7496
221,Partially Accessible - Interchange Only,London Underground,2021-11-29,POINT Z (526220.4473 184716.2096 0),"Metropolitan, Jubilee",940GZZLUFYR,"bus, tube",Yes,Finchley Road,9251,7580,11266,12108,12177,12626,11820,10460,7690,11578,12298,12558,12296,11899,9995,8375,11334,12806,12958,12613,12806,8930,7382,12175,12152,12349,13280,12385,9576,7157,11120,12012,11889,11759,11072,9387,7120,10244,10726,10880,10869,10275,8935,6973,9709,10296,10522,10442,7842,8057,5976,6499,11102,11567,11918,11774,9327,8397,11329,12385,12528,9270,7410,11111,11890,11649,12195,11285,10068,7517,11399,11976,12195,11712,11183,9331,8127,11129,12091,12346,12144,12123,8846,7195,11872,11848,11765,12588,11451,9088,6868,10999,12298,11398,11684,10292,9194,7150,9955,10462,10647,10376,9801,8723,6774,9562,10051,10401,10130,7520,7785,5553,6406,10832,11328,11612,11270,8963,7968,11141,11786,12128
78,Not Accessible,London Overground,2023-05-23,POINT Z (526063.4729 185045.623199999 0),,,,,Finchley Road & Frognal,2484,1731,2861,3071,3102,3182,3112,2589,1979,2850,2869,3124,3043,3084,2368,1710,2864,3076,3239,3116,3081,2328,1497,2956,3046,3168,3202,3151,2123,1067,2713,3033,2954,2831,2954,2672,1235,2505,2751,2603,2527,2684,2391,1322,2275,2514,2483,2425,1827,1947,1325,1478,2826,2968,3074,3115,2380,1811,2890,3211,3048,2378,1623,2798,3115,3183,3092,3002,2484,1974,2963,3037,3176,3129,2906,2376,1776,2892,2958,3249,3181,3117,2291,1614,2980,3053,3202,3208,3217,2016,1006,2733,3010,2982,2860,2845,2448,1132,2455,2775,2544,2593,2580,2237,1284,2251,2566,2439,2465,1853,1963,1242,1336,2888,2951,3082,3029,2334,1857,2725,3163,2937
294,Partially Accessible - Interchange Only,London Underground,2021-11-29,POINT Z (531329.8862 186775.332800001 0),"Piccadilly, Victoria",940GZZLUFPK,tube,Yes,Finsbury Park,27550,19824,25874,29048,30602,30788,30662,30679,20367,26167,29788,35404,31404,29521,28775,25937,26255,29769,30442,33190,29910,32066,21414,25906,30360,31585,30842,29935,28426,19636,25353,36008,29670,30410,28563,28251,20301,24886,34856,28885,30102,28834,33956,19105,24389,27856,30162,30166,23034,28658,15649,16182,26369,33976,30031,29572,30052,21955,26250,36394,30356,25524,19232,25039,28194,29052,29222,29095,28531,19660,25385,28470,33360,28727,27403,26810,23592,25095,28368,28810,29702,26937,28227,20333,24524,27722,29554,28658,27398,26484,19190,24387,32224,27812,28104,26148,26370,19629,24008,33087,26773,27840,26706,30794,18361,23296,26156,28290,26678,20086,23041,15128,16630,25078,31243,28077,27785,28290,21826,24928,34042,28531
381,Fully Accessible,TfL Rail,2022-05-26,POINT Z (540409.114 185311.626399999 0),Elizabeth Line,,,,Forest Gate,6853,4969,8474,9308,9309,9562,9045,7489,4807,8982,8445,9202,9278,9182,7337,5170,8629,9193,9648,9819,9129,7388,4957,8797,9390,9288,9737,9341,7518,5898,8261,9242,9088,9471,9138,7769,5767,8372,9191,9120,9132,9021,7637,5396,8119,8499,8893,9154,6785,6868,4766,5096,8590,8856,9329,9265,7633,4979,8924,9372,9623,6555,5022,8385,9109,9197,9308,8720,7099,4876,8848,9144,9209,9211,8791,6965,5086,9101,9272,9143,9297,8873,6832,5056,8629,9074,9068,9283,8712,7329,5607,7926,9196,8942,8737,8759,7282,5450,8218,8781,8818,8816,8430,7260,5183,8182,8467,8777,8666,6216,6292,4666,5158,8723,8770,9129,8925,7353,5141,8855,9243,9209
92,Fully Accessible,London Overground,2023-05-23,POINT Z (535415.0036 172941.995100001 0),,,,,Forest Hill,5272,3442,5334,6020,6476,6721,6129,5613,3654,5370,6460,6604,6782,5954,3975,2377,5682,6532,6708,6771,6022,5515,3302,5721,6710,6693,6834,6159,5271,3385,5629,6496,6570,6794,6207,5168,3608,5533,6281,6232,6380,5785,5625,3238,5284,6081,6214,6162,4193,1723,2903,2842,5865,6531,6724,5995,5521,3931,5728,6612,6709,4791,3392,5381,6131,6249,6497,5662,5069,3685,5222,6199,6438,6444,5639,3316,2217,5521,6198,6345,6291,5427,5127,3274,5530,6450,6358,6544,5536,4802,3515,5600,6349,6284,6364,5556,4517,3630,5293,6080,5908,5886,5134,4976,3292,5052,5815,5942,5489,3623,2263,2921,3017,5873,6204,6248,5500,4968,3765,5474,6249,6330
305,Fully Accessible,London Underground,2021-11-29,POINT Z (525454.6092 177301.7324 0),District,940GZZLUFBY,"bus, tube",No,Fulham Broadway,8807,6148,10569,11434,11075,11874,11308,9346,17705,10775,11364,11748,22990,11520,9093,6480,10362,11014,11175,11118,10898,8574,5623,10175,10750,11228,16116,10962,8641,5895,9750,10804,11031,23834,11699,8136,5487,9880,10670,11008,11060,10274,8802,18568,9474,10340,10415,20788,7626,7159,5159,4956,8823,10077,10515,10788,18550,16328,10158,11092,11848,8576,6071,10771,11676,11031,11821,11095,9224,18966,10938,11814,12054,25145,11178,8501,6190,10435,11423,11368,11236,10508,8157,5566,10464,11136,11297,16382,10670,8248,5734,10154,11064,11372,26359,11289,7575,5431,9836,10893,11211,11197,9917,8301,19529,9350,10443,10419,21605,6857,6754,4956,5258,9277,10351,10881,10782,23165,17990,10232,11457,11973
466,Fully Accessible,DLR,2021-09-23,POINT Z (543871.9305 180929.002900001 0),,,,,Gallions Reach,0,0,1899,2139,2030,2114,1999,1644,1021,1898,2134,2053,2080,1936,1597,1131,1855,2042,1993,2099,1922,1669,1014,1845,2083,2159,2128,1927,3,0,1852,2077,2171,2163,2069,1694,1207,1947,2047,2097,2132,1957,1987,1202,1760,1738,1905,1924,1339,1275,891,1019,1821,1908,1943,1881,1631,1258,1871,2130,2138,0,0,1703,1843,1848,1856,1797,1397,993,1735,1885,1845,1809,1650,1333,1082,1744,1862,1836,1860,1696,1390,1001,1681,1917,1952,1862,1710,0,0,1656,1835,1885,1877,1788,1419,1093,1731,1847,1802,1875,1615,1637,1028,1594,1652,1718,1633,1140,1084,854,921,1668,1704,1757,1614,1440,1143,1650,1821,1864
394,Not Accessible,London Underground,2021-11-29,POINT Z (543273.6779 188430.207599999 0),Central,940GZZLUGTH,"bus, tube",Yes,Gants Hill,4912,3871,7512,8040,7873,8192,7593,5639,4070,7707,8294,8125,8078,7388,4618,3387,7360,8202,8273,8241,7478,5504,3786,7565,8126,7977,7754,7354,5607,4328,6956,8104,8302,8413,7806,6021,3706,7281,8042,7491,7863,7283,5958,4077,6795,7128,7472,7403,5247,5544,3718,3866,7281,7487,7758,7347,5808,4711,6887,8109,8223,5039,3729,7334,7819,7599,7835,7131,5486,3922,7466,7917,7635,7700,7196,4731,3415,5934,7890,7858,7943,7259,5159,3709,7250,7660,7584,7756,7137,5396,4358,6774,7630,7975,8334,7515,5831,3560,7017,7689,7245,7470,7129,5662,4053,6429,6833,7081,6999,4872,5310,3593,3818,6936,7111,7342,7045,5514,4402,7194,7812,7732
403,Fully Accessible,TfL Rail,2022-05-26,POINT Z (552957.6082 189327.987400001 0),Elizabeth Line,,,,Gidea Park,3631,2187,4791,5463,5590,5485,4640,3522,1918,5188,5316,5424,5469,4526,3346,1919,4748,5431,5460,5597,4595,3208,1906,4724,5409,5503,5603,4731,3292,2190,4625,5519,5430,5643,4708,3791,2282,4359,5134,4941,5111,4134,3360,1961,4191,4753,4801,4803,2494,3265,1714,1776,4865,5337,5439,4518,3569,2314,4852,5560,5538,3453,2200,4403,5136,5177,5124,4225,3102,1873,4771,5064,5014,5130,4115,3039,2009,4479,5074,5051,5287,4032,3015,1874,4361,5105,5144,5219,4403,3156,2264,4268,5217,5017,4962,4329,3543,2342,4119,4799,4726,4866,3875,3208,1989,3962,4519,4645,4456,2500,3119,1659,1613,4647,4983,5110,4105,3166,2583,4508,5195,5286
174,Not Accessible,London Underground,2021-11-29,POINT Z (526182.7589 178846.489499999 0),"District, Piccadilly, Circle",940GZZLUGTR,"bus, tube",Yes,Gloucester Road,15336,12008,17738,18691,18782,19846,19540,15982,12322,18025,18448,18424,19734,19455,16366,12785,18426,18770,19092,19973,19362,16679,11405,17049,18200,17845,18751,18007,14446,11487,15903,16427,17061,17726,16384,13875,11376,16247,17271,17323,18038,16981,14576,12210,17187,19443,18903,18778,13740,13727,10587,9985,15868,17834,18912,19337,16471,12832,17809,18507,18946,15042,10838,16949,18405,18398,19078,19133,15572,11069,17332,18032,17667,18794,19263,15827,11918,17262,18342,18175,18952,18688,15882,10174,16730,17953,17598,18084,17720,14277,11017,15023,15773,16406,17075,16140,13443,10688,15234,16729,16549,16879,16542,14229,11341,15709,17447,17466,17303,12627,12352,9470,9256,15747,17639,18143,18744,15584,11731,16794,18046,18767
138,Fully Accessible,London Underground,2021-11-29,POINT Z (525255.0926 187480.2837 0),Northern,940GZZLUGGN,"tube, bus",Yes,Golders Green,8043,6680,9045,9960,10302,10677,9844,8981,6920,9333,9839,10092,10045,9516,7944,6496,9208,11490,10288,10552,9635,7737,5956,9299,9802,10124,9664,9576,7725,6446,9053,9833,10072,9827,9089,7904,6567,8120,8785,8770,9119,8291,7568,5745,7507,8316,8706,8910,6432,6510,4938,5055,8886,9537,9857,9951,7582,6715,9388,10380,9860,7607,7032,9299,10176,10176,10729,9777,8883,7249,9408,9929,10101,10061,9507,9248,6715,9291,18799,10558,10578,9799,7717,6472,9381,9930,10147,10495,9639,7611,6718,9065,9876,10125,9865,8969,7680,6674,8248,9002,9015,9084,8370,7495,5758,7542,8407,8874,8865,6497,6377,5035,5271,9065,9441,9826,9956,7595,6874,9316,10086,9897
195,Not Accessible,London Underground,2021-11-29,POINT Z (523183.913 179607.8456 0),"Hammersmith & City, Circle",940GZZLUGHK,"bus, tube",No,Goldhawk Road,2589,1680,2677,3063,3184,3171,3046,2563,1477,2688,2964,3042,3263,3109,2820,1701,2833,3004,3082,3194,2946,2398,1739,2723,3130,3142,3340,2938,2599,1458,2558,2962,2886,3067,3033,2556,1655,2535,2776,2773,2898,2686,2598,1624,2497,2804,2874,2985,2233,2180,1230,1343,2658,3007,2884,2990,2554,1689,2628,3021,3007,2551,1786,2741,3011,3120,3131,2889,2473,1665,2733,2889,3062,3190,2914,2573,1826,2792,2965,3012,2997,2810,2268,1810,2708,3063,3040,3065,2841,2403,1646,2516,2873,2724,2851,2784,2413,1798,2425,2707,2605,2681,2421,2397,1643,2449,2560,2710,2562,1838,1911,1295,1660,2706,2887,2851,2815,2375,1815,2654,3042,2853
229,Not Accessible,London Underground,2021-11-29,POINT Z (529537.2731 181836.5931 0),Northern,940GZZLUGDG,"tube, bus",Yes,Goodge Street,2002,2723,7827,9256,9066,9753,7503,4751,2258,7669,9352,9012,9585,7774,5124,3029,7750,9162,7774,9166,7242,4811,2929,7084,8490,8534,8506,6892,4163,2669,6278,7826,7831,6693,6251,4205,2876,6484,7573,7648,6685,6341,4740,2239,5752,7151,7238,6406,3364,3437,2072,2120,6290,7330,7164,6174,4521,1261,6506,7889,7928,2592,2729,8321,9928,9610,10316,8338,5442,2160,8211,9766,9452,10301,8200,5484,3094,8312,9548,5051,9930,7881,5374,3030,7724,9047,9139,7884,7728,4694,2683,6718,8109,8396,7613,6736,4695,3039,6858,8041,7649,7410,6700,4513,1712,6018,7374,7294,6839,3615,3474,2124,2295,6507,8147,7689,6597,5110,844,7015,8350,8570
401,Fully Accessible,TfL Rail,2022-05-26,POINT Z (546470.5894 187325.4033 0),Elizabeth Line,,,,Goodmayes,5033,3433,6608,7117,6926,7147,6681,4713,3146,6878,7183,7189,7204,6802,4757,3328,6706,7174,7097,7210,6824,4750,3187,6776,7189,7113,7017,6890,5091,4176,6495,7056,7007,7399,6919,5046,3789,6490,6835,6721,6875,6635,5069,3639,6196,6250,6567,6556,4535,4750,3162,3498,6572,6669,6897,6747,5031,3236,6809,7338,7097,4627,3299,6462,6997,6814,6905,6533,4497,3142,6765,7126,7093,6970,6498,4454,3214,6672,7059,7096,7048,6615,4450,3058,6664,7096,6897,6734,6643,4893,3992,6223,6920,6675,6762,6809,4729,3607,6423,6644,6689,6774,6365,4898,3504,6079,6289,6572,6319,4230,4431,2977,3512,6622,6677,6730,6428,4675,3312,6677,7108,6962
77,Fully Accessible,London Overground,2023-05-23,POINT Z (528257.8422 185688.228499999 0),,,,,Gospel Oak,3902,2502,3711,4121,4037,4175,4102,4250,3847,3584,3878,3979,3931,3908,3615,2476,3514,4005,4158,4492,3927,3330,2369,3639,3949,4115,4243,4002,3711,2395,3743,4176,4206,4278,4350,4496,2974,3265,3484,3472,3486,4033,4557,2402,3070,3089,3375,3433,2940,2915,2212,2004,3731,3897,3981,4025,3734,3354,3899,4474,4412,3657,2414,3570,4025,3959,4059,3907,4175,3645,3405,3765,3725,3792,3713,3350,2371,3398,3965,4017,4303,3892,3158,2170,3428,3797,3940,4104,3747,3576,2193,3503,3954,3950,4082,4245,4142,2849,3137,3315,3322,3416,3794,4192,2238,2897,2877,3131,3164,2709,2759,1967,1952,3576,3691,3952,3812,3448,3190,3671,4174,4170
249,Not Accessible,London Underground,2021-11-29,POINT Z (544967.3103 192558.691299999 0),Central,940GZZLUGGH,"tube, bus",No,Grange Hill,367,170,640,657,686,683,611,418,209,632,690,702,649,582,0,3,578,685,636,679,586,386,191,634,709,693,703,615,414,182,563,697,689,714,628,398,216,566,602,671,684,548,334,193,522,554,601,574,331,342,176,179,603,687,661,599,369,214,626,688,719,297,186,605,655,671,668,526,375,184,597,824,715,598,510,0,6,473,681,637,667,531,322,214,625,646,644,686,575,339,170,525,684,622,675,561,316,270,535,534,596,606,457,328,181,494,494,552,471,271,301,226,183,626,637,625,535,284,207,588,706,665
388,Not Accessible,London Underground,2021-11-29,POINT Z (528837.973 182179.857899999 0),"Metropolitan, Circle, Hammersmith & City",940GZZLUGPS,"bus, tube",No,Great Portland Street,5482,4048,8976,10596,10585,11532,8648,6053,4115,9041,10694,10925,10971,8200,5339,4516,8925,10794,10723,11676,9118,5096,3713,9346,10463,10589,11370,8483,5745,4228,8514,10434,10349,11447,8368,5999,4439,8893,10666,10120,10710,8162,6084,4006,7826,9416,9227,9206,4227,4873,3420,3043,8535,9394,10445,8529,6282,4924,9163,10792,10821,5431,3613,9376,10910,10679,11741,8838,5926,3816,9327,10611,11136,10956,8372,5379,3946,8968,11035,10881,11582,9252,4945,3270,9412,10843,10837,11855,8651,5491,3440,8781,10868,10764,11561,8590,5942,4323,9110,11053,10377,10730,8414,6020,3661,8115,9425,9336,9254,4040,4359,3029,2765,8900,9903,10822,8616,6046,4124,9128,10999,11037
293,Fully Accessible,London Underground,2021-11-29,POINT Z (529007.2306 180294.834799999 0),"Piccadilly, Victoria, Jubilee",940GZZLUGPK,"bus, tube",Yes,Green Park,32882,22818,37334,43022,45120,47080,42009,33809,23179,37573,42994,44785,44455,39841,33180,24316,38004,44511,45907,46481,40543,34366,21916,38263,43334,46090,46058,39963,32717,24504,37504,42733,44085,45128,39545,31346,29609,38004,43370,45050,45051,41756,34136,22126,38389,43673,46191,42167,28792,29721,19161,18019,38292,44394,47811,45061,36051,36835,41468,46171,48073,39566,27314,42846,47799,52387,52284,48329,41945,28477,42235,47901,50861,50370,46444,43955,30260,42569,49017,52066,54654,46536,39356,25552,43400,48096,52054,51767,46402,38832,29004,42573,47673,48971,51257,45521,35898,37888,43338,48235,51374,50865,48480,39607,26819,44949,48102,55133,48584,36495,32596,25728,21940,43012,50945,53921,51059,41868,44657,46710,50624,55932
206,Partially Accessible - Interchange Only,London Underground,2021-11-29,POINT Z (514763.0955 183928.051899999 0),Central,940GZZLUGFD,tube,No,Greenford,595,3,4797,5197,5371,5449,5058,3649,2610,5043,5481,5413,5335,4936,3615,2337,5066,5400,5358,5384,5180,4093,2612,5331,5483,5495,5238,4981,3755,2429,4941,5277,5341,5292,4874,3885,2376,4837,5058,4922,5039,4806,3657,2360,4377,4746,4952,4738,3782,3775,2378,2676,4821,4741,5045,4999,3725,2725,4818,5367,5403,388,3,4907,5195,5382,5336,4875,3483,2565,5051,5454,5396,5294,4855,3493,2356,4903,5428,5328,5424,4930,3848,2738,4963,5302,5398,5197,4856,3605,2457,4866,5230,5134,5218,4663,3692,2322,4662,4910,4800,4957,4468,3518,2399,4366,4668,4804,4596,3398,3743,2326,2699,4688,4704,4976,4851,3495,2733,4771,5310,5213
369,Fully Accessible,DLR,2021-09-23,POINT Z (538052.0391 177333.8618 0),,,,,Greenwich,5298,3521,5115,5773,5665,5982,5644,5501,3667,5145,5602,5585,5841,5342,4929,3594,4964,5535,5493,6223,5453,5723,140,4616,5569,5518,5948,5333,6051,4157,4666,5616,5596,6016,5494,6477,4249,5066,5462,5528,5716,5735,6984,3774,5054,5401,5758,5875,5502,5120,3711,3658,5106,5332,5877,5557,5750,12074,5138,5549,5746,5109,3640,5117,5928,5688,5821,5357,4209,3005,5287,5768,5383,5697,5003,4918,3559,4924,5506,5618,6011,5188,4733,34,4651,5627,5449,5702,5000,5714,4148,4850,5508,5516,5757,5234,5213,3784,4929,5438,5529,5724,5524,7373,3932,5203,5272,5583,5405,4960,4773,3943,3894,5147,5393,5847,5505,6019,19852,5106,5796,5688
267,Partially Accessible - Interchange Only,London Underground,2021-11-29,POINT Z (519845.2545 178387.583799999 0),District,940GZZLUGBY,tube,No,Gunnersbury,3942,2946,6143,7380,7671,7323,5494,5552,2965,5981,7277,7212,7070,5456,4496,2842,6012,7319,7273,7117,5814,3555,2383,6246,7224,7165,7148,5463,3925,3036,5816,7199,7281,7072,5535,3952,6,4936,6835,6781,6813,5257,4085,2252,5269,6708,6605,5386,3493,4472,2387,2442,6253,6827,7020,5507,4371,3532,6122,7673,7181,3920,2931,6047,7232,7219,6977,5401,5322,2953,5938,6933,6959,6854,5331,4643,2884,5996,7422,7142,7108,5520,3223,2530,6078,7043,7133,7042,5325,3651,2808,5754,6963,6966,6899,5370,3734,43,5423,6871,6742,6481,4851,3809,2184,5316,6684,6372,5363,2995,4295,2215,2339,6224,6755,6889,5401,4131,3462,5918,7353,7110
106,Fully Accessible,London Overground,2023-05-23,POINT Z (534814.7147 184917.678300001 0),,,,,Hackney Central,8971,5138,7497,7762,8419,9135,9018,9030,5718,7128,7681,8365,9574,8968,9468,5332,7007,7879,8048,8855,9003,9011,5225,6910,7980,9238,8647,8974,7446,2,6723,8199,8439,8415,9287,9448,5266,7343,8558,8301,8467,9166,8968,5108,6639,7485,8071,8400,7127,7181,4089,4458,7813,8034,8767,8735,9543,5547,6719,8343,8501,9525,5173,7317,8035,8470,9171,9351,9606,5832,7173,7836,8433,9530,9088,9844,5181,7137,8018,7521,8841,9518,9226,5201,7179,7927,9158,8576,9339,7403,2,7029,8280,8484,8445,9588,9835,5272,7350,8568,8193,8436,9647,9487,4856,6703,7482,7991,8255,7169,7342,4225,4790,8170,7958,8780,9366,10224,5879,7004,8241,8515
41,Not Accessible,London Overground,2023-05-23,POINT Z (534566.3084 185106.723200001 0),,,,,Hackney Downs,3413,1870,3317,3619,3776,3932,3713,3383,2451,3304,3611,3805,4058,3690,3427,2227,3184,3541,3827,3826,3577,3230,2065,3233,3514,3836,3778,3682,3629,3929,3101,3589,3791,3810,3682,3273,2303,3025,3345,3469,3764,3358,3024,1790,2787,3184,3282,3423,2775,2619,1815,1805,2974,3560,3694,3519,3373,2305,3474,3673,3656,3455,2045,3268,3696,3696,3865,3673,3565,2544,3218,3503,3695,3969,3617,3524,2346,3159,3472,3790,3880,3491,3419,2267,3219,3615,3788,3804,3521,3478,3880,3077,3597,3660,3825,3626,3238,2215,3029,3341,3424,3531,3444,3048,1782,2679,3110,3206,3186,2455,2493,1740,2091,3328,3265,3509,3500,3308,2378,3294,3577,3868
105,Fully Accessible,London Overground,2023-05-23,POINT Z (537096.8222 184575.0834 0),,,,,Hackney Wick,6169,3703,4636,5208,5460,5977,5664,7124,4644,6391,4945,5525,5551,5790,6595,3508,4419,5350,4939,6072,5552,6753,3944,4775,5162,5647,6148,6172,6005,0,4765,5213,5393,5697,6156,11019,3312,4614,5322,5398,5750,6087,8950,3360,4639,4806,5577,5245,5601,7449,3038,2958,4422,5442,5307,5423,7601,5354,4309,5374,5531,6913,3562,4767,5227,5436,5888,5682,7612,4464,7118,4937,5531,5577,6341,7324,3631,4507,5363,4934,6018,6260,7692,4067,5016,5142,5629,6198,6528,6151,0,4893,5206,5395,5671,6624,12222,3574,4743,5296,5318,5727,6893,10109,3430,4905,4699,5623,5311,6064,8603,3623,3262,4578,5415,5358,5961,8849,5375,4774,5275,5446
5,Fully Accessible,London Overground,2023-05-23,POINT Z (533560.4422 183964.7315 0),,,,,Haggerston,4233,3253,3985,4871,4909,5143,4795,4444,3016,3643,4921,4893,5322,4677,0,0,4125,4755,4875,5131,4655,4552,2863,4056,4716,4973,5233,4837,4675,2539,4011,4809,4787,5264,5026,4628,3161,3874,4377,4440,4665,4738,4622,3164,3909,4448,4540,4659,3177,2937,2235,2122,4177,4837,5016,4686,4661,3774,4255,4754,5097,4335,3308,4072,4895,4894,5008,4679,4659,3179,3650,4735,4869,5108,4616,0,0,4157,4713,4941,5035,4586,4624,2910,4189,4740,4903,5157,4888,4735,2493,4073,4789,4770,5211,5061,4915,3247,3811,4298,4419,4468,4687,4902,3130,3826,4320,4374,4383,3012,2753,2300,2606,4285,4809,4725,4763,4669,3691,4146,4719,5067
248,Fully Accessible,London Underground,2021-11-29,POINT Z (545079.8923 191498.1822 0),Central,940GZZLUHLT,"tube, bus",Yes,Hainault,2967,2113,4866,5176,5116,5300,4810,3554,2270,4935,5233,5070,5296,4812,2946,2001,4621,5162,5221,5292,4808,3131,2029,4809,5200,5185,4907,4810,3312,2381,4711,5212,5089,5168,4899,3343,2012,4592,4997,4788,5020,4638,3328,2182,4344,4549,4715,4571,3043,2983,1926,2163,4643,4778,4885,4644,3211,2448,4439,5047,5073,3178,2147,4654,5059,4886,5125,4692,3453,2250,4759,5053,4788,5098,4695,3244,2218,3762,4923,4892,4957,4692,3100,2080,4527,4980,4961,4920,4674,3253,2481,4493,5055,4939,5038,4836,3376,1814,4361,4735,4682,4814,4414,3269,2208,4196,4437,4564,4293,2783,2960,1823,2180,4356,4677,4718,4436,3117,2390,4496,4927,4885
297,Fully Accessible,London Underground,2021-11-29,POINT Z (523325.1097 178697.986300001 0),Hammersmith & City,940GZZLUHSC,tube,No,Hammersmith C&H,14048,9182,14595,16301,16000,16804,14796,13215,8688,14878,16037,16379,17483,16237,13766,9527,14555,16541,16930,17496,15252,11206,9793,14823,16457,16544,17309,15282,14039,8107,13701,15307,15716,15775,14354,12549,9176,13813,14900,14853,15352,13015,13148,12255,12931,14447,14725,14971,10184,10165,6969,7818,14421,15401,16177,14785,13479,8916,14596,16183,15842,13470,8921,13911,15584,15637,15649,14099,12347,8206,14512,15590,15858,17053,15588,13278,9265,14103,15786,16927,17304,14948,11247,8520,14732,15683,16061,16730,14519,13555,7739,13670,14930,14832,15308,14028,12039,9330,14115,14392,14517,14796,12998,12994,12149,12407,14075,13988,14221,9317,9710,6887,7806,13933,15067,15095,13953,13315,8441,14269,15821,15234
279,Fully Accessible,London Underground,2021-11-29,POINT Z (523460.9489 178502.7234 0),"District, Piccadilly",940GZZLUHSD,tube,Yes,Hammersmith D&P,28806,20843,30399,34249,33824,34656,30808,27387,19182,32264,32869,33183,36264,34010,28862,21806,30314,33652,35846,36036,32480,28172,13619,30469,33530,35624,36028,32797,31492,21288,30354,31556,32699,32810,29842,25837,20827,29256,31544,31187,32943,28609,29253,30903,27189,30596,30760,32884,20633,21214,15827,15516,29172,32326,33218,30983,29415,20788,30142,34128,34885,29098,20433,30546,33807,32401,34259,30211,27342,18559,32289,32862,32805,36384,33729,28509,20928,29923,33852,35638,35231,31857,28007,13435,30906,33014,35631,35949,31957,30755,20946,30065,31228,32930,32529,29527,25612,19736,29002,31218,30678,32650,28449,29622,31185,26978,30450,30588,32964,20093,20637,15142,15381,29681,31996,33435,30485,29451,20380,30156,33952,34751
231,Not Accessible,London Underground,2021-11-29,POINT Z (526372.6132 185761.4121 0),Northern,940GZZLUHTD,"tube, bus",Yes,Hampstead,6449,5407,5373,5944,5997,6204,6231,6880,5569,5282,5815,5812,6023,5981,5124,4529,5413,5932,5646,6230,6084,5596,4065,5348,5927,5908,5802,6081,6065,5133,4957,5489,5588,5624,5882,6266,5024,4564,4991,4964,5161,5390,6299,4025,4435,4647,5095,4940,4740,4405,3703,3368,5109,5426,5872,6064,5662,4877,5426,5993,6458,7312,6089,6235,6979,6954,7174,7223,8117,6443,6118,6644,6710,6900,6877,5700,5291,6121,8213,7201,7274,7005,6366,4709,6206,6759,6949,6547,6898,6938,6226,5845,6412,6621,6309,6817,7368,5769,5340,5917,5818,5763,6397,7546,4836,5187,5389,5824,5848,5348,5134,4669,3987,5973,6132,6828,7048,6636,5733,6397,6993,7588
76,Not Accessible,London Overground,2023-05-23,POINT Z (527263.8706 185626.716800001 0),,,,,Hampstead Heath,5551,4916,5121,5352,5503,5621,5479,6269,6084,5006,4971,5195,5205,5048,4859,3547,4795,5476,5527,6423,5379,4548,3141,4987,5098,5591,5618,5206,4765,2894,5142,5388,5457,5649,5986,6791,4092,4993,5251,5190,5250,6095,6663,3127,4661,4664,4895,5062,3906,3907,3081,2888,4985,5046,5408,5383,4962,4874,5594,6089,6071,5894,5178,5144,5262,5431,5592,5485,6525,6326,4976,4562,5122,5093,4951,4850,3662,4796,5333,5565,6304,5141,4593,3062,4850,5032,5431,5680,5009,4929,2806,5155,5290,5442,5596,6017,7086,4417,5013,5202,4995,5262,6370,6931,3153,4527,4628,4886,4947,3987,3948,3029,3072,4962,4862,5311,5346,4942,5040,5326,5946,6076
393,Not Accessible,London Underground,2021-11-29,POINT Z (518527.3157 182634.1785 0),Central,940GZZLUHGR,"tube, bus",No,Hanger Lane,1,0,3888,3996,4274,4141,3795,2941,2239,3697,4180,4451,4491,3737,3127,1897,3694,4088,4385,4329,4224,4577,2873,3723,3412,4322,3928,3983,2896,2045,3653,4382,4488,4481,3986,3230,2186,4261,4266,4425,4208,3844,3233,2089,3724,3945,4129,4073,3886,4089,2749,2813,3901,4165,4320,3867,3303,2400,3659,4171,4461,1,0,3632,4148,4090,3979,3492,2811,1997,3559,3998,4307,4094,3493,2819,1845,3420,3872,4221,4008,3890,3794,2552,3591,3861,4096,3927,3546,2823,1955,3461,4163,4271,4291,3814,2989,2154,3614,4184,4287,3917,3700,3074,1982,3499,3758,3997,3743,3648,3715,2584,2772,3778,3978,4037,3679,3049,2256,3601,3957,4265
426,Fully Accessible,TfL Rail,2022-05-26,POINT Z (515408.8897 180514.715700001 0),Elizabeth Line,,,,Hanwell,2299,1239,2902,3319,3440,3466,2992,2396,1128,2801,3170,3198,3265,2883,2384,1259,2658,3202,2984,3362,1375,2282,0,2732,3124,3177,3245,2880,2301,1480,2712,3196,2701,3366,2993,2546,1672,2721,3028,3088,2936,2898,2529,1106,2577,2852,2953,2749,1,0,0,0,1154,2812,3156,2766,2257,0,2730,3210,3192,1930,1219,2586,2894,2976,2731,2497,2004,1056,2486,2859,2858,2706,2380,1955,1195,2400,2788,2697,2589,1138,1867,0,2372,2765,2727,2759,2358,1923,1453,2250,2762,2633,2923,2429,2010,1794,2423,2668,2673,2609,2354,2058,857,2312,2531,2527,2280,0,0,0,0,1817,2452,2752,2346,1798,0,2502,2876,2546
262,Not Accessible,London Underground,2021-11-29,POINT Z (520874.9265 183414.186899999 0),Bakerloo,940GZZLUHSN,tube,No,Harlesden,2474,1604,4326,4796,4781,4687,4308,2867,1757,4393,4487,4606,4737,4367,2781,1916,4365,4501,4648,4676,4850,2744,1682,4533,4696,4706,4523,4427,2766,1973,4305,4637,4804,4673,4494,2809,1759,4125,4214,4487,4184,4272,2610,1840,3998,3867,4087,4023,2406,2236,1519,1728,3940,4418,4399,4215,2702,2119,4309,4606,4738,2507,1684,4222,4645,4597,4571,4191,2787,1666,4325,4446,4488,4694,4301,2711,1809,4327,4447,4559,4596,4593,2667,1764,4396,4539,4602,4555,4246,2697,1989,4193,4508,4640,4691,4392,2772,1732,4002,4124,4342,4115,4150,2585,1941,3930,3991,4009,3965,2298,2184,1464,1772,4006,4327,4273,4131,2595,1888,4270,4507,4531
415,Fully Accessible,TfL Rail,2022-05-26,POINT Z (554888.3146 190653.3051 0),Elizabeth Line,,,,Harold Wood,4123,2194,5778,6412,6430,6388,5786,3873,2098,6025,6189,6282,6308,5674,3597,2052,5716,6335,6187,6284,5558,3518,2008,5740,6318,6410,6314,5849,4087,2299,5684,6244,6263,6353,5927,4245,2338,5349,6089,5979,5947,5482,3852,2067,5305,5573,5764,5687,3307,3697,1814,2272,5742,6043,6289,5680,4084,2270,5765,6511,6201,3837,1968,5604,6248,6096,6048,5442,3588,1987,5747,6080,5975,6040,5360,3453,1895,5474,6120,5994,6123,5260,3308,1854,5550,6160,6051,6110,5452,3639,2143,5406,6123,5894,5831,5550,3926,2189,5101,5829,5728,5706,5022,3750,1934,5066,5365,5539,5381,3150,3348,1696,2189,5518,5795,5975,5426,3843,2184,5623,6368,6035
104,Fully Accessible,London Overground,2023-05-23,POINT Z (531912.9964 188206.9956 0),,,,,Harringay Green Lanes,2070,0,2036,2106,2154,1997,2156,2216,1662,1955,1990,2123,2109,2160,2048,1461,1911,2048,2044,2254,1791,1896,1332,1920,1967,2041,2108,2046,1996,1507,1843,2018,2125,2171,2131,2171,1457,1913,1960,1998,2004,2110,2089,1464,1861,1884,1989,2114,1768,1633,1128,1299,1962,1952,2015,2148,2051,1484,1952,2124,2113,2018,0,1998,2037,2152,1895,2123,2042,1572,1956,1988,2061,2087,2186,2018,1348,1924,2078,2115,2192,1514,1953,1164,1986,2059,2077,2083,2083,1833,1577,1900,2061,2121,2037,2174,2090,1451,1876,1980,2012,1950,2109,2096,1320,1863,1900,1970,2008,1725,1615,1093,1359,1949,2047,1999,2179,1979,1527,1994,2158,2083
257,Fully Accessible,London Underground,2021-11-29,POINT Z (515443.4908 189445.8062 0),Bakerloo,940GZZLUHAW,tube,No,Harrow & Wealdstone,4761,2937,6639,7090,7124,7548,6773,5328,3123,6601,7033,6726,8120,7263,5322,3045,7006,7023,6773,7115,6835,5148,3031,6338,7138,7100,8135,7293,5137,3505,6494,7106,7152,7263,7200,5363,3270,6536,6953,7059,6976,6841,4937,2851,6154,6465,6542,6404,4677,4044,2575,2794,6582,6345,7264,6620,4784,2963,6637,7535,7271,4390,2789,6271,6838,6468,6995,6313,4825,2906,6324,6635,6428,7146,6317,4641,2867,6580,6825,6591,6817,6302,4630,2806,6264,6944,6571,7492,6737,4621,3219,6195,6757,6512,6793,6511,4648,3090,5937,6297,6599,6338,6103,4207,2670,5726,6115,6104,5757,3988,3501,2621,2809,6133,5986,6660,5991,4090,2882,6192,6847,6900
328,Partially Accessible - Interchange Only,London Underground,2021-11-29,POINT Z (515346.2006 188038.3989 0),Metropolitan,940GZZLUHOH,tube,No,Harrow-on-the-Hill,10469,7640,12906,13447,13683,13813,13023,10638,7346,12969,13292,13637,13236,12612,10060,8338,12742,13966,13571,14186,13404,10618,7091,12809,13403,13287,13825,13159,10845,7741,12378,13605,13658,13907,13419,10699,7624,12251,12826,12618,12838,12582,10298,7934,11453,12098,12522,12718,9738,10428,7224,7648,12804,12837,13749,12648,11513,8455,12821,13864,14115,10761,8003,13388,14299,14377,14572,13545,11156,7811,13498,14319,14533,14453,13269,10433,8599,13191,14760,14399,14895,13952,11032,7537,13425,14234,14102,14418,14272,11349,8154,13051,14393,14526,14699,14237,11272,8035,12557,13734,13425,13720,13163,10727,8250,12290,12740,13027,13292,9619,10672,7557,8070,13848,13659,14411,13191,11597,8674,13333,14452,14840
57,Partially Accessible,London Overground,2023-05-23,POINT Z (513068.1338 191321.7886 0),,,,,Hatch End,741,473,951,1124,1156,1119,1107,844,485,1008,1201,1119,1277,1121,847,509,1021,1089,1184,1135,1154,834,487,1003,1182,1139,1190,1172,831,532,1015,1175,1180,1217,1238,854,497,845,960,936,871,949,817,455,794,874,873,929,762,590,0,296,1113,1111,1125,1056,773,531,1016,1112,1101,783,492,1021,1180,1184,1220,1187,858,540,1059,1148,1161,1211,1123,871,528,1058,1159,1208,1241,1208,890,492,1098,1198,1210,1220,1248,909,607,1069,1214,1216,1254,1358,863,520,904,1008,968,866,1015,849,499,814,820,926,911,808,645,0,340,1190,1148,1130,1123,803,583,1040,1149,1177
298,Not Accessible,London Underground,2021-11-29,POINT Z (509608.3222 175362.561799999 0),Piccadilly,940GZZLUHNX,"tube, bus",Yes,Hatton Cross,3883,3260,4367,4417,2820,4213,4046,3924,3161,4952,4463,4515,4414,4681,4655,3806,4414,4666,4651,4555,5688,5261,3068,4490,4469,4642,4586,4782,4119,3196,4492,4719,4735,4998,4929,4135,3670,4622,4992,4797,4935,4869,4521,3792,4517,4555,4816,5003,3668,3862,3040,3244,4511,4709,4957,4851,4256,3941,4598,4767,4827,3951,3816,4639,4582,3721,4711,4365,4282,3822,4807,4712,4710,4713,4783,4951,4136,4876,4902,4729,4877,6235,5345,4218,4610,4714,4943,4818,4945,4484,3887,4875,5022,4821,5119,4817,4271,4152,4968,5211,5041,5132,5141,4823,4259,4871,4863,5107,5319,3924,4350,3602,3735,4821,4884,4583,5081,4681,4205,5030,5145,4966
507,Fully Accessible,TfL Rail,2022-05-26,POINT Z (509804.823 179417.5529 0),Elizabeth Line,,,,Hayes & Harlington,8841,5892,11511,12223,12898,12425,11777,9751,5891,11778,12498,12453,12586,11429,9822,6231,11580,12656,12393,12646,5255,8784,6152,11328,12320,12240,12559,11849,9606,7361,11725,12542,12267,12793,11837,9952,10893,11566,12402,12302,12363,11786,10073,6549,11069,11621,12011,11938,8105,8731,6298,6299,10560,11645,12182,11627,9910,6982,11588,12691,12855,8648,6214,11386,12123,12415,12180,11338,9356,6013,11528,12479,12272,12198,10984,9439,6210,11399,12465,12036,12560,8420,8916,6371,11087,12137,12052,12414,11365,9671,7519,11328,12213,12381,12204,11447,9436,9924,11198,12201,12100,12203,11221,9568,6743,10708,11341,11705,11524,7853,8329,6234,6303,10945,11257,11763,11373,9454,7007,11455,12399,12687
56,Partially Accessible,London Overground,2023-05-23,POINT Z (513870.4133 190592.896299999 0),,,,,Headstone Lane,517,326,859,987,922,965,899,577,372,821,967,947,985,1001,584,342,888,970,978,991,917,525,317,887,968,975,967,981,533,414,894,990,955,991,968,570,393,686,778,754,751,692,579,338,649,624,693,672,450,498,1,193,876,888,958,904,556,385,898,997,942,447,281,776,878,816,818,823,491,314,781,893,817,855,880,516,298,823,835,867,902,789,425,273,768,861,834,886,840,464,398,785,875,852,888,811,483,329,563,618,646,593,617,467,313,577,526,589,540,362,394,0,205,797,793,879,733,469,324,821,890,852
428,Fully Accessible,TfL Rail,2022-05-26,POINT Z (507493.2047 175905.6667 0),Elizabeth Line,,,,Heathrow T2&3 TfL Rail/HEx,7328,8246,8376,7071,8535,7872,9510,7427,8232,8294,7239,7028,8002,8549,7363,8571,8415,7217,7044,8035,44,8537,9386,9031,7230,7674,8069,8908,7723,8906,9852,8039,6312,7639,8552,7614,8234,8595,7401,8073,8711,8815,7965,7652,9179,8441,8909,9283,8682,7371,7458,10020,9445,9542,10657,10239,8596,9353,10110,9376,9314,6310,5923,6346,5939,7684,7474,9164,6537,5685,6597,5995,6754,8120,8864,6889,7032,7340,6301,6999,8511,49,9014,8663,7653,6677,7591,8109,8944,7398,8300,8295,7052,6529,8332,9879,7892,8071,9005,8146,7925,8201,9505,7839,6718,7976,7762,9070,11405,10237,6800,6031,7540,6923,6485,7516,8508,7326,6663,8432,7294,7990
423,Fully Accessible,TfL Rail,2022-05-26,POINT Z (508056.5597 174503.7634 0),Elizabeth Line,,,,Heathrow T4 TfL Rail/HEx,2088,2342,2184,1923,2866,2346,2498,2102,2010,2335,2067,2252,2002,2284,2116,2272,1981,1926,1950,2075,0,2723,2672,2282,2286,2285,2266,2705,2413,2682,2618,2372,2030,2136,2255,2415,2789,2485,2301,2513,2424,2809,2671,2187,2551,2581,2586,2254,2209,1772,1760,1989,2120,2401,2759,2745,2501,2467,2801,2705,2964,1920,1673,1734,1619,2328,2013,2505,1957,1279,1875,1732,2143,2062,2389,2123,1694,1849,1734,2318,2463,0,2935,2536,2252,2307,2376,2327,2598,2410,2222,2361,2217,2088,2145,2428,2163,2243,2389,2330,2563,2349,2839,2426,1541,2214,2277,2563,2829,2433,1726,1449,1556,1548,1792,2244,2412,1918,1582,1983,1956,2320
432,Fully Accessible,TfL Rail,2022-05-26,POINT Z (505109.3841 175923.8204 0),Elizabeth Line,,,,Heathrow T5 TfL Rail/HEx,3976,5167,5168,4204,4878,4362,5592,3976,5098,5144,4529,4229,4703,4915,4296,5144,5369,4266,3697,4455,178,4271,5283,5457,4372,4363,4660,4843,4357,5608,6075,4849,4150,4425,5030,4291,5044,5614,4687,4842,4604,4647,4064,4334,5091,4882,4735,5007,4998,3610,4119,6721,5329,5920,6190,5355,4944,5635,6111,5391,4655,3542,3509,3812,3632,5016,4861,6094,3889,3299,4175,3865,4394,5495,5661,4085,3813,4203,3592,3831,5470,97,4974,4544,4258,4151,4779,5242,5184,4065,4546,4701,4600,4309,5964,5916,4567,4620,5299,4940,5253,5144,5628,4336,3476,4574,4754,5810,6622,6103,3649,3264,4180,3431,4150,5267,5180,4109,3657,4866,4096,4249
315,Fully Accessible,London Underground,2021-11-29,POINT Z (508081.9464 174430.162599999 0),Piccadilly,940GZZLUHR4,tube,Yes,Heathrow Terminal 4,2572,3048,2372,2335,1627,2391,2411,2318,2764,2483,2251,2299,2153,2680,2266,2600,2158,2194,2330,2100,15,2646,2581,2281,2368,2323,2438,2769,2637,2819,2588,2412,2564,2294,2692,2616,2683,2559,2533,2627,2771,2650,2581,3494,2665,2845,2799,2534,3055,2747,2363,2379,2552,2690,2393,3089,2673,3627,2660,3147,3187,2441,2425,1969,1951,1299,1984,1827,1927,2197,2011,1973,1907,1824,2291,2367,2466,2007,1971,2148,2008,214,3159,2157,2243,2426,2258,2323,2296,2449,2673,2582,2207,2270,2131,2320,2268,2462,2415,2437,2505,2565,2514,2520,3138,2659,2606,2697,2982,2862,2385,2141,2172,2281,2158,2079,2541,2419,2594,2195,2221,2567
442,Fully Accessible,London Underground,2021-11-29,POINT Z (505109.3841 175923.8204 0),Piccadilly,940GZZLUHR5,tube,No,Heathrow Terminal 5,6511,8064,6911,5585,4134,6330,6469,6312,7305,6531,5929,5352,6350,7067,6456,7308,6727,5727,6400,6913,3423,7209,6942,6901,5980,6000,6890,6976,6819,7336,7628,6028,6550,6837,6817,6583,7308,7079,6671,6547,7231,7156,6573,7676,7945,7868,7693,8441,7962,6704,6933,8015,9211,7993,7312,7848,7128,7998,7630,6878,8182,4968,6265,5392,4905,3032,4756,4677,4686,5906,4898,4329,4285,4835,5569,5176,6291,5312,4427,5034,4603,3214,6211,4999,4982,4712,4940,5280,5654,5507,6647,5836,5221,5910,5664,6130,5436,6298,5346,5757,5449,5837,6048,5468,6716,5572,5874,6274,7449,7191,6013,5891,6003,6128,5216,5496,6305,5664,6579,5777,5167,5755
391,Fully Accessible,London Underground,2021-11-29,POINT Z (507585.6702 175839.6403 0),Piccadilly,940GZZLUHRC,tube,Yes,Heathrow Terminals 2&3,9125,9851,8827,8059,6469,9368,9168,8984,9589,8994,8245,7781,9277,10264,9173,9691,8915,7872,8435,9725,5123,10074,9014,8900,8124,8832,9374,10324,9256,9505,9073,8384,9391,9374,10275,9137,9174,9004,8660,9426,10790,10872,10569,12062,10947,10670,11129,11995,11120,9566,8888,10085,11652,11020,11071,11489,10122,10582,10204,10092,11158,7120,8445,7184,6322,4365,6500,6479,6995,8889,8236,6587,6087,6726,8147,7767,9531,7681,6415,6549,6398,3735,9739,7631,7654,6871,7076,7272,8136,8077,9840,8467,7354,7460,7197,8300,7836,9138,8721,7879,7684,8092,8607,8495,10166,8434,8119,8741,9836,10140,9218,8718,8349,8754,7399,7338,8820,8746,9598,8788,7424,8192
482,Fully Accessible,London Underground,2021-11-29,POINT Z (522985.7318 188635.9596 0),Northern,940GZZLUHCL,"tube, bus",Yes,Hendon Central,5994,4627,8753,9419,9372,9264,8594,6529,5121,8330,9396,9011,9003,8147,6229,4953,8407,5918,8579,9311,8085,5540,4183,8403,9187,8952,8504,8329,6155,4830,7929,8739,8653,8757,8055,6497,5082,7700,8239,7906,7884,7285,6481,4453,6326,7067,7333,7289,5017,5109,3702,3837,7239,7583,7899,7472,5850,4859,7569,8367,8384,5525,4259,8236,9047,8888,8740,8022,6040,4580,7902,8609,8573,8343,7521,5535,4568,7957,4100,7633,8675,7630,5215,3890,8141,8845,8418,8043,7761,5646,4609,7518,8417,8078,7819,7490,5813,4788,7330,7830,7550,7374,6873,5838,4178,5934,6444,7087,6625,4518,4625,3360,3672,6919,7187,7398,6877,5353,4612,7483,7829,7856
370,Fully Accessible,DLR,2021-09-23,POINT Z (537421.0315 180121.921499999 0),,,,,Heron Quays,3952,3148,5573,6534,5996,6025,4849,82,18,5493,5853,5876,5743,4772,4655,3609,5349,6295,6402,5922,4713,43,16,5398,6011,5925,5712,4592,3776,3374,5112,5831,5959,5759,4707,36,19,4841,5422,5411,5301,4312,4806,3374,4892,5294,5328,4998,3850,3962,3377,3214,4989,5195,5539,4641,3712,5222,5232,5886,5750,4267,3248,4983,6253,6050,6273,5218,16,1,5541,6106,6011,5916,5343,5018,3778,5635,6345,6093,6200,5129,4,4,5699,6170,6097,5999,4938,4158,3645,5382,6163,6563,5954,5135,11,3,4988,5617,5507,5657,4746,5248,3598,5187,5369,5518,5244,4302,4452,3816,3342,5191,5506,5637,4921,3910,5634,5354,6099,5987
436,Fully Accessible,London Underground,2021-11-29,POINT Z (525030.1427 196180.328199999 0),Northern,940GZZLUHBT,"tube, bus",Yes,High Barnet,4282,2774,5229,5901,6008,6089,5499,5321,3450,5663,6246,5479,6170,5558,4597,3101,5422,6263,6262,6573,5495,4222,2621,5492,6135,6194,5771,5655,4286,2896,5325,6252,5981,6133,5677,4580,3029,4775,5366,5248,5265,4793,4126,2731,4366,4836,5327,5142,3256,3617,2331,2454,5601,5690,6132,5451,4236,3015,5536,6030,6154,4163,2795,5095,5804,5822,5968,5415,5161,3506,5461,5838,5482,5981,5308,4412,3110,5149,6281,5961,6389,5218,4189,2652,5221,6008,6039,5930,5472,4355,2962,5244,6102,5786,5796,5452,4469,2977,4640,5122,4789,5103,4650,4212,2815,4428,4753,5081,5257,3242,3628,2331,2390,5454,5576,6022,5289,4174,2940,5254,5726,6084
173,Partially Accessible - Interchange Only,London Underground,2021-11-29,POINT Z (525578.3546 179494.316500001 0),"District, Circle",940GZZLUHSK,"tube, bus",No,High Street Kensington,14787,11623,14592,15927,16612,16352,15870,16162,11258,14468,15895,16405,16875,15567,15750,11191,14471,15660,16253,16650,15482,17585,11071,14510,15033,16157,16276,15949,15342,10514,13946,15190,15839,16099,15053,14617,11092,14038,15392,16334,15729,14687,14636,10204,14903,16014,16655,16848,13024,13174,8797,9298,14036,15633,16210,15660,15525,11297,14962,16027,16492,13688,10396,13878,15140,16020,15775,15367,14457,9484,14003,15309,15924,16221,15443,15173,10103,14057,15395,15697,16398,15283,16877,10167,14233,15190,15933,16203,15424,14213,9157,13453,14867,15657,15882,14777,13718,9611,13882,15261,15910,15411,14719,14215,9464,14647,15629,16411,15949,12213,12260,8110,8799,14170,15529,16150,15331,15120,10628,14505,15854,15842
33,Not Accessible,London Overground,2023-05-23,POINT Z (538569.1085 191838.7722 0),,,,,Highams Park,3433,1578,4265,5169,5003,5253,4509,3517,2085,4500,5100,5169,5261,4468,3909,2332,4458,5194,5034,5257,4610,3407,2028,4451,5171,5246,5522,4716,3518,2356,4431,5234,5265,5358,4609,3431,2267,4255,4931,4715,4892,4386,3528,1558,4113,4472,4493,4690,2606,3058,1676,1937,4577,5132,5351,4669,3539,2462,4599,5389,5192,3104,1783,4267,4994,4998,5065,4347,3252,2104,4451,5085,5053,5100,4436,3653,2350,4783,5180,5018,5122,4539,2927,2025,4430,4965,5032,5342,4617,3268,2382,4294,5037,4898,4902,4337,3197,2242,4211,4844,4645,4631,4021,3250,1817,4097,4381,4475,4460,2529,2802,1669,1902,4529,4953,5110,4431,3218,2494,4424,5292,4674
242,Partially Accessible,London Underground,2021-11-29,POINT Z (531583.269 184873.934800001 0),Victoria,940GZZLUHAI,tube,Yes,Highbury & Islington,21315,13891,19517,21572,22953,23710,23564,23812,14897,20461,23293,31493,24101,22332,21259,21738,19308,21561,22733,23159,23937,28839,14115,18945,21381,27314,23110,23312,22565,12916,18533,31632,22298,23782,23209,22617,13896,17865,31106,21742,21716,21840,31858,13622,16755,20279,20283,21020,15530,23370,10191,9704,18662,29105,22094,22944,22414,16139,20097,30846,23809,22974,14788,20446,22517,23380,23418,23287,24286,15445,20075,22938,32843,24173,22623,21828,22393,19587,22272,24586,23624,24181,29375,15114,19695,22123,27463,23559,23299,24325,15367,19401,33641,22925,24024,23957,23609,15108,18916,32839,22212,22104,22271,33825,14219,17515,20894,21209,20800,15198,22073,11021,11666,19650,32701,22863,23684,23695,17332,20811,35929,24819
472,Not Accessible,London Underground,2021-11-29,POINT Z (528534.7964 188180.791099999 0),Northern,940GZZLUHGT,"bus, tube",Yes,Highgate,6240,4063,6437,7336,7601,7914,7029,6488,4513,6579,7441,7504,7816,7064,6053,4081,6583,7618,7539,7884,7064,6022,3794,6321,7417,7557,7126,6930,6331,4328,6147,7142,7414,7477,6688,5891,4182,5876,6592,6735,6847,6291,5526,3697,5626,6379,6550,6523,4575,4600,3304,3088,6458,7107,7483,6726,6138,4522,6511,6978,7549,5750,4174,6112,7039,7100,7348,6330,6018,4399,6206,6777,6886,7208,6397,5724,4313,6163,7177,6865,7348,6221,5585,3807,5958,7173,7196,7191,6358,5777,4345,5951,6743,6857,6492,6128,5480,4174,5410,6114,6171,6374,5703,5345,3669,5275,6113,6046,5764,4148,4209,3390,3409,6305,6686,7085,6457,5950,4560,6107,6743,7115
319,Fully Accessible,London Underground,2021-11-29,POINT Z (507602.2269 185034.942299999 0),"Metropolitan, Piccadilly",940GZZLUHGD,"bus, tube",No,Hillingdon,1841,1162,2112,2441,2539,2570,2255,2126,1079,2181,2397,2397,2442,2168,1737,1746,2114,2510,2394,2582,3000,1911,1040,2755,2523,2525,2507,2335,2190,1250,2091,2496,2370,2506,2304,1916,1290,2041,2351,2129,2275,2111,1956,1828,1792,2103,2085,2239,1354,1704,901,1054,2273,2379,2485,2231,2722,1853,2237,2639,2455,1574,1147,1953,2321,2282,2359,2051,1947,1134,1982,2277,2223,2285,1939,1497,1682,2070,2292,2184,2374,2578,1597,1113,2486,2308,2295,2335,1992,1990,1218,1921,2303,2150,2361,1989,1691,1332,1859,2190,2017,2107,1875,1774,1602,1717,1949,1998,2088,1316,1501,882,978,2106,2172,2359,2025,2343,1841,1994,2393,2296
211,Not Accessible,London Underground,2021-11-29,POINT Z (530512.0615 181525.070900001 0),"Central, Piccadilly",940GZZLUHBN,"tube, bus",Yes,Holborn,21922,13051,27924,33307,33609,34857,28114,21253,12408,28651,34407,32656,36009,29488,26382,14561,27532,34401,33895,35461,28992,22103,13416,27790,34438,33836,36105,28944,21611,13066,25244,30748,32976,34389,26587,19827,12754,24439,30396,31099,30767,24855,21385,12496,23797,29537,29300,27677,15837,18041,10273,10860,24928,29421,32084,26272,22647,16996,24339,29078,31621,22783,13032,29481,34398,36567,37088,30423,22728,13116,30061,36306,37214,38359,31930,25460,14248,29822,36278,37353,37612,31193,22985,13499,29538,36499,36379,38427,31262,22035,12938,27078,34767,35754,37062,28662,21130,12964,26441,33014,33511,33457,27343,21984,13492,25708,32431,31330,30335,16854,18654,10641,10849,27084,32061,34685,27789,23919,14222,25947,33705,34718
183,Not Accessible,London Underground,2021-11-29,POINT Z (524626.2477 180217.3517 0),Central,940GZZLUHPK,"bus, tube",Yes,Holland Park,4103,2727,4340,4694,4991,5062,4785,4599,3197,4310,4583,4814,4844,4465,3953,2625,4368,4759,5020,5147,4734,4822,2767,4558,4808,5241,5674,4730,4774,3451,4623,4903,5026,4886,4938,4982,2869,4547,4994,4869,4805,5127,5037,2938,4088,4115,4958,3627,3439,3964,2893,2356,4407,4554,5252,4906,4797,3646,4516,5986,5573,4106,2887,4250,4655,5079,4956,4779,4656,3469,4457,4602,4908,4821,4468,4269,2716,4371,4712,5126,5249,4816,4940,2704,4528,4811,5097,5462,4705,4911,3666,4716,4876,4950,4894,4872,4730,2885,4525,4990,4733,4674,5350,5420,3081,4093,4025,4900,3402,3570,4115,3037,2559,4371,4460,5095,5017,4698,3875,4520,6270,5682
150,Not Accessible,London Underground,2021-11-29,POINT Z (530907.4434 185449.7238 0),Piccadilly,940GZZLUHWY,"tube, bus",Yes,Holloway Road,6080,4074,7459,8214,7437,8186,7213,5860,4000,5571,6025,7610,8017,7286,6394,4117,7355,8205,7755,8218,8974,5552,2851,7002,9013,7402,8147,7099,6163,4309,6293,7595,7400,7424,6466,5336,3946,6346,8254,7731,7446,6971,6123,4077,5676,6417,6495,6297,4753,8052,3921,3516,5298,6796,6668,6409,5709,4322,6833,8363,7461,5810,4380,7684,8170,7522,8124,6827,5530,4564,6034,6446,9889,7897,7029,6139,5776,7500,8246,7713,8567,8298,6873,3279,7088,10361,8239,7887,6983,5722,4415,6612,11281,7183,7417,6428,5018,4154,6357,12085,8032,7321,6707,9089,4242,5527,6783,6497,5817,4432,7052,3897,4066,5551,9575,6540,6351,5474,4378,6959,9582,7343
102,Fully Accessible,London Overground,2023-05-23,POINT Z (535799.12 184946.330800001 0),,,,,Homerton,5738,3265,6638,7127,6999,7175,7239,6066,3618,6440,6666,7141,7461,7044,5771,3310,6448,7146,6638,7286,7166,5830,3292,6167,7009,6958,7214,7334,4934,0,6093,7179,6969,7445,7331,6018,3242,5978,6799,6680,6996,6991,6238,3372,5813,6807,6606,6749,4747,4887,2831,3213,6459,7137,7133,6930,5996,3842,5571,7145,7172,5312,3470,6581,6926,6916,6952,6667,5679,3709,6331,6625,6948,7074,6535,5462,3383,6357,6807,5884,6721,6577,5199,3360,6106,6893,6677,6820,6686,4537,0,5974,6878,6645,6916,6944,5626,3262,5798,6528,6404,6559,6198,5838,3516,5697,6494,6127,5963,4167,4206,2918,3474,6500,6692,6821,6540,5750,3808,5689,6669,6646
91,Not Accessible,London Overground,2023-05-23,POINT Z (535947.9974 174217.0002 0),,,,,Honor Oak Park,3143,1984,3024,3404,3981,4099,3538,3543,2302,3174,3877,3862,3974,3514,2359,1460,3267,3792,3925,4107,3572,3388,1882,3341,3868,4080,4089,3618,3122,2125,3197,3782,3848,3995,3531,3021,2227,3039,3585,3499,3563,3117,3157,1919,2895,3342,3325,3459,2441,799,1657,1556,3320,4358,3858,3569,3453,2679,3357,3875,4007,2883,2101,3226,3630,4074,3940,3351,3422,2473,3379,3838,3886,3969,3378,2131,1512,3306,3773,3902,3965,3357,3120,2147,3484,3844,4082,3988,3477,3035,2403,3265,3767,3825,3951,3245,2728,2428,2945,3538,3485,3487,2940,3025,2058,3013,3325,3389,3232,2167,1340,1676,1853,3510,4244,3877,3448,3330,2569,3329,3938,4023
192,Not Accessible,London Underground,2021-11-29,POINT Z (553944.498 186240.2941 0),District,940GZZLUHCH,"tube, bus",No,Hornchurch,0,2,2707,2835,3165,3105,2548,1948,1009,2863,2941,2922,3093,2512,1693,1028,2741,3094,3177,3083,2628,1716,939,2723,3127,3157,3030,2629,1836,1106,2700,3138,3191,3085,2690,1900,1045,2488,2840,2803,2750,2452,1944,1115,2493,2624,2729,2616,1535,1914,917,1083,3019,3027,3072,2629,1956,1517,2815,3150,3207,0,1,2854,3041,3100,3135,2694,2042,1092,2915,3049,3048,3125,2629,1813,1106,2781,3107,3189,3187,2725,1793,975,2842,3109,3234,3051,2710,2006,1160,2776,3141,3238,3326,2662,1905,1178,2415,2815,2719,2718,2333,1921,1135,2514,2630,2750,2677,1643,1878,951,1145,3000,3068,3070,2680,1989,1541,2856,3179,3296
300,Not Accessible,London Underground,2021-11-29,POINT Z (513567.6962 175971.364700001 0),Piccadilly,940GZZLUHWC,"tube, bus",Yes,Hounslow Central,3973,3102,4817,5134,2994,4905,4635,4148,3337,4781,5159,4893,4968,4906,4242,3239,4777,5093,5139,5220,4841,4005,2209,4753,5098,5114,5302,4987,4205,3369,4812,5084,5102,5332,5041,4309,3319,4876,5319,5198,5211,5141,4449,3305,4614,4897,4910,5018,3680,3948,3005,2903,4791,4853,5125,5178,4251,3447,4765,5130,5493,3920,3095,4921,5192,4069,5172,4875,4058,3028,4786,5175,4916,4890,4823,4192,3184,4758,5099,4864,5137,4682,3766,2490,4842,5090,5165,5252,5053,4083,3393,4878,5146,5117,5307,5161,4428,3308,4855,5347,5042,5149,4981,4504,3321,4712,4879,4960,4971,3580,3879,3033,2919,4835,4955,4756,5109,4171,3415,4849,5286,5402
301,Fully Accessible,London Underground,2021-11-29,POINT Z (514254.5504 176202.929199999 0),Piccadilly,940GZZLUHWE,"bus, tube",Yes,Hounslow East,4238,3399,4921,5077,2887,4843,4906,4386,3799,5020,5001,5028,5028,5002,4818,3640,4880,5206,5184,5039,4986,4342,2393,4922,5134,5248,5232,5224,4335,3447,4874,5231,5114,5344,5167,4352,3792,4725,5039,5105,5090,5121,4899,3698,4690,4855,5100,5088,4056,4069,3240,3096,4649,4945,5119,5078,4660,3793,4854,5224,5229,4319,3657,5292,5481,4280,5524,5598,4502,3950,5513,5474,5437,5388,5440,4909,3855,5348,5660,5324,5599,5261,4529,2971,5360,5476,5562,5623,5611,4657,3669,5152,5462,5462,5751,5520,4483,3966,5187,5507,5492,5468,5554,5015,3964,5141,5204,5452,5508,4094,4174,3428,3442,5000,5332,4903,5370,4909,3970,5311,5468,5591
299,Fully Accessible,London Underground,2021-11-29,POINT Z (512207.7403 176196.9816 0),Piccadilly,940GZZLUHWT,"bus, tube",Yes,Hounslow West,3621,3111,4021,4191,2330,3969,3685,3970,3096,4225,4186,4260,4270,4207,3874,3193,3981,4343,4251,4300,4921,3858,2331,4110,4432,4252,4400,4284,3898,3235,4003,4491,4411,4472,4447,4070,3459,4077,4473,4327,4355,4383,4274,3494,4146,4172,4374,4338,3583,3941,3145,2795,3949,4026,4224,4446,4211,3735,4038,4366,4423,3904,3139,4141,4383,3538,4267,4276,4019,3055,4232,4204,4252,4286,4097,4003,3308,4056,4481,4177,4362,4656,4063,2791,4130,4374,4303,4516,4370,4083,3406,4174,4478,4463,4463,4335,4134,3346,4150,4452,4447,4381,4286,4348,3450,4205,4230,4393,4449,3740,3995,3162,2858,3952,4185,3842,4345,4216,3621,4142,4406,4386
6,Fully Accessible,London Overground,2023-05-23,POINT Z (533576.8851 183147.8138 0),,,,,Hoxton,4554,4196,4375,5270,5457,5689,5252,4877,4197,3938,5434,5405,5398,5267,0,0,4591,5465,5478,5389,5347,4872,4099,4327,5444,5448,5574,5307,4809,3205,4190,5212,5174,5714,5219,4570,4290,4034,4924,4792,5031,4873,4897,4233,3829,4913,4781,4863,3206,3043,2865,2110,4723,5271,5519,5156,4846,4609,4590,5266,5635,4807,5390,4484,5402,5528,5870,5432,5249,5240,4050,5572,5508,5813,5682,0,0,4752,5579,5650,5526,5714,5268,4925,4610,5660,5700,5748,5653,5286,3925,4179,5269,5432,5778,5306,5064,5345,4144,5065,4787,5218,4841,5267,4956,4086,4902,4871,4862,3114,3094,3526,2243,5004,5324,5367,5342,5296,5104,4733,5484,5622
145,Not Accessible,London Underground,2021-11-29,POINT Z (528213.2383 179816.724099999 0),Piccadilly,940GZZLUHPC,"tube, bus",Yes,Hyde Park Corner,5780,4352,4405,4824,4868,4994,4952,5733,3870,3938,4290,4210,4540,4489,6309,4705,3763,4596,4523,5131,4645,5946,3774,4219,4573,4858,5099,4651,5354,4375,4396,4540,4909,5183,5198,5951,3635,4844,5277,5039,5281,6554,7109,4219,5032,4885,6096,6205,5057,5581,6923,3162,4613,4759,5575,6109,6193,5411,5160,5438,5941,5987,4658,4585,5202,4998,5440,4951,6344,3134,4162,4510,4302,4755,4803,6013,4750,4105,5092,5602,6160,4983,5119,2880,4219,4743,5136,5521,4986,5583,4414,4803,5036,5708,5607,5712,6661,5029,4959,5649,5355,5757,7082,7684,4431,5521,5023,6397,6592,4946,5503,9515,3025,4755,5155,6300,6219,6603,6024,5354,5948,6393
320,Not Accessible,London Underground,2021-11-29,POINT Z (508092.3561 185937.6131 0),"Metropolitan, Piccadilly",940GZZLUICK,"tube, bus",No,Ickenham,1404,783,1294,1561,1458,1643,1336,1006,609,1325,1425,1443,1404,1264,1072,869,1281,1509,1512,1550,1595,1112,544,1487,1498,1488,1549,1307,1268,612,1206,1515,1310,1480,1320,1132,787,1103,1279,1253,1253,1158,1130,954,1099,1167,1248,1209,857,881,507,577,1277,1493,1630,1426,1817,923,1338,1619,1538,1328,847,1315,1513,1537,1636,1444,1034,697,1312,1516,1470,1464,1341,1087,890,1364,1569,1570,1643,1594,1111,608,1549,1491,1566,1548,1270,1217,678,1285,1508,1390,1538,1357,1109,796,1166,1352,1321,1331,1179,1109,897,1185,1165,1282,1304,794,916,525,596,1287,1527,1681,1395,1615,939,1359,1603,1630
382,Fully Accessible,TfL Rail,2022-05-26,POINT Z (543515.8596 186487.352399999 0),Elizabeth Line,,,,Ilford,12422,8543,13939,15433,15083,15460,14923,12324,8103,14650,15527,15165,15386,14909,14147,9986,14707,15491,15200,15752,14921,11978,8457,14477,15325,15490,16599,15214,13383,10696,14202,15404,15506,15904,15433,12889,10688,14533,15651,15222,15805,15212,13203,9338,14223,14600,15373,15277,11662,12136,8929,9085,14739,14943,15588,15153,12926,8941,16195,15812,15986,11497,8641,14489,15873,15870,15866,15533,12199,8264,15460,16124,15698,15898,15381,13487,9557,19006,16028,15676,16057,15283,11832,8571,15098,16144,15783,16396,15577,13630,10844,14615,15978,15877,15427,15537,12648,10614,15007,16013,15567,16207,15488,13002,9484,14965,15116,15726,15572,11349,11565,8874,9084,15320,15281,15823,15448,12691,9332,15861,16230,16298
65,Fully Accessible,London Overground,2023-05-23,POINT Z (526280.0036 176711.995999999 0),,,,,Imperial Wharf,2555,1484,4053,4534,4393,4403,4069,2538,2167,4798,4649,5013,5451,4513,2530,1656,4132,4264,4486,4430,3968,2664,1592,4028,4261,4449,4514,4154,2738,1561,3829,4420,4625,4918,4026,2474,1642,3852,4088,3177,4143,3765,1584,1826,3648,4038,3835,4264,1640,1938,1225,1530,3883,4171,4285,4006,3356,2115,3779,4415,3406,2496,1465,3981,4417,4320,4330,3939,2369,2085,4875,4560,4979,5371,4519,2426,1607,3969,4280,4443,4256,3857,2417,1495,3948,4192,4399,4328,3928,2596,1528,3830,4349,4490,4805,3919,2294,1550,3701,3982,3348,3966,3581,1562,1664,3565,3860,3855,4078,1443,1737,1206,1587,3875,4051,4210,3868,3029,1929,3735,4284,3708
371,Fully Accessible,DLR,2021-09-23,POINT Z (538227.0537 178443.888499999 0),,,,,Island Gardens,2469,2091,2255,2436,2463,2396,2385,0,0,2192,2270,2289,2335,2413,2461,1822,2211,2428,2366,2497,2353,0,0,2163,2292,2486,2526,2476,2586,2183,2080,2378,2461,2363,2384,0,0,2173,2406,2328,2486,2506,3193,2162,2243,2302,2525,2790,2306,2139,1701,1542,2345,2378,2459,2564,2779,8108,2332,2483,2680,1695,1521,1674,1907,1959,1934,1827,0,0,1741,1850,1866,1857,1763,1695,1296,1742,1941,1987,1837,1731,0,0,1718,1930,1869,1903,1831,1829,1502,1558,1715,1837,1771,1734,0,0,1628,1807,1738,1805,1776,1910,1412,1610,1709,1844,1735,1306,1426,1113,1116,1633,1869,1920,1868,1926,5211,1773,1966,2020
421,Fully Accessible,TfL Rail,2022-05-26,POINT Z (503774.5112 179908.3325 0),Elizabeth Line,,,,Iver,206,154,297,370,288,340,294,307,147,323,372,380,401,319,248,141,309,368,347,349,323,262,131,301,352,357,396,342,279,142,278,315,363,414,302,250,237,279,354,343,372,333,305,172,305,377,332,354,200,286,127,177,242,375,391,296,338,207,292,383,384,191,166,282,338,293,317,290,235,125,303,367,344,361,289,224,121,318,359,346,301,289,221,154,320,331,321,378,298,225,158,254,325,329,380,281,188,190,270,294,322,345,280,258,194,279,341,300,331,187,247,103,150,267,347,356,290,249,190,278,372,386
237,Partially Accessible - Interchange Only,London Underground,2021-11-29,POINT Z (531598.8041 178299.556299999 0),Northern,940GZZLUKNG,"tube, bus",Yes,Kennington,7376,4869,6496,6861,7482,7858,7794,7822,5251,6650,7322,7687,8043,7869,7497,4949,6561,7275,7340,7808,7625,7448,4557,6598,7386,7430,7252,7842,7183,5018,6128,7269,7152,6492,7465,6986,5009,6067,6782,6955,7420,7145,7039,4893,5887,7026,6983,7240,5588,5336,3926,3653,6260,7304,7469,7502,7405,6259,6642,7481,7576,7306,5212,6358,7304,7412,7926,7538,7819,5411,6647,7406,7593,7776,7628,7758,5302,6474,7395,7269,7611,7402,7345,4954,6499,7354,7240,8998,7711,7268,5179,6137,7075,7018,8139,7292,7073,5243,5969,6743,6924,7119,6998,7328,5186,5878,6850,6837,6695,5219,5130,3966,4306,6720,7066,7175,7282,7397,6239,6414,7440,7411
261,Not Accessible,London Underground,2021-11-29,POINT Z (523257.1398 182789.7245 0),Bakerloo,940GZZLUKSL,tube,No,Kensal Green,2450,1531,2756,3197,3270,3301,2991,2532,1467,2752,3221,3267,3329,3129,2382,1777,2783,3245,3235,3450,3122,2326,1505,2790,3189,3271,3344,3067,2482,1877,2757,3167,3215,3318,2777,2263,1720,2672,3029,3122,3088,2817,2336,1565,2534,2943,2989,2992,1961,1907,1205,1253,2829,3203,3392,3084,2347,1544,3013,3380,3421,2292,1670,2750,3201,3126,3229,2902,2333,1521,2864,3320,2964,3312,2930,2310,1749,2841,3225,3235,3247,2959,2251,1605,2841,3172,3164,3172,2938,2352,2074,2675,3208,3089,3174,2594,2113,1874,2615,2869,2999,2701,2615,2152,1667,2552,2771,2883,2734,1776,1752,1237,1494,2897,3035,3290,2890,2227,1524,2874,3259,3300
73,Partially Accessible,London Overground,2023-05-23,POINT Z (523522.4258 183217.409700001 0),,,,,Kensal Rise,3431,2107,3780,4034,4076,4103,4110,3508,2295,3763,3793,4108,4068,3931,3366,2104,3696,3993,4040,4164,3989,3389,1893,3665,3969,4084,4135,4080,3271,1640,3504,3950,4003,4027,4072,3647,1786,3298,3694,3464,3534,3591,3093,1722,3031,3304,3436,3349,2401,2443,1662,1967,3613,3843,4003,4032,3491,2420,3562,4227,3847,3377,2044,3708,4056,4040,4069,3992,3231,2372,3807,3903,4123,3942,3807,3194,2097,3754,3942,3916,4266,3957,3203,1959,3719,3997,4089,4156,3984,2869,1559,3601,3947,3788,3867,3742,3107,1686,3116,3721,3226,3626,3478,2912,1695,3057,3281,3267,3211,2068,2349,1623,1973,3648,3979,4012,3952,3194,2267,3721,4261,3512
62,Not Accessible,London Overground,2023-05-23,POINT Z (524384.0024 179135.0024 0),,,,,Kensington Olympia,2980,1311,3616,4131,4238,3998,3656,2604,1578,3847,6236,6504,5536,3429,2538,1578,3543,3819,3898,3985,6541,7761,5424,5647,5826,5729,5780,6039,5361,3191,4874,5179,5365,5456,5624,6096,5151,3322,3570,2732,3365,3158,1897,1440,3026,3302,3219,3039,1539,1817,1152,1275,3161,3728,3942,3382,2534,1753,3471,4985,3706,2650,1244,3535,3965,4014,3905,3419,2320,1367,3656,5652,6471,5492,3343,2415,1444,3375,3758,3811,4026,5590,7016,4628,5119,5428,5379,5360,5421,5060,3007,4539,4862,4988,4931,5108,5651,4705,3262,3523,3496,3338,2970,1714,1233,2915,3270,3168,2982,1460,1662,1075,1358,3286,3819,3863,3255,2369,1564,3126,4863,4847
234,Not Accessible,London Underground,2021-11-29,POINT Z (529009.0105 185127.159 0),Northern,940GZZLUKSH,tube,No,Kentish Town,8734,5022,9636,10138,9602,10921,10206,7064,4653,8145,11278,9683,9839,9878,8104,5002,8307,11195,9864,10135,9740,9746,5293,8228,10360,9671,11393,10210,9555,6183,7930,10845,9621,10944,8790,7965,5264,7622,8939,10097,9184,10267,7067,4397,7386,8619,9325,8981,6473,7566,4815,4425,8256,10472,10496,9083,8384,5083,8244,9144,9295,7927,4790,9544,9906,9270,10410,9582,6184,4414,7964,10649,9430,9326,9425,7858,4904,8097,10869,9440,9381,9202,9301,5237,7953,10054,9300,11241,9543,8701,5839,7779,10443,9374,10195,8350,7064,5073,7390,8668,9735,8662,9630,6172,4292,7202,8168,8638,8228,5713,6995,4708,4674,8345,10346,10122,8658,7879,4787,8074,9383,9429
72,Not Accessible,London Overground,2023-05-23,POINT Z (528598.3086 184759.8595 0),,,,,Kentish Town West,2497,1572,2518,2857,2713,2748,2787,2849,1909,2491,2745,2973,2915,2867,2611,1443,2447,2778,2646,2803,2887,2390,1529,2504,2672,2821,2861,2780,2077,734,2458,2759,2726,2887,2838,2735,1115,2180,2409,2503,2530,2749,2573,1343,2126,2230,2390,2333,1746,1907,1309,1240,2450,2740,2831,2725,2677,1973,2414,2858,2643,2427,1555,2530,2860,2774,2872,2936,2752,1831,2471,2843,2956,2922,3012,2396,1509,2515,2749,2827,2909,2923,2265,1578,2472,2751,2827,2943,2830,2108,689,2497,2780,2693,2870,2750,2431,1083,2194,2370,2584,2650,2776,2512,1360,2058,2424,2480,2426,1719,1872,1167,1334,2537,2684,2859,2751,2512,1898,2294,2785,2583
485,Not Accessible,London Underground,2021-11-29,POINT Z (516727.9918 188314.4716 0),Bakerloo,940GZZLUKEN,tube,No,Kenton,1963,1334,2718,2859,2954,2989,2739,1997,1446,2925,3288,3067,3472,3199,2222,1567,2887,3096,3051,3132,3153,2110,1449,2905,3178,3067,3011,2960,2112,1477,2932,3061,3241,3212,2990,2037,1480,2727,2747,2737,2654,2638,2060,1544,2616,2348,2405,2653,1854,2122,957,1503,2858,2822,3027,2927,2051,1295,2886,2994,2930,1962,1365,2685,2961,3003,3021,2765,2130,1449,2899,3120,2917,3174,2877,2150,1613,2857,3043,3200,3063,3125,2166,1435,2927,3098,3094,3007,2957,2121,1549,2836,3096,3112,3193,2938,1994,1548,2622,2808,2674,2628,2740,2018,1501,2605,2393,2419,2590,1827,2205,912,1542,2869,2796,2952,2838,2039,1520,2909,3008,2922
266,Fully Accessible,London Underground,2021-11-29,POINT Z (519196.0695 176731.8028 0),District,940GZZLUKWG,tube,No,Kew Gardens,6984,5393,4621,5429,5708,5764,5155,6703,5337,4788,5329,5266,5273,5029,6144,4423,4532,5702,6008,6905,5691,5151,3113,5123,5635,6397,6414,5750,9719,9924,6048,6438,6693,6589,7004,9806,9,4831,6722,6441,6852,7574,9304,4952,5676,5214,6529,5894,6495,6147,4594,3917,5593,5055,6032,6107,6495,6461,5504,6532,6454,6689,5415,4511,5326,5503,5577,5066,6786,5509,4652,5205,5135,5170,4866,5968,4368,4471,5589,5831,6780,5548,5162,2871,4902,5461,6176,6190,5513,9397,9260,6117,6268,6397,6478,6841,9847,21,5435,6636,6407,6640,7414,9294,4967,5631,5056,6364,6220,6332,6223,4818,3836,5583,4901,5829,5875,6534,6513,5434,6458,6403
218,Fully Accessible,London Underground,2021-11-29,POINT Z (524583.2751 184644.8518 0),Jubilee,940GZZLUKBN,"tube, bus",Yes,Kilburn,7140,5238,7941,8519,8697,8996,8539,7739,5258,7552,8834,8589,8569,8853,7532,6196,7900,8766,8668,8988,8932,6666,5292,8342,8485,8661,8833,8567,7272,5350,7564,7913,8329,8648,8337,6717,5313,7389,8012,8112,8004,8271,7553,5576,7067,7588,7852,8004,5988,6084,4407,3857,6998,7792,8167,8304,8004,6140,7685,8672,8969,7065,5475,7995,8224,8646,8708,8312,7728,5542,7620,8417,8585,8573,8638,7630,6237,7904,8735,8034,8858,8839,6764,5479,8200,8506,8677,8645,8428,7338,5504,7684,6555,8407,8509,8136,7003,5595,7220,7775,7930,7781,8102,7352,5698,6929,7585,7937,7547,5785,6063,4452,4520,7237,7844,8070,8153,7866,6078,7519,8187,8322
71,Not Accessible,London Overground,2023-05-23,POINT Z (525541.9965 183633.004899999 0),,,,,Kilburn High Road,1058,768,1114,1227,1279,1250,1435,1113,808,1244,1272,1172,1213,1272,1081,803,1173,1260,1219,1249,1336,1113,604,1144,1280,1249,1263,1308,1127,913,1187,1226,1193,1221,1200,1076,760,1051,1154,1143,1146,1219,1086,757,1043,1061,1173,1196,934,499,0,305,1087,1090,1271,1197,1085,906,1150,1259,1293,968,843,1145,1261,1256,1285,1473,1076,834,1196,1234,1313,1291,1335,1094,848,1235,1252,1258,1280,1330,1004,762,1197,1363,1253,1267,1269,1016,943,1246,1293,1290,1226,1139,978,733,1077,1204,1094,1146,1301,971,786,1041,1057,1183,1095,869,694,1,409,1196,1178,1278,1248,1109,1048,1204,1299,1383
274,Not Accessible,London Underground,2021-11-29,POINT Z (525357.7486 183328.0363 0),Bakerloo,940GZZLUKPK,"tube, bus",No,Kilburn Park,3525,2572,3724,4014,4063,4258,4038,3839,2584,3791,4055,4014,4206,4094,3732,2673,3686,3925,4076,4176,4096,3547,2558,3534,4031,4195,4123,4062,3724,2734,3688,4130,4087,4189,3887,3539,2510,3411,3736,3787,3893,3915,3632,2549,3392,3730,3771,3786,3035,3355,2616,2406,3746,3928,4066,3949,3608,2387,3836,4035,4142,3414,2677,3696,4041,4098,4090,3806,3831,2556,3768,4090,3807,4076,3897,3609,2850,3607,3989,4185,3994,3941,3334,2599,3536,4599,4027,3989,3943,3466,2667,3541,4307,3797,3984,3653,3426,2615,3319,3678,3688,3604,3680,3402,2474,3471,3768,3611,3544,2894,3109,2612,2513,3578,3760,3955,3876,3468,2430,3729,3858,4001
467,Fully Accessible,DLR,2021-09-23,POINT Z (543236.9085 180137.019200001 0),,,,,King George V,18,7,1695,1730,1798,1707,1696,1331,940,1733,1696,1729,1726,1650,1257,904,1516,1702,1729,1709,1649,1205,845,1591,1703,1724,1746,1711,20,1,1559,1733,1745,1742,1732,1397,935,1576,1703,1656,1712,1734,1368,998,1477,1586,1715,1663,1213,1122,835,875,1610,1697,1819,1766,1384,968,1586,1823,1759,2,0,1479,1558,1511,1553,1488,1155,899,1528,1516,1519,1487,1408,1162,841,1404,1508,1500,1532,1449,1055,787,1462,1566,1518,1520,1465,0,0,1380,1519,1570,1526,1512,1267,858,1430,1527,1473,1457,1485,1210,857,1362,1412,1510,1482,1034,980,718,833,1502,1504,1617,1522,1157,783,1428,1580,1577
167,Fully Accessible,London Underground,2021-11-29,POINT Z (530174.7976 182874.774700001 0),"Metropolitan, Northern, Piccadilly, Circle, Victoria, Hammersmith & City",940GZZLUKSX,tube,Yes,Kings Cross St Pancras,104756,81252,96983,107795,111772,119415,107701,119408,92207,97796,99092,115299,119099,111744,108671,102925,97750,113314,111668,120621,117421,114057,82553,103692,110384,111785,117834,111325,100306,91372,95974,109926,108795,115229,105612,99394,89159,96003,111587,112185,116959,110590,106945,93917,101237,110279,115342,117188,90228,102274,78449,91705,103164,114522,115982,109614,129175,118164,99938,117482,118079,107495,81518,94467,104935,110577,120538,110818,120928,91194,94648,97820,114462,120948,112200,103418,96624,102789,110828,110893,122318,117750,113242,80365,98109,107449,111028,121661,115227,100938,84673,90117,106955,108398,116427,108368,98629,87391,94685,109178,111079,119396,113519,109115,90417,97159,106817,115920,124854,100580,105177,74320,72574,94767,109475,117718,111729,122580,120544,101920,114316,118484
254,Fully Accessible,London Underground,2021-11-29,POINT Z (519358.6236 188712.7984 0),Jubilee,940GZZLUKBY,"tube, bus",Yes,Kingsbury,4072,3147,5612,5748,6064,6101,5613,4738,3293,5810,6127,6056,6417,6110,4426,3699,5528,6521,6181,6200,6328,4090,2709,6181,6082,5982,6407,5936,4371,3097,5510,5673,5482,6119,5827,4154,3427,4925,5188,5109,5362,5492,4486,3739,4821,4625,5076,5046,3740,3660,2661,2958,5534,5489,5656,5356,4351,4016,5730,6070,5986,4091,3026,5604,5669,6063,5970,5713,4368,3158,5764,5913,5998,6273,5830,4306,3720,5594,6483,5687,6035,6301,4000,2828,6318,6032,5936,6135,6014,4340,3079,5489,5521,5636,6156,5808,4197,3368,4974,5266,4855,5350,5373,4385,3692,4785,4763,5075,4913,3645,3657,2691,2864,5440,5444,5656,5484,4349,3909,5620,6056,6050
146,Not Accessible,London Underground,2021-11-29,POINT Z (527709.677 179635.9859 0),Piccadilly,940GZZLUKNB,"tube, bus",Yes,Knightsbridge,23308,15191,18210,17941,17507,18678,19691,21699,14280,17207,17269,17231,18132,19436,23416,15185,18070,18136,17318,17949,19353,21896,12881,17332,17457,17981,18464,21271,22566,16207,17588,17744,18091,18240,19472,21925,15471,19067,20594,20585,21152,22196,22527,15939,21225,23022,22709,23411,22842,23542,12112,16992,18519,20326,21110,23098,23590,14833,18916,18829,19838,19571,12946,16839,16999,16453,17875,17823,18472,12409,16422,16345,16872,17160,18543,20086,13253,17142,16947,16465,14542,18046,19751,8711,16517,16587,17025,17122,19900,19496,14141,16702,17107,17013,17553,17987,18744,13434,17521,18920,18952,19288,19621,19179,13573,19015,20805,20633,20897,19419,21111,9551,15317,17114,19451,19421,20996,20493,12874,17619,17684,18062
197,Not Accessible,London Underground,2021-11-29,POINT Z (524234.8749 181339.0615 0),"Hammersmith & City, Circle",940GZZLULAD,"bus, tube",No,Ladbroke Grove,13839,7934,8843,9044,8880,9435,9849,13339,7594,8308,8568,8404,8915,9908,13322,7129,8092,8600,8628,8988,10081,11819,6937,8261,8588,8402,9114,9707,12832,6554,7478,8362,7772,8388,8863,11053,6599,7299,7988,7866,8148,8984,12817,7008,7685,7835,8705,8865,9164,12766,6984,5058,8247,8023,9295,10651,12707,7181,8039,9010,8319,12330,7183,8644,8895,8617,9029,9555,11807,6845,8082,8319,8294,8640,9363,11954,6606,8018,8484,8370,8850,9623,10877,6084,8190,8653,8513,9091,9210,11948,5961,7591,8364,7772,8245,8568,10379,6420,7092,7815,7681,8103,8596,11320,6471,7672,7774,8413,8484,8455,12153,6523,5089,8321,8036,9345,10021,11496,6662,8002,8865,8395
271,Not Accessible,London Underground,2021-11-29,POINT Z (531133.5815 179456.1932 0),Bakerloo,940GZZLULBN,"bus, tube",No,Lambeth North,4245,2843,3958,4456,4020,4276,3952,4669,2894,3932,4004,4154,4411,4133,4652,3258,3877,4020,4047,4253,4217,4808,2927,3669,4212,4082,4294,4152,4012,2780,3432,3885,3879,4154,3755,3407,3508,3771,3880,4159,3930,3874,3733,3100,4006,4720,4540,4330,3660,3826,2869,2645,3935,4343,4288,3995,3816,2684,3837,4085,4214,3787,2555,3808,3883,3830,4088,3714,4285,2389,3637,3818,3864,4108,3974,4202,2899,3549,3993,3967,4158,3974,4101,2739,3577,4043,3972,4203,3823,3586,2461,3108,3819,3791,3824,3803,3374,2903,3654,3672,3885,3793,3566,3510,2956,3923,4620,4343,4078,3259,3474,2479,2490,3809,4121,4228,3886,3577,2507,3692,3980,3972
202,Not Accessible,London Underground,2021-11-29,POINT Z (526710.5082 180773.3476 0),Central,940GZZLULGT,"tube, bus",Yes,Lancaster Gate,5456,3860,3799,4039,4178,4374,4243,5273,4838,3806,4328,4073,4201,4297,5122,3667,3484,4156,4445,4704,4663,4699,3753,3776,4041,4348,3507,4400,5212,4280,3076,4187,4249,4163,4406,5376,3307,3815,4306,4561,4725,4916,6542,4057,3806,4155,4827,4986,4299,4817,3969,3035,3886,4082,4854,4931,5626,5051,3823,5210,5038,4676,3350,3528,3894,4097,4290,4197,4821,4108,3746,4223,4001,4325,4295,4723,3163,3280,4328,4056,4549,4536,4114,3268,3500,3914,3709,3403,4247,4575,3628,2823,3752,3926,4026,4223,4642,2932,3391,3929,4046,4146,4438,6096,3999,3632,3859,4464,4503,3819,3887,3181,2645,3743,3734,4735,4727,5092,4254,3617,4967,4748
372,Fully Accessible,DLR,2021-09-23,POINT Z (537894.0373 181441.922 0),,,,,Langdon Park,2371,1722,2716,3110,2982,3092,3019,0,2,2833,2981,2917,2982,2889,3,0,2773,2928,2960,2959,2851,2,2,2708,2978,2974,2977,2867,2308,1772,2444,2975,3003,3014,2915,3,1,2616,2803,2763,2880,2821,2516,1711,2435,2894,2764,2860,1,1,2,2,2623,2790,2800,2769,2493,2173,2701,2985,3077,2009,1587,2424,2669,2649,2682,2592,1,1,2439,2655,2584,2562,2509,1,5,2479,2599,2555,2580,2399,0,0,2442,2591,2615,2616,2386,1985,1600,2239,2612,2604,2608,2500,1,3,2307,2501,2455,2422,2395,2090,1517,2207,2294,2378,2427,5,0,0,3,2334,2446,2469,2417,2023,1841,2405,2659,2666
417,Fully Accessible,TfL Rail,2022-05-26,POINT Z (501336.6079 179763.8399 0),Elizabeth Line,,,,Langley Berks,647,365,777,996,798,935,824,705,438,807,917,890,961,786,730,431,780,939,925,865,736,764,337,814,829,926,969,843,788,498,761,885,921,1021,817,695,607,725,906,877,855,793,776,471,713,777,792,737,474,539,347,359,643,948,1036,779,821,485,835,987,963,571,373,744,924,848,891,775,706,438,785,883,948,906,739,701,447,755,913,936,827,736,645,363,786,832,921,923,781,766,520,691,890,901,984,763,675,579,734,874,861,830,729,789,493,704,785,831,711,435,459,356,318,697,920,981,722,714,454,822,978,955
196,Not Accessible,London Underground,2021-11-29,POINT Z (523762.9916 180897.8333 0),"Hammersmith & City, Circle",940GZZLULRD,"tube, bus",No,Latimer Road,2433,1835,3335,3687,3805,3936,3244,2355,1745,3404,3916,3921,4069,3404,2349,1866,3408,4047,3908,4013,3544,2261,1829,3481,3830,3678,3828,3292,2460,1622,2951,3702,3612,3806,3132,2623,1719,2980,3405,3781,3519,2782,2444,1998,2904,3179,3227,3073,1743,1645,1253,1345,3251,3590,3789,3222,2470,1781,3299,3825,3706,2329,1809,3364,3661,3725,3803,3126,2209,1711,3349,3823,3775,3849,3199,2199,1876,3414,3881,3790,3720,3297,2219,1848,3411,3735,3673,3657,3237,2280,1503,2987,3557,3527,3682,2981,2352,1647,2895,3195,3321,3304,2632,2430,1938,2695,2966,3117,2753,1549,1477,1234,1277,3272,3585,3559,3073,2374,1766,3369,3688,3651
147,Not Accessible,London Underground,2021-11-29,POINT Z (529980.4296 180824.482000001 0),"Piccadilly, Northern",940GZZLULSQ,"tube, bus",Yes,Leicester Square,60743,33347,30487,33066,34516,38734,43415,58693,32349,29760,32964,37177,38787,43683,71715,41001,32316,33429,34306,38881,43672,59782,31925,30064,35135,36287,40151,44006,58274,34224,31860,34438,34399,35242,41505,54417,38262,33445,38893,39742,41346,45194,56149,34399,37799,41655,45522,47898,47662,54658,30975,30388,32423,36604,40105,45958,59060,50205,31548,33763,36567,58285,30768,28372,30317,32361,36049,40891,54831,30535,28002,31429,34200,36793,41250,61443,38089,30633,30917,31678,34477,38622,53494,27912,27036,30715,31585,34579,38765,51321,30513,28645,30119,30615,31581,37340,47887,33160,29826,34657,35566,37496,39800,48094,30787,34641,37897,39342,42442,41875,47042,27253,26654,29650,33007,35614,40370,51621,30263,27919,30240,31684
501,Fully Accessible,DLR,2021-09-23,POINT Z (538046.0345 175945.8225 0),,,,,Lewisham DLR,5656,4212,2937,8170,7809,7789,7215,0,0,7356,7726,7525,7745,6797,5654,3851,6922,7925,7657,7577,6477,1,0,7351,7895,7671,7688,6645,5695,4426,6814,7580,7542,7513,6765,0,1,6781,7319,6990,7018,6182,8832,5721,6316,6653,7045,6633,4422,4358,3461,3723,6427,6991,7072,6296,5329,7372,6715,7447,7595,4806,3692,4949,6892,6754,6682,5970,1,0,6449,6786,6598,6540,5835,4240,3244,5987,6979,6712,6508,5569,1,0,6141,6795,6573,6480,5620,4796,3408,5761,6536,6543,6458,5640,0,0,5877,6433,6123,6012,5178,7410,4838,5529,5865,6095,5713,3264,3388,2647,3043,4989,6090,6052,5449,4783,4849,5801,6489,6654
114,Not Accessible,London Underground,2021-11-29,POINT Z (538367.4374 186075.853599999 0),Central,940GZZLULYN,"bus, tube",Yes,Leyton,14069,8906,11873,12717,12875,13409,12868,14789,8169,12313,12913,13250,13542,12912,10771,8291,11350,13013,13197,13396,13719,11767,7963,11951,12768,13144,13882,13156,11575,8707,11564,12434,12630,13203,13016,14134,8139,11684,12875,12621,12937,12652,10955,7996,11253,12190,12641,12754,13068,10244,7445,6921,11686,12531,12940,12986,14894,8516,11656,12780,13144,14406,8971,11778,13028,12838,13058,12625,14406,8167,12022,12658,12940,13123,12345,10575,8087,9662,12775,12801,12959,13094,11168,8035,11642,12626,12727,15021,12629,11038,8564,11524,12594,12867,13151,12369,14032,8392,11817,12677,12492,12970,12343,10583,7951,11183,12228,12517,12330,12704,9597,7313,7253,11952,12423,12635,12556,14607,8234,11890,12818,12909
101,Not Accessible,London Overground,2023-05-23,POINT Z (538230.2854 187494.022399999 0),,,,,Leyton Midland Road,2136,0,2366,2606,2540,2439,2576,2218,1413,2244,2442,2543,2641,2545,2227,1370,2332,2471,2467,2674,2132,2104,1155,2318,2418,2471,2658,2525,2083,1394,2053,2444,2480,2499,2529,2282,1458,2090,2243,2227,2227,2313,2143,1385,2079,2148,2232,2297,1976,1785,1072,1259,2311,2513,2500,2556,2208,1414,2385,2627,2562,1998,0,2387,2521,2552,2318,2506,2063,1421,2228,2385,2554,2560,2534,2013,1354,2528,2456,2476,2555,1828,1947,1203,2295,2471,2505,2561,2409,1947,1442,2125,2442,2532,2593,2471,2140,1464,2063,2243,2183,2220,2189,2014,1359,2100,2091,2218,2246,1838,1595,1103,1279,2352,2486,2522,2454,2025,1416,2453,2527,2461
116,Not Accessible,London Underground,2021-11-29,POINT Z (539279.2763 187404.735400001 0),Central,940GZZLULYS,"bus, tube",Yes,Leytonstone,9158,6757,10157,9939,11350,11742,10724,9671,6478,10478,11323,11210,11653,11164,13250,9097,10262,11151,11203,11674,11162,9053,6065,10254,11205,11451,10995,11271,9384,6574,9908,10997,11322,11707,10938,9237,6356,9685,10774,10843,11097,10633,9276,6281,9440,10109,10746,10734,8029,8159,5621,5648,10271,10955,11340,10965,9405,7118,9669,11270,11516,10230,6897,10458,11780,11536,11814,11101,9706,6592,10732,11491,11468,11839,11490,13290,9431,9403,11349,11374,11722,11391,9218,6017,10358,11360,11590,12343,11209,9297,6895,10307,11338,11593,11985,10979,9542,7846,9830,10992,10830,10962,10555,9228,6389,9431,10243,10818,10475,7798,8241,5847,6024,10518,11174,11480,11147,9413,7106,11251,11432,11748
100,Not Accessible,London Overground,2023-05-23,POINT Z (539288.7227 186891.5287 0),,,,,Leytonstone High Road,1660,0,1770,2013,1908,1797,1940,1657,1190,1756,1898,1851,1889,1807,1674,1105,1802,1784,1911,1902,1509,1635,943,1691,1798,1844,2016,1927,1595,1118,1571,1824,1870,1943,1887,1680,1260,1541,1770,1698,1797,1880,1741,964,1546,1512,1659,1710,1379,1399,895,1095,1758,1878,1912,1888,1609,1174,1788,1839,1889,1458,0,1743,1826,1917,1658,1965,1703,1220,1780,1848,1875,1854,1878,1666,1153,1931,1687,1891,1811,1302,1605,952,1686,1818,1832,1839,1868,1659,1159,1610,1783,1838,1926,1879,1715,1241,1552,1729,1698,1733,1762,1703,1025,1532,1522,1664,1647,1366,1388,902,1129,1744,1930,1850,1916,1607,1242,1710,1795,1861
373,Fully Accessible,DLR,2021-09-23,POINT Z (536126.9942 181085.9593 0),,,,,Limehouse DLR,6605,4190,7672,8324,8515,8755,7906,33,14,7750,8214,8262,9016,7767,6144,4245,7607,8434,8278,8756,7943,42,8,7381,8250,8883,8343,7573,5723,3997,6971,8283,8694,8159,7965,106,33,6778,8237,7549,8710,7351,5976,4117,6764,7787,7718,7584,5090,4554,3106,3185,7347,7989,8072,7573,6891,12021,7483,8159,8457,5860,4008,6660,7554,7349,7368,6522,2,0,6622,7181,7184,7885,6496,5402,4024,6559,7383,7291,7111,6971,0,1,6495,7064,8273,7045,6447,4952,3707,6244,7256,7312,6961,6473,6,5,6102,6915,6601,7154,6068,5148,3609,6004,6722,6591,6133,3964,3830,2833,3038,6368,6814,7054,6289,6239,13448,6333,7120,7214
38,Not Accessible,London Overground,2023-05-23,POINT Z (533301.003 181937.000299999 0),,,,,Liverpool St NR,25542,14299,30357,36090,35638,37497,28909,24653,21638,31983,36904,36380,43340,29214,26660,16989,33790,37571,37394,40621,29130,26202,16226,30875,36496,36170,38431,29241,24759,20310,30648,35553,36527,38377,29008,22586,21076,29998,35687,35470,43549,28676,22436,13619,29037,34168,34391,33022,18375,19586,12722,16258,27473,34553,36880,28572,29709,20387,31187,37438,35037,26145,12711,28645,35125,32784,35403,27116,24711,24141,28367,34533,33911,37846,26787,26244,16666,29248,34095,33640,36657,27091,23624,15140,28390,34365,34170,36317,27412,25456,19286,28743,33042,35318,36315,27655,22580,19803,27495,32537,32712,38362,28233,22452,12497,27782,32799,34182,32019,18321,19923,12068,12322,23693,37866,34591,27562,25886,18729,30486,34379,33010
163,Partially Accessible,London Underground,2021-11-29,POINT Z (533093.853 181566.9186 0),"Metropolitan, Central, Circle, Hammersmith & City",940GZZLULVT,tube,Yes,Liverpool Street,73804,41072,81970,100045,100302,111960,85891,71975,47021,82971,101811,103547,113856,84770,71845,47076,80544,101486,103529,114003,85140,70250,42389,84983,101820,104082,112793,85892,72093,48081,80218,98715,103563,112136,82953,64996,48487,79695,97750,98321,109573,84049,66276,42297,79706,97013,99967,98612,57274,61023,37983,36176,84008,105550,110505,85566,74714,50914,83199,103963,107626,74280,42259,84356,100683,101508,111706,85923,71781,45605,87053,102609,104530,115854,84245,73148,48710,85423,103571,106173,114764,85982,71654,43966,85774,102651,103927,113979,85979,72993,47682,82210,100918,105495,114219,83848,65203,49610,82797,100288,101624,114345,84933,66995,42662,81388,97650,100009,102351,58790,63409,39096,38946,85254,97914,109885,84894,76965,56002,84774,105905,108999
334,Fully Accessible,London Underground,2021-11-29,POINT Z (532683.0478 180188.852299999 0),"Northern, Jubilee",940GZZLULNB,tube,Yes,London Bridge,91567,55011,75038,91547,89396,98355,84262,106783,66885,75668,88758,90564,95011,84895,104650,64057,73220,91771,92210,102227,87554,90538,51953,75466,90968,90754,95028,84462,85128,59009,71099,88831,87584,94480,84014,97714,66257,74091,91170,93857,97660,88056,83413,69208,73170,91646,94046,94286,78306,83898,50586,48637,79019,87929,98511,86464,97447,82633,73228,92401,93928,85169,50953,70677,87993,86516,94816,81079,102102,62519,72416,85653,87671,92931,81177,96702,59430,70421,89563,88505,98335,84228,85991,51388,72945,88062,87866,93252,80154,80471,55189,69923,86812,83684,89550,79808,92774,62421,70239,89577,89073,93431,83685,83832,62996,70188,87907,90069,90395,76051,79880,46708,42478,76889,84129,94684,81688,91812,83125,70727,89160,90255
497,Fully Accessible,DLR,2021-09-23,POINT Z (542249.9008 180292.046399999 0),,,,,London City Airport,1,82,3573,3726,3828,3784,3699,1315,2515,3692,3649,3589,3721,3580,1297,2521,4015,3874,3967,4014,4587,1556,2546,4065,3959,4073,4139,3678,1,243,4107,3612,3618,3616,3370,1264,2305,3819,3616,3893,4133,3870,1368,2671,4164,4037,4023,4275,3050,1327,2144,3451,4701,4328,4079,3593,1334,2657,4429,4172,4145,0,2,3145,3293,3639,4055,4142,1088,2003,3143,3357,3745,4139,3988,1306,2337,3608,3287,3630,4226,4771,1275,2237,3451,3544,3930,4370,4045,0,13,3413,3257,3542,4035,3756,1045,1961,3569,3494,3847,4133,3783,1148,1922,3205,3118,3899,4290,2825,959,1325,2437,3124,2929,3853,3862,1234,2041,3617,3317,3882
1,Not Accessible,London Overground,2023-05-23,POINT Z (534775 184246 0),,,,,London Fields,2405,1695,2024,2373,2373,2495,2169,2651,1956,2042,2378,2452,2647,2303,2485,1720,2050,2402,2407,2737,2273,2151,1511,2019,2348,2600,2481,2421,2624,2270,1974,2404,2530,2796,2797,3152,2297,2008,2400,2383,2526,2394,2892,1452,1980,2491,2343,2396,1942,1909,1282,1093,50,2277,2493,2276,2592,1826,2146,2450,2521,3017,1880,2180,2543,2609,2672,2456,3072,2061,2258,2573,2624,2727,2563,3145,1865,2212,2667,2675,3025,2572,2499,1603,2193,2366,2848,2797,2668,3077,2589,2175,2613,2703,2901,3227,3760,2409,2163,2718,2637,2683,2576,3541,1481,2114,2539,2504,2488,2103,2180,1518,1238,100,2441,2752,2664,3012,2063,2283,2803,2952
247,Not Accessible,London Underground,2021-11-29,POINT Z (542318.8891 195612.3879 0),Central,940GZZLULGN,"tube, bus",Yes,Loughton,3682,2033,3985,4557,4823,4931,4192,4150,2361,4374,4775,4799,5004,4364,8,7,4274,4846,4743,4937,4160,3622,1925,4144,4848,4820,4925,4416,3579,2216,3938,4796,4827,4926,4445,4090,2216,3832,4621,4555,4620,4088,3660,2037,3775,4181,4482,4350,3024,3436,1788,1958,4486,4679,4861,4256,3805,2893,4118,4867,4914,3935,2115,4265,4953,4960,5047,4442,4127,2507,4393,4961,4986,5171,4419,19,12,3788,5003,4980,5124,4317,3741,2044,4324,5018,4998,5151,4461,3757,2243,4089,4878,4980,5010,4621,4102,2258,4018,4638,4631,4666,4231,3875,2071,3839,4314,4639,4367,3046,3504,1889,1961,4606,4801,5043,4479,3812,2978,4301,5009,5176
273,Not Accessible,London Underground,2021-11-29,POINT Z (525940.2151 182761.773700001 0),Bakerloo,940GZZLUMVL,tube,No,Maida Vale,3479,2392,4111,4654,4700,4730,4234,3690,2436,4075,4537,4598,4793,4410,3831,2738,4116,4548,4598,4662,4345,3550,2389,4038,4705,4647,4736,4441,3563,2411,3895,4578,4636,4571,4028,3612,2440,3654,4039,4139,4299,3978,3420,2383,3428,3979,3943,3994,2901,2710,1980,1981,3879,4224,4258,4143,3624,2562,4088,4443,4645,3406,2552,4115,4494,4492,4531,4073,3475,2492,3974,4437,4415,4636,4195,3735,2772,4031,4536,4443,4521,4033,3322,2451,3989,4514,4377,4456,4050,3354,2502,3657,4485,4328,4338,3857,3405,2536,3485,3966,3904,4038,3575,3209,2483,3412,3704,3636,3551,2565,2424,1937,2172,3946,4128,4055,3954,3301,2656,4022,4406,4501
422,Fully Accessible,TfL Rail,2022-05-26,POINT Z (488713.4349 180713.2754 0),Elizabeth Line,,,,Maidenhead,1607,1242,2050,2596,2358,2645,1774,1822,1035,2057,2548,2572,2607,1718,1684,1061,2098,2654,2620,2649,1805,1769,992,2080,2576,2470,2653,1876,1740,1239,1998,2515,2618,2653,1765,1791,1152,1939,2406,2246,2374,1695,1702,1059,2009,2452,2281,2098,1213,1454,914,990,2241,2648,2707,1879,1833,1388,2126,2748,2758,1622,917,1937,2444,2342,2497,1823,1790,993,1987,2491,2437,2551,1706,1741,1089,1997,2618,2524,2544,1727,1669,1019,1961,2510,2490,2508,1835,1904,1261,1807,2348,2547,2481,1753,1770,1195,1871,2241,2232,2328,1706,1630,965,1916,2329,2228,2165,1317,1388,913,897,2175,2491,2682,1775,1656,1373,1988,2589,2738
156,Not Accessible,London Underground,2021-11-29,POINT Z (532047.6613 187481.789999999 0),Piccadilly,940GZZLUMRH,"bus, tube",Yes,Manor House,8629,6190,8011,8803,8411,9187,8658,7521,5724,7990,8770,8540,8967,8817,8075,6217,7898,8774,8825,8716,8757,8078,4662,7672,8643,8859,8862,8609,7604,6511,7813,8471,8649,8865,8580,7760,6058,7480,8751,8614,8931,8648,8106,6116,7223,8596,9043,8823,6919,6877,5050,4917,8030,9966,8817,8759,8360,6558,8071,8921,9120,8212,6496,8225,8981,8630,9362,8793,7465,5843,8171,8776,8653,8964,8625,7883,6261,8214,9067,8703,9745,8851,7883,5054,8085,8785,9002,8937,8785,7537,7007,8083,8312,8710,8953,8681,7804,6389,7600,8709,8899,9010,8690,7789,6357,7286,8821,9057,8637,6586,6620,5247,5817,8218,9002,8800,8525,8251,6875,8090,8786,9204
503,Fully Accessible,TfL Rail,2022-05-26,POINT Z (541906.0795 185683.2403 0),Elizabeth Line,,,,Manor Park,4470,3647,5614,6378,6209,6594,6125,4810,2979,5767,6233,6039,6191,6106,4870,3535,5744,6105,6074,6340,6093,4760,3655,5773,6005,6588,6541,6285,5178,4521,5634,6152,6164,6198,6396,5594,3863,5787,6630,6065,6217,6300,5075,3567,5669,5829,6183,6317,4640,4673,3512,3486,6201,6296,6212,6193,5139,3457,5974,6469,6479,4275,3622,5585,6085,6034,6685,5671,4465,3047,5721,6234,6054,6066,5696,4691,3506,5922,6042,5994,6036,5744,4309,3448,5595,5894,6053,6114,5784,4701,4377,5232,5936,5857,5756,5917,5160,3694,5515,5875,5758,5837,5868,4862,3465,5463,5595,5807,5721,4129,4276,3485,3332,5771,5894,5996,5773,4657,3644,5749,6317,6165
159,Not Accessible,London Underground,2021-11-29,POINT Z (532354.1684 180931.563200001 0),"District, Circle",940GZZLUMSH,"tube, bus",No,Mansion House,3629,2555,7066,8802,8544,9039,5960,3917,2867,6871,8729,8637,9219,5887,3914,2763,7254,8983,8598,9272,5954,3610,2680,6908,9045,8843,9170,6370,4219,2983,6498,8377,7914,8890,5475,3625,10675,6473,8260,8357,8696,5479,3588,3049,6986,8840,8453,7770,3429,3957,2853,2168,7435,8494,9160,6324,4117,5646,7658,9123,9060,3548,2598,7585,9706,9235,10009,6144,4138,2708,7293,9212,9268,10029,6378,4299,2783,7599,9402,9328,9855,6096,3959,2643,7211,9644,9381,10435,6644,4283,2737,4969,9199,8652,9941,5821,3638,8331,6877,8915,9144,9583,6174,3966,3206,7288,9377,9125,8358,3465,4382,3224,2506,8102,8805,10051,6724,4435,3434,8164,9728,9984
203,Not Accessible,London Underground,2021-11-29,POINT Z (527960.1312 181017.4747 0),Central,940GZZLUMBA,"tube, bus",Yes,Marble Arch,13037,9415,11778,12255,13130,13410,13114,14302,10550,11691,12160,12654,13535,13188,14013,10116,10486,12495,12784,14096,13050,13715,11007,11011,12662,13310,13300,13101,14029,10793,12226,12763,12704,12887,12804,14075,8905,12112,13285,13417,13720,14338,14445,9775,12308,13151,14486,14442,12276,13148,14164,8554,11817,12403,13672,13655,14304,10607,11502,13680,14156,12713,8745,11663,12081,13128,13567,12919,13767,9942,11216,12444,12706,13795,13217,13735,9264,11938,12827,12972,14397,13092,13072,10173,10877,12578,13323,13076,12997,13604,10033,11956,12637,12551,12991,12503,13138,7649,11731,12984,13114,13693,13600,13993,9218,11991,12929,13991,14000,12011,12598,13949,7758,11665,12598,13417,13632,13753,10264,11268,13641,13922
405,Fully Accessible,TfL Rail,2022-05-26,POINT Z (539193.9472 184915.748600001 0),Elizabeth Line,,,,Maryland,4885,3333,5741,6596,6359,6607,6437,4905,2916,6045,6458,6435,6507,6383,4823,3322,6225,5875,6592,6560,6376,4762,3273,6010,6338,6467,7207,6433,5124,4080,5790,6433,6347,6622,6522,5075,3681,5918,6464,6344,6515,6350,5281,3582,5761,6107,6022,6051,4589,4446,3287,3290,5578,6143,6411,6298,5135,3172,6553,6569,6571,4358,3272,5501,6086,6071,6187,5824,4344,2980,5877,6164,6000,6066,5826,4286,3241,6383,6076,6174,6082,5852,4132,3187,5705,6039,6086,6153,5811,4576,3891,5248,6096,5985,6043,5929,4637,3390,5463,5973,5942,5954,5640,4461,3317,5305,5601,5578,5348,3929,3807,3028,3246,5399,5716,5866,5663,4687,3381,5815,6199,6246
275,Not Accessible,London Underground,2021-11-29,POINT Z (527458.7894 181957.287599999 0),Bakerloo,940GZZLUMYB,tube,No,Marylebone,12151,4103,11067,13179,14008,14238,10941,12548,7016,11573,14108,13975,15161,11981,11310,8321,10936,13287,13940,14122,12393,10488,7662,12326,12709,12658,13724,11795,5206,4042,10818,13269,13694,14080,11205,10781,7398,10960,12806,13047,13808,11222,10052,6335,11107,13295,13098,13091,7226,11038,7779,13111,12331,15168,14219,11661,11763,7623,10866,13166,13210,12633,4622,11766,13968,14501,15218,11866,13626,7334,12014,14421,14489,15850,12431,11617,8204,11514,14353,14738,15501,13084,11730,7763,12501,13541,14016,14784,12730,6148,4192,11133,13665,14316,14867,12002,11511,8102,11686,13805,13985,14630,11855,10410,6518,11745,13916,14015,14427,8718,12607,7377,8626,12828,14230,15208,12428,11779,8524,11510,13996,14494
112,Partially Accessible - Interchange Only,London Underground,2021-11-29,POINT Z (536500.7831 182534.4935 0),"District, Hammersmith & City, Central",940GZZLUMED,"bus, tube",Yes,Mile End,13165,9808,13699,15265,15419,16039,15356,15553,11563,15937,17132,16734,18349,16928,14874,9993,15456,17312,16525,18524,16759,15150,10883,15514,17032,16326,17597,16947,14277,11489,13862,16599,16069,17652,17017,16417,11188,14452,16111,15253,16704,16032,14058,9599,12845,14201,14197,14328,11787,11917,8957,8053,12947,13886,14726,14516,13547,11738,13306,14747,15190,13225,10030,13790,15092,15324,15578,14855,15995,12368,15979,17068,16256,17612,16404,14512,10314,15450,16980,16246,17812,16103,15390,11366,15374,16773,15969,17076,16309,13593,13550,14140,16449,15874,17252,16208,16324,11550,14494,16005,15005,16101,15941,14155,9536,12962,13947,13755,13587,11000,12030,8728,8950,13136,13671,14458,14178,13588,11354,13008,14691,14907
137,Not Accessible,London Underground,2021-11-29,POINT Z (524045.7492 191450.480699999 0),Northern,940GZZLUMHL,"tube, bus",Yes,Mill Hill East,1677,948,2099,2559,2383,2470,2079,2211,955,2122,2460,2270,2331,2025,1486,1569,2017,2534,2352,2522,1995,1384,864,2005,2416,2352,2277,2042,1418,1022,2035,2446,2395,2456,2099,1456,1031,1865,2257,2025,2132,1840,1610,1052,1786,1990,2013,1985,1168,1546,795,850,1999,2220,2339,1930,1311,990,2072,2302,2371,1527,1003,2029,2382,2362,2346,1929,2085,1017,2067,2278,2175,2327,1925,1446,1561,1950,2702,2153,2431,1814,1397,980,1964,2350,2222,2241,1940,1369,1110,1984,2339,2114,2092,1906,1439,1130,1819,2145,2032,2061,1737,1576,1002,1776,1956,2039,1925,1145,1558,855,890,2012,2125,2222,1839,1276,1082,2081,2170,2284
387,Partially Accessible - Interchange Only,London Underground,2021-11-29,POINT Z (532911.9191 180824.076099999 0),"District, Circle",940GZZLUMMT,"tube, bus",No,Monument,12565,8142,13219,17758,17060,18567,12715,17698,11365,13764,17462,16783,18147,12998,12400,8542,13898,17706,17606,19166,12626,15270,10904,13786,16838,17135,18846,12908,11601,8604,13091,17143,17417,17623,12056,15027,15772,12835,16802,16381,18333,12697,11062,9919,14514,18263,18246,17407,10606,11670,8318,6500,15738,17146,19346,14158,11848,27356,14400,18640,18486,10396,6584,10619,15145,14539,15576,11038,10848,6722,11171,14169,14038,15158,11009,11097,7433,11551,15299,15211,15877,11114,9276,6371,11419,14378,14918,16576,11049,9971,6872,11401,14362,15222,15219,10794,10273,10754,10574,14013,14178,15842,11936,10183,8253,12206,15919,16176,15668,9513,11024,6850,5495,14097,15394,17473,12695,10398,12176,12936,17074,17115
475,Not Accessible,London Underground,2021-11-29,POINT Z (508606.4789 193502.849199999 0),Metropolitan,940GZZLUMPK,tube,No,Moor Park,581,344,1426,1624,1626,1612,1420,666,454,1473,1595,1689,1549,1274,648,513,1462,1648,1640,1633,1450,719,483,1472,1669,1683,1670,1395,763,490,1360,1640,1662,1218,957,652,421,905,1107,1038,1042,847,573,429,866,977,1320,906,597,627,421,474,1392,1483,1549,1448,952,555,1391,1587,1611,618,360,1486,1640,1609,1609,1448,672,490,1390,1599,1665,1544,1296,701,536,1448,1700,1612,1572,1424,782,514,1482,1661,1610,1670,1377,759,520,1424,1610,1515,1241,959,704,484,936,1172,1070,1047,908,578,468,876,992,1136,922,588,637,480,448,1369,1432,1554,1385,1199,579,1368,1599,1584
164,Not Accessible,London Underground,2021-11-29,POINT Z (532667.8252 181668.244999999 0),"Metropolitan, Northern, Circle, Hammersmith & City",940GZZLUMGT,tube,No,Moorgate,15348,8774,40897,51491,50312,52345,33276,15625,9672,40593,51780,52163,52894,32194,15358,9282,41777,53159,50875,52093,32018,15989,9050,40863,51643,50351,52239,32547,14231,10331,36408,50537,48986,51562,30262,13043,9792,37732,48685,46445,48346,30093,12907,8751,35620,44869,42663,37292,10015,10163,6609,6999,41098,40451,50101,32076,14614,11133,40682,52254,50961,17922,9892,43946,55499,54726,57920,36282,19016,10385,43823,55936,55309,57903,35128,18360,10257,44333,56810,55313,57572,34915,18881,9885,44115,54517,54324,55956,36262,16957,14737,42777,53766,53589,58525,34492,15795,11468,41252,54548,51330,54390,33836,15543,9709,38689,49018,46021,42224,13078,12378,7420,7830,42543,51525,55839,34936,17809,13207,44145,55683,56078
296,Fully Accessible,London Underground,2021-11-29,POINT Z (525669.7872 168602.371300001 0),Northern,940GZZLUMDN,"tube, bus",Yes,Morden,11137,8976,12712,13858,14183,14527,13225,11981,8353,12646,14180,14104,14093,13118,11763,10301,12851,14250,14008,14326,13289,11014,8497,12786,14486,13840,13809,13226,11395,8782,12603,14036,13933,13549,13032,11698,9630,12283,13770,13706,13740,13678,11818,9069,11961,12951,13313,13133,9677,10572,6884,7132,12704,13332,13911,13032,12424,9506,12468,14131,13955,11389,8931,12164,13190,13547,14083,12753,12057,8271,11878,13249,13509,13515,12580,11567,10146,12167,13655,13196,14009,13028,10782,8255,12595,13764,13498,13991,13340,11492,8734,11809,13374,13278,10847,12760,11416,9422,11732,13072,13025,13488,13081,11749,8819,11505,12938,13094,12596,9456,10450,6791,6799,12004,13098,13607,12530,12390,9375,11839,13524,13329
232,Not Accessible,London Underground,2021-11-29,POINT Z (529191.6489 183397.127499999 0),Northern,940GZZLUMTC,"bus, tube",Yes,Mornington Crescent,7272,5115,3640,4510,5248,5350,4815,7066,2562,3346,4963,5487,5699,4862,6928,2254,4253,4630,5399,5246,4442,5888,2642,3457,4547,4639,5529,3335,7834,7209,3866,4795,5064,5103,4249,7041,2325,3955,4392,4807,4470,4456,6061,2743,3250,5015,4506,4775,4372,4899,3017,1610,3734,4492,4853,4279,5212,2363,3909,4968,5160,3828,2092,3336,4306,4785,4770,4381,3566,1741,3212,4662,4860,5066,4498,4477,1863,3714,4321,4983,4828,4139,3028,2069,3122,4207,4317,4608,3056,3713,1805,3265,4342,4629,4126,3970,3287,2032,3427,3932,4247,4253,3947,3501,2061,2841,4375,3236,4875,2362,2769,2318,1352,3316,4110,4572,4135,3087,1796,3595,4663,4632
374,Fully Accessible,DLR,2021-09-23,POINT Z (537904.0384 178749.9037 0),,,,,Mudchute,1798,1315,1732,1973,2021,2073,1985,1,1,1822,1967,1960,1977,1902,1728,1291,1718,2011,2043,2101,1934,1,0,1761,1983,2012,2097,1948,1801,1317,1663,1956,1886,1964,1981,2,2,1718,2144,1997,2059,2057,2128,1445,1707,1799,2089,2144,1546,1560,1243,952,2047,1863,2052,1929,1896,6227,1833,2077,2071,1579,1283,1548,1723,1727,1692,1657,0,1,1618,1682,1653,1563,1600,1385,1093,1472,1709,1712,1720,1537,2,1,1470,1632,1663,1757,1465,1506,1285,1404,1671,1593,1621,1597,0,4,1510,1851,1657,1811,1673,1912,1221,1440,1541,1767,1673,1194,1316,1141,832,2436,1557,1678,1560,1682,5018,1564,1783,1785
313,Not Accessible,London Underground,2021-11-29,POINT Z (521342.3348 185397.9068 0),Jubilee,940GZZLUNDN,"bus, tube",Yes,Neasden,3149,2250,4237,4467,4391,4663,4264,3430,2401,4350,4495,4493,4494,4048,3105,2523,4318,4442,4325,4584,4569,2861,2119,4399,4537,4413,4526,4306,3203,2426,3880,4383,4296,4510,4279,3151,2514,3846,4204,4269,4170,4156,3317,2385,3728,3885,4148,4152,2994,2915,2159,2298,4170,4120,4414,4286,3398,2593,4150,4587,4620,2976,2189,3942,4095,4216,4220,4012,2957,2271,4016,4165,4191,4166,3740,2866,2371,3965,4057,3910,4085,4140,2667,1974,4080,4131,4087,4146,4022,2939,2313,3671,3715,3999,4058,3858,2940,2261,3632,3809,3960,3834,3777,3058,2247,3527,3585,3724,3673,2710,2625,1971,2143,3051,3725,3956,3813,2902,2271,3740,4141,4248
7,Fully Accessible,London Overground,2023-05-23,POINT Z (536737.1657 177140.1428 0),,,,,New Cross,3603,1821,3908,4702,4364,4668,4241,5056,2604,3873,4384,4287,4680,4453,2939,1117,3693,4379,4462,4639,4219,4493,2498,4164,4513,4345,4678,4152,3499,912,3700,4201,4162,4225,4010,4923,2297,3402,3909,4182,3999,3964,2671,1700,3325,3762,3872,3823,2893,3946,1699,1881,3652,4030,4339,3858,3595,3736,3812,4324,4473,3626,1903,4081,4533,4405,4709,4133,5158,2914,3736,4350,4266,4734,3937,3008,1039,3967,4613,4453,4779,4002,4551,2593,4223,4593,4529,4646,4198,3453,834,3636,4263,4090,4077,3807,4840,2252,3518,4068,4149,3976,3831,2573,1785,3459,3883,4160,3631,2978,3160,1793,2135,3626,4076,4049,3774,3903,2810,3918,4209,4593
8,Not Accessible,London Overground,2023-05-23,POINT Z (536168.0003 177034.003799999 0),,,,,New Cross Gate,5497,3813,5727,6150,6396,6717,6552,6427,4518,5356,6672,6420,6663,6287,2864,2093,5851,6426,6392,6994,6396,6033,4306,5935,6486,6317,6814,6570,5590,5448,4943,5627,5657,5879,6058,6033,4408,4893,5315,5524,5436,5590,6344,3770,4555,5027,5288,5255,5253,2951,3978,3700,4971,5519,5842,5934,5716,5044,5352,6045,6229,6339,4131,5936,6504,6645,6933,6954,7149,4843,5448,6831,6772,7011,6297,2666,2251,6135,6995,6488,7621,6778,6555,4531,5920,6616,6455,6717,6977,6304,6094,5088,5839,5915,5995,6541,6592,4506,4979,5493,5657,5480,5929,6980,3955,4806,5224,5557,5523,5765,5703,4272,4195,5659,6034,6606,6598,6606,4928,5593,6392,6552
119,Not Accessible,London Underground,2021-11-29,POINT Z (544920.2921 188384.718599999 0),Central,940GZZLUNBP,"tube, bus",Yes,Newbury Park,3649,2690,5160,5567,5484,5544,5165,4407,2920,5374,5726,5582,5570,5105,3036,2198,5098,5737,5548,5669,5234,3938,2764,5279,5471,5492,5474,5221,3946,2850,4946,5628,5659,5805,5334,4365,2686,4844,5436,5386,5497,5276,4406,3246,4722,4946,5151,5132,3697,3797,2495,2670,5209,5027,5511,5296,4207,3954,4991,5509,5617,3630,2521,4884,5180,5043,5110,4784,4187,2704,4843,5273,5127,5070,4684,3085,2183,3876,5174,5085,5108,4820,3964,2645,4792,5075,5023,5214,4862,3805,2839,4647,5058,5413,5818,4815,4045,2377,4581,4879,5024,5054,4814,4133,3105,4302,4507,4757,4694,3384,3527,2120,2577,4603,4704,4988,4924,3936,3335,4453,5004,5141
380,,London Underground,2021-11-29,POINT Z (529989.2567 177345.628799999 0),Northern,,tube,Yes,Nine Elms,4999,4181,6194,7024,6999,7636,6825,5091,4360,6387,7131,6695,7246,6818,5490,4592,6187,6924,6605,7259,6529,5190,4202,6000,6875,6767,5813,6707,5107,4289,5633,6425,6186,3970,5860,4736,4404,5420,6120,6196,6417,5890,4536,4111,5361,6338,5981,6371,4087,4090,3282,3011,5618,6259,6369,6368,4699,4780,5752,6493,6432,4916,4222,6078,6741,6865,6852,6569,4921,4195,6025,6753,6421,6724,6484,5361,4421,5992,6714,6219,6899,6267,4950,4121,5814,6619,6562,6240,6289,4785,4193,5477,6140,5945,3862,5672,4566,4329,5237,5819,5962,6116,5713,4308,4150,5207,6025,5955,5813,3842,3714,3059,3194,5502,6125,6044,6062,4548,4581,5658,6333,6159
207,Not Accessible,London Underground,2021-11-29,POINT Z (520828.4021 181956.9398 0),Central,940GZZLUNAN,"bus, tube",No,North Acton,8077,5741,8608,9998,9570,9523,9224,6514,5026,8985,9678,9459,9305,9219,6890,4639,8422,9213,9413,9810,10404,6557,5158,8047,8373,8500,8234,7907,5684,4301,7274,8272,8304,8419,8018,5959,3984,7314,7911,7845,7799,7383,5616,4114,6946,7839,8278,7945,6352,6030,4359,4295,8138,8181,8318,8006,5964,5502,8420,9154,8926,7319,5937,9165,9909,9508,9561,9650,6821,5139,9127,9662,9422,9287,9395,6753,4699,8464,9345,9402,9552,9935,6517,4909,8149,8362,8538,8175,8099,5911,4330,7661,8128,8412,8293,8143,5937,4139,7520,8120,8027,7877,7821,5720,4313,7325,7982,8346,7752,6139,5740,4278,4587,7990,8316,8551,8256,6167,5487,8673,9171,9084
385,Not Accessible,London Underground,2021-11-29,POINT Z (518828.0459 181227.755999999 0),Piccadilly,940GZZLUNEN,"bus, tube",Yes,North Ealing,748,425,951,979,871,1024,957,676,433,514,953,859,896,957,659,454,863,944,961,924,1077,0,0,891,909,973,1080,972,669,465,807,934,942,995,901,627,439,497,671,655,711,726,688,493,651,655,742,722,0,0,5,5,724,992,999,1004,731,485,994,964,978,656,500,946,969,863,1020,903,608,422,676,940,848,934,861,620,449,890,956,902,928,952,0,1,900,899,970,1011,948,612,485,809,917,946,1027,851,568,485,811,633,665,729,686,616,491,625,665,728,680,0,0,4,3,758,1002,977,980,657,500,949,970,950
216,Fully Accessible,London Underground,2021-11-29,POINT Z (539215.8219 179859.374399999 0),Jubilee,940GZZLUNGW,tube,Yes,North Greenwich,39394,22900,23464,25957,26592,41569,27912,43488,36724,24461,34520,27467,29137,38205,41643,30753,23807,32829,38037,38661,33197,42749,35057,26786,38813,26977,30829,35969,40937,25354,36410,36123,36252,34356,35264,43296,33794,27003,36514,37354,37075,38219,38337,29213,25149,26296,33793,34423,33021,39612,31994,23860,23197,24490,34952,26893,40064,22127,23348,25572,27605,42438,23585,24870,26892,27779,46328,28946,45092,39480,25225,37111,28019,30588,40865,43993,33849,23986,35356,40120,41004,34757,47738,37044,27109,41622,27729,32543,40206,45217,26794,38239,38342,38292,35663,37514,45967,36355,27652,39674,40054,39555,41431,41009,31027,25939,27442,35647,36219,35056,42662,35233,25138,24402,25476,38292,28453,43292,25797,24064,26388,29044
326,Not Accessible,London Underground,2021-11-29,POINT Z (513541.1687 188613.229499999 0),Metropolitan,940GZZLUNHA,"bus, tube",No,North Harrow,1668,1114,2447,2614,2713,2730,2454,1812,1099,2525,2501,2688,2547,2031,1593,1105,2456,2772,2735,2853,2451,1671,1060,2540,2798,2644,2793,2369,1714,1204,2381,2713,2781,2801,2114,1764,1272,2163,2425,2388,2456,2309,1841,1147,2136,2325,2296,2249,1556,1559,1055,1127,2317,2548,2745,2218,1835,1421,2526,2793,2685,1549,1139,2367,2621,2647,2607,2302,1784,1039,2457,2627,2678,2956,2245,1678,1202,2369,2621,2590,2714,2374,1582,1059,2452,2659,2572,2645,2359,1646,1243,2278,2627,2627,2616,1936,1761,1238,2172,2437,2314,2514,2078,1711,1118,2093,2214,2224,2220,1359,1570,1033,1073,2264,2391,2703,2217,1640,1338,2420,2675,2643
264,Not Accessible,London Underground,2021-11-29,POINT Z (517667.5472 186197.873500001 0),Bakerloo,940GZZLUNWY,tube,No,North Wembley,1641,1179,2412,2574,2516,2474,2483,1794,1220,2387,2511,2492,2585,2513,1662,1342,2463,2483,2540,2625,2669,1732,1116,2533,2547,2485,2537,2421,1666,1276,2379,2562,2634,2577,2579,1783,1187,1995,2148,2104,2159,2200,1738,1249,2041,2046,2138,2095,1723,1522,802,1134,2304,2416,2498,2400,1883,1190,2399,2441,2512,1506,1109,2275,2502,2403,2273,2221,1592,1212,2269,2409,2270,2445,2281,1503,1299,2308,2371,2378,2400,2428,1572,1138,2398,2397,2317,2374,2261,1533,1193,2197,2459,2433,2432,2347,1576,1110,1910,2075,1996,2038,2025,1586,1168,1879,1970,2011,2023,1577,1359,750,1061,2208,2233,2347,2213,1577,1117,2240,2324,2355
303,Not Accessible,London Underground,2021-11-29,POINT Z (517196.8059 179206.2903 0),Piccadilly,940GZZLUNFD,"tube, bus",Yes,Northfields,3154,2270,3801,4082,3917,4177,3794,3102,2376,3661,4110,3998,4016,3925,3475,2431,3739,3958,4242,3982,4085,3235,1605,3723,4059,4205,4170,4040,3217,2197,3595,4130,4055,4134,3943,3110,2320,3258,3584,3592,3607,3365,3227,2524,3096,3471,3600,3561,2914,2965,2209,2130,4036,4064,4258,4090,3269,2670,3785,4139,4281,3086,2225,3854,4070,4517,4221,4035,3085,2200,3739,4068,3926,4142,3743,3377,2632,3731,4092,4049,4219,4059,3361,2449,3783,4081,4161,4227,3978,3139,2347,3724,4093,4040,4111,3857,3058,2307,3325,3601,3632,3696,3494,3287,2460,3174,3542,3624,3534,2917,2969,2253,2280,3907,4230,5633,4031,3318,2691,3768,4204,4266
131,Not Accessible,London Underground,2021-11-29,POINT Z (513213.3316 184523.897600001 0),Central,940GZZLUNHT,"tube, bus",No,Northolt,0,0,6043,6398,6536,6535,6430,4747,3435,6107,6765,6579,6859,6442,4684,3123,6187,6496,6701,6747,6605,5149,3405,6237,6738,6705,6481,6421,5039,3529,6245,6735,6695,6757,6636,5130,3273,6231,6509,6468,6533,6382,5066,3302,5823,6191,6349,6322,4824,4844,3113,3989,6165,6022,6378,6307,5121,3524,5842,6569,6654,0,0,5800,6376,6229,6244,6006,4281,3232,5922,6439,6407,6324,6007,4363,2982,5796,6329,6490,6428,6287,4656,3263,6041,6433,6431,6374,6120,4644,3327,6019,6530,6435,6541,6246,4749,3161,5869,6235,6205,6132,5971,4640,3240,5550,5854,6102,5848,4475,4533,2949,3689,5695,5935,6074,5924,4726,3383,5573,6296,6455
329,Partially Accessible - Interchange Only,London Underground,2021-11-29,POINT Z (516643.3006 187963.523499999 0),Metropolitan,940GZZLUNKP,"tube, bus",No,Northwick Park,3053,2355,5432,5884,5907,5902,5274,3610,2403,5455,5487,5674,5345,4935,3212,2604,5390,5774,5870,5911,5272,3331,2258,5512,5930,5795,5889,5089,3307,2438,5196,5934,5985,6072,5354,3331,2466,5384,5694,5609,5637,5307,3382,2583,4794,4712,4900,4890,2842,3369,2116,2413,4753,4804,5163,4904,3278,2781,5106,5437,5442,2907,2403,5421,5774,5785,5820,5156,3339,2306,5459,5581,5716,5272,4907,2994,2490,5346,5711,5781,5715,5205,3009,2212,5503,5765,5692,5730,4905,3099,2347,5094,5957,5838,5959,5196,3067,2382,5327,5626,5659,5450,5099,3116,2540,4806,4720,4840,4712,2597,3174,1963,2372,4747,4816,5109,4823,3073,2686,4994,5454,5474
476,Not Accessible,London Underground,2021-11-29,POINT Z (509229.7103 191418.7435 0),Metropolitan,940GZZLUNOW,"bus, tube",No,Northwood,2403,1493,3562,3842,3915,4005,3728,2575,1552,3501,3712,3933,3633,3195,2330,1583,3414,3892,3822,4045,3666,2400,1375,3648,3788,3909,4054,3528,2459,1611,3480,3857,3933,3934,2995,2437,1589,2690,3155,3150,3064,2809,2321,1547,2676,3016,3018,3016,2005,2130,1364,1464,3323,3705,3961,3601,2497,1816,3467,3974,3912,2236,1487,3476,3819,3982,4029,3531,2374,1547,3444,3690,3918,3647,3176,2267,1556,3362,3872,3800,4007,3569,2248,1443,3580,3791,3926,3958,3444,2407,1702,3383,3909,3911,3818,3053,2270,1541,2678,3199,3151,3029,2684,2299,1577,2693,2943,2924,2930,1942,2102,1371,1462,3194,3644,4198,3500,2331,1775,3492,4002,3866
323,Not Accessible,London Underground,2021-11-29,POINT Z (510307.602 190238.042400001 0),Metropolitan,940GZZLUNWH,"tube, bus",No,Northwood Hills,1622,1031,2415,2539,2500,2605,2397,1775,1110,2367,2585,2660,2409,2143,1609,1112,2267,2580,2563,2641,2485,1658,935,2378,2597,2581,2586,2420,1716,1076,2260,2608,2581,2611,2037,1603,1129,1989,2265,2220,2218,2041,1745,977,1910,2103,2179,2109,1502,1563,912,1074,2249,2508,2626,2318,1732,1231,2476,2571,2657,1632,1052,2379,2489,2466,2570,2328,1668,1082,2338,2567,2606,2479,2225,1534,1137,2222,2503,2495,2533,2399,1562,952,2395,2520,2501,2522,2408,1656,1113,2214,2546,2500,2591,2064,1508,1113,1884,2147,2086,2178,1951,1622,994,1935,2077,2104,2021,1371,1428,913,1014,2070,2468,2547,2271,1576,1226,2391,2555,2595
85,Partially Accessible,London Overground,2023-05-23,POINT Z (534035.003 168222.9959 0),,,,,Norwood Junction,6838,2948,6126,7043,7053,7217,6411,9092,3080,6088,7092,7006,7115,6417,5304,2539,6117,7066,7075,7311,6456,5129,2040,6155,7060,7177,7253,6574,5342,3370,6112,7018,7221,7246,6474,7966,3466,5976,7020,6646,6809,5975,5265,3113,5618,6263,6451,6343,4328,6130,2761,3030,6216,6746,7053,6535,5973,3623,6288,7147,7245,7737,2796,5822,6796,6631,6678,5686,8431,2976,5863,6812,6702,6615,5567,4724,2271,5908,6534,6742,6788,5834,4230,1897,5923,6687,6785,6721,5830,4463,3352,5812,6682,6764,6621,5682,7688,3276,5538,6419,6097,5782,5033,4541,2872,5379,5701,5601,5555,3526,5688,2535,2996,5966,6268,6575,5735,4936,3369,5950,6758,6773
201,Not Accessible,London Underground,2021-11-29,POINT Z (525284.9146 180456.3574 0),"District, Central, Circle",940GZZLUNHG,"bus, tube",Yes,Notting Hill Gate,23706,14550,16839,17852,18197,18822,18962,23710,14185,16069,17313,17654,18093,18506,23356,14607,16322,17320,17694,18472,18935,23889,14179,16287,17300,17992,18386,18620,23508,14473,15376,16496,17064,17203,17449,20868,12820,15089,16520,16970,17254,18341,22137,13995,16828,17423,19053,18989,16954,21708,12940,10573,15878,16894,18929,19849,23438,14812,16339,18060,18799,29861,17267,18642,19268,19646,19936,20631,29897,16876,17114,18274,18457,19038,20569,28732,16431,16831,18604,18753,20022,20515,28800,15933,17295,18451,19069,19438,20207,29293,16888,16410,17378,17386,18127,19222,25796,14289,16093,17760,17975,18424,20601,28678,16041,18247,18401,20095,21270,19899,27842,15246,12074,17738,17968,20585,22744,28659,17014,17307,19334,20046
155,Fully Accessible,London Underground,2021-11-29,POINT Z (529390.306 195935.214400001 0),Piccadilly,910GENFCOAK,"bus, national-rail, tube",Yes,Oakwood,3050,2133,3210,3624,3773,3720,3360,0,0,3247,3541,3636,3519,3352,3250,2424,3310,3628,3724,3600,3596,3456,1469,3346,3759,3721,3725,3537,3271,2291,3143,3691,3404,3544,3593,3172,2215,3235,3918,3567,3425,3557,3475,2197,3049,3147,3449,3360,2516,2875,1566,1906,3985,3836,3622,3371,3334,2342,3361,4046,3673,3286,2203,3260,3644,3668,3774,3493,1,0,3643,3586,3750,3882,3523,3463,2600,3289,3680,3797,3917,3771,3677,1644,3337,3809,3809,3789,3754,3691,2325,3415,3699,3593,3752,3612,3402,2339,3155,4042,3704,3600,3627,3782,2317,3135,3259,3527,3900,2659,3296,1726,2007,3828,3978,3671,3450,3575,2634,3310,4116,3805
480,Not Accessible,London Underground,2021-11-29,POINT Z (532764.4507 182418.811100001 0),Northern,940GZZLUODS,tube,No,Old Street,20160,12554,22543,28220,28065,30519,23505,19878,12937,22448,26517,28590,31168,23387,22390,14536,23185,27440,28010,31096,23308,19385,12100,22373,27918,28164,29019,22964,18994,13429,21469,26390,27156,27336,22094,18528,12402,21347,25436,26301,28455,22360,18319,12091,21247,26197,26517,25653,13469,14001,9921,8539,22631,27332,29273,22706,19033,13649,22090,27042,27771,22032,12484,21982,27744,27097,29977,24202,21551,12406,22318,26997,27374,30240,24306,24630,14195,22139,27212,27066,29991,23830,20601,11612,21638,27132,27194,25035,23779,20419,12950,21467,25917,26736,27920,23189,19567,12212,21136,26509,25938,28222,23035,19488,11583,20942,25949,25997,25373,13496,14822,9658,8706,20369,26476,29096,23367,21261,12440,21144,26819,27565
302,Not Accessible,London Underground,2021-11-29,POINT Z (514520.2731 177096.8334 0),Piccadilly,940GZZLUOSY,"tube, bus",Yes,Osterley,1934,1376,2378,2703,1481,2591,2482,2301,1488,2432,2595,2641,2561,2340,2161,1752,2379,2808,2693,2797,2450,2205,973,2437,2810,2755,2717,2583,2201,1444,2446,2813,2682,2807,2628,2238,1656,2420,2765,2632,2655,2572,2356,1529,2359,2524,2550,2622,1846,2023,1295,1384,2440,2727,2695,2480,2265,1930,2483,2967,2837,1925,1474,2453,2794,1909,2676,2350,2244,1500,2486,2666,2702,2615,2315,2120,1718,2494,2776,2558,2795,2395,2250,1144,2555,2814,2774,2766,2505,2215,1569,2450,2844,2751,2866,2570,2140,1787,2420,2792,2586,2717,2345,2335,1581,2370,2463,2538,2579,1705,2045,1376,1401,2530,2802,2576,2443,2191,2002,2566,2939,2853
236,Not Accessible,London Underground,2021-11-29,POINT Z (531170.2991 177564.9022 0),Northern,940GZZLUOVL,"bus, tube",Yes,Oval,7462,4849,7394,8389,8623,9246,8617,7490,4816,7891,8676,8566,9312,8673,7971,5416,7523,8495,8393,9387,8055,6763,4726,7094,8368,8791,8288,8171,6709,5162,7040,8219,8369,8447,8078,6793,5165,6995,7609,7965,8274,9986,8358,6141,7227,7834,7904,7907,5754,5617,3923,3655,6990,8203,8513,9939,8170,6928,7039,8520,8751,7349,5164,7343,8548,8877,9233,8387,7215,5136,7873,8544,8618,9215,8409,8032,5640,7461,8612,8469,9305,7870,6787,4799,7222,8428,8733,8902,7929,6663,5432,7142,8168,8297,7626,7680,6708,5046,6857,7669,7945,8195,9663,8347,6482,7191,7805,7865,7515,5340,5174,4030,4142,7126,8146,8549,9622,8162,6785,6918,8575,8533
210,Partially Accessible - Interchange Only,London Underground,2021-11-29,POINT Z (529046.6139 181236.3369 0),"Central, Bakerloo, Victoria",940GZZLUOXC,"tube, bus",Yes,Oxford Circus,59540,37284,60962,67218,71596,64495,65940,69477,40160,59452,68625,70212,75344,65588,56598,40088,58494,69271,70535,69478,63943,67719,39727,59319,69469,72613,74663,70201,69300,37917,60340,69808,71950,67650,64974,63659,39690,63568,74266,74775,66996,66425,65952,40322,65938,71870,76978,75128,54237,58872,26329,39468,63147,68837,78703,71094,69888,41095,62849,71738,73849,77608,40731,67115,75927,79513,83009,75738,80832,45483,66521,75583,77549,82968,75269,75305,43325,67520,75393,79550,85199,75281,79559,45700,65680,76768,80406,86882,79285,78832,42175,67637,77350,81007,84322,74090,73886,42983,71727,82212,83956,86437,76212,76108,43330,73245,83164,85365,85899,62786,67764,29984,42364,71324,76728,87157,79235,80209,42482,68805,78069,81716
125,Partially Accessible,London Underground,2021-11-29,POINT Z (526659.2098 181314.446900001 0),"Hammersmith & City, District, Circle, Bakerloo",940GZZLUPAC,tube,No,Paddington,41126,33532,39357,44517,43020,47464,42016,47207,45894,39102,44955,46255,48661,42945,43271,39963,40371,44474,44664,47219,41073,42856,33835,40867,44367,45752,48219,42279,40877,34259,39919,43906,45008,47021,40765,41635,36584,39288,45128,44934,46869,42261,44131,37308,40396,44415,45265,46414,32978,37037,28946,32071,43985,46103,48761,43415,47412,38849,41116,47302,46445,41818,32737,38248,43908,43751,48341,41789,48391,43433,38862,44364,47013,50738,44654,46590,36402,39703,45158,45120,48940,43809,43553,32724,39033,43984,46033,50108,44319,42738,30889,37224,43618,44753,48406,41555,41833,34910,39295,44985,45272,47754,43140,45098,35580,39856,44121,46957,51708,39981,38710,27383,26707,40287,44929,49150,44716,46317,40505,42252,47018,47593
411,Fully Accessible,TfL Rail,2022-05-26,POINT Z (526538.0067 181269.878900001 0),Elizabeth Line,,,,Paddington EL,24300,19882,31065,37177,34591,38498,31109,27898,15046,31896,38289,37998,39354,30753,25914,20192,32773,37768,38251,40317,28066,27405,19541,31822,37581,38961,39602,30818,26388,22745,32374,36459,38590,39098,30140,27187,22444,31006,36833,36435,37990,30718,27751,20685,30805,35267,35700,33877,21806,24508,17978,20111,35577,37366,39706,33021,30893,23344,33816,39980,41028,24319,18924,29038,35373,34988,39668,32052,26817,12602,30517,35875,37462,39589,31272,25866,18332,30069,35286,37781,40298,27979,26010,18488,29308,35302,36619,40131,31368,25889,20722,28844,34819,37072,39235,30345,26462,20604,29839,34864,35558,37877,30666,26364,20010,29149,33539,34902,37342,24257,24178,16389,17472,30595,35768,40133,32347,27393,21211,32483,38112,39934
143,Not Accessible,London Underground,2021-11-29,POINT Z (519141.6075 182236.241800001 0),Piccadilly,940GZZLUPKR,"tube, bus",No,Park Royal,2463,1830,2265,2635,2260,2383,2277,1915,1258,2154,2262,2305,2226,2191,2096,1435,2181,2373,2343,2252,2755,1,1,2297,2389,2498,2608,2383,2000,1646,2302,2313,2355,2375,2454,1937,1744,1938,2462,2332,2540,2338,2037,1342,2219,2342,2327,2462,0,0,0,0,2280,2271,2517,2550,1949,1453,2358,2419,2444,2444,1802,2344,2607,2334,2439,2558,1964,1232,2345,2462,2371,2340,2332,2113,1521,2264,2579,2473,2334,2681,2,2,2398,2627,2607,2569,2609,2106,1718,2445,2567,2494,2496,2663,2128,1649,2563,2607,2608,2612,2566,2111,1478,2395,2550,2554,2553,0,1,0,0,2438,2457,2635,2620,2070,1552,2460,2646,2677
180,Not Accessible,London Underground,2021-11-29,POINT Z (524984.5495 176646.7489 0),District,940GZZLUPSG,tube,No,Parsons Green,7005,4239,8488,9786,9783,10055,8968,7561,5220,8824,9436,9821,10899,9085,7445,4883,8685,9959,9927,9845,8886,7069,4241,8735,9998,9999,9918,9275,7590,4416,8240,9307,9517,10355,8539,7037,5055,7397,8516,8489,8802,7621,6476,5754,7062,8108,8378,8773,5031,4500,3246,3086,8187,9456,10022,9000,8506,6036,8489,9610,9662,6947,4247,8516,9990,9805,9887,8651,7172,5228,8845,9468,9738,10671,8932,7255,4831,8559,10031,9739,9795,8698,6761,4351,8721,9841,10004,10134,9072,6873,4495,8316,9342,9391,10239,8313,6893,4994,7279,8583,8308,8587,7107,6217,5035,7100,8091,8089,8068,4511,4151,3278,3747,8476,9428,9803,8921,7528,6351,8394,9867,9648
90,Not Accessible,London Overground,2023-05-23,POINT Z (534113.1344 176265.354699999 0),,,,,Peckham Rye,8232,4925,7161,8748,9040,9859,9262,8974,4747,7396,8900,9053,9169,8398,4216,1790,7268,8927,8978,9338,8860,8766,4294,7231,8633,9218,9356,9066,8546,2393,6950,8672,9038,9271,8937,8171,4646,6636,8152,8457,8943,8362,8530,5064,7025,8665,8803,8715,3784,3798,1608,1941,7634,8942,9460,9063,9212,6130,7542,8875,9420,9051,5047,7379,9032,9237,10030,10118,9537,4790,7389,9147,9304,8993,9009,3847,1731,7537,9186,9284,8889,9455,9440,4421,7391,9054,9404,9343,9528,9104,2039,7147,8909,9295,9357,9451,8543,4772,7003,8391,8692,9294,9232,9118,5238,7200,8773,9020,8982,3371,3836,1489,1999,7834,9306,9569,9681,9763,6148,7661,9250,9529
89,Partially Accessible,London Overground,2023-05-23,POINT Z (534971.9965 170537.0035 0),,,,,Penge West,1031,584,608,745,861,918,950,1148,633,650,812,885,880,862,431,194,714,868,868,925,904,950,564,787,885,892,902,903,920,671,762,845,833,924,908,1137,799,746,844,426,779,511,1118,641,708,705,800,831,798,298,529,533,728,757,877,902,1030,1008,762,933,928,762,571,702,781,822,867,820,836,605,610,782,799,816,658,355,177,688,783,774,853,821,725,557,743,838,855,841,769,796,682,694,826,801,844,828,955,690,687,794,667,606,596,916,504,656,662,667,707,644,341,460,484,695,673,770,761,777,816,702,806,829
205,Not Accessible,London Underground,2021-11-29,POINT Z (516378.3501 183314.9891 0),Central,940GZZLUPVL,"bus, tube",No,Perivale,0,1,2593,2635,2801,2806,2659,2015,1351,2574,2728,2585,2775,2551,2057,1335,2545,2736,2724,2822,2718,2161,1477,2638,2859,2806,2755,2708,2054,1390,2540,2808,2847,2937,2602,1978,1234,2559,2725,2710,2636,2581,2033,1238,2302,2504,2550,2625,1732,1875,1168,1358,2473,2532,2664,2558,1997,1407,2409,2649,2794,0,1,2550,2862,2774,2694,2530,1905,1328,2609,2727,2674,2741,2553,1955,1389,2458,2654,2759,2711,2566,2053,1422,2524,2859,2684,2878,2614,2001,1388,2581,2807,2780,2838,2555,1920,1345,2499,2679,2652,2577,2481,1853,1250,2311,2487,2487,2502,1740,1815,1183,1380,2504,2521,2658,2533,1945,1414,2387,2648,2721
268,Not Accessible,London Underground,2021-11-29,POINT Z (529612.6446 180665.529899999 0),"Bakerloo, Piccadilly",940GZZLUPCC,"bus, tube",Yes,Piccadilly Circus,49675,27873,30801,33635,33585,38133,37075,46837,25181,28779,32520,33591,36021,37385,50648,31812,30989,33295,33265,37036,37003,47442,26035,29082,33102,34706,37849,37623,45434,26254,29567,32618,33387,36895,34231,41168,34302,31416,36386,37785,39399,37231,43955,27872,35415,40553,42208,42599,38615,43622,26054,24368,32570,36328,39859,42362,47252,38249,30748,34044,36163,46776,24282,29052,31353,31360,35316,35570,44272,22629,27200,30703,31602,35058,35252,46600,28095,29268,31279,31294,33399,35753,45486,21932,28080,31359,33061,35575,36146,42932,24222,28396,30489,31807,34436,33510,39369,30805,28661,34050,35557,36919,35488,41714,25835,33103,38280,39001,39260,35835,41300,24895,23272,30307,35554,38618,39500,43236,25435,28381,31819,34186
187,Not Accessible,London Underground,2021-11-29,POINT Z (529670.6464 178332.5964 0),Victoria,940GZZLUPCO,"tube, bus",Yes,Pimlico,7928,6099,11000,12289,12687,12520,10786,8230,5889,10910,12220,12619,13004,11142,8168,6234,11153,12288,12499,12511,10863,8332,6178,10546,12348,12317,12207,10721,7585,5808,9830,11828,11643,11435,9791,7434,6097,9435,10890,10893,11044,9438,7859,6056,9657,11505,11184,10504,6519,6213,4650,4950,9994,12470,12661,11252,8451,7444,11085,12188,12287,7737,6284,10913,12164,12239,11927,10423,7959,5927,11037,12009,12201,12663,10695,8076,6337,11002,12260,12115,12047,10465,7586,6338,10373,12084,12033,11725,10146,7399,5788,9617,11631,11167,11071,9324,7568,6264,9176,10660,10533,10651,8948,7996,6331,9280,11266,10790,10217,6604,6130,4593,5469,10222,12195,12340,10795,8530,6952,10729,11780,12236
327,Fully Accessible,London Underground,2021-11-29,POINT Z (512236.1384 189460.7521 0),Metropolitan,940GZZLUPNR,"tube, bus",No,Pinner,2581,1647,3727,4175,4205,4396,3716,2824,1720,3743,3963,4397,3820,3289,2479,1757,3690,4149,4251,4363,3940,2740,1565,3831,4264,4210,4142,3625,2723,1873,3600,4275,4186,4374,3149,2766,1764,3080,3762,3635,3671,3219,2682,1610,3046,3378,3510,3411,2376,2462,1546,1676,3639,3971,4239,3599,2647,2428,3709,4302,4268,2594,1658,3565,4092,4184,4410,3712,2702,1696,3695,4225,4354,4168,3600,2520,1850,3586,4218,4169,4332,3937,2468,1576,3718,4226,4216,4117,3781,2669,1923,3571,4253,4179,4320,2873,2655,1792,3095,3640,3565,3607,3235,2589,1609,3027,3373,3517,3387,2361,2368,1545,1650,3390,4019,4215,3597,2536,2357,3568,4258,4273
126,Not Accessible,London Underground,2021-11-29,POINT Z (540003.2462 183297.1438 0),"District, Hammersmith & City",940GZZLUPLW,"tube, bus",No,Plaistow,5558,4382,7444,8013,7907,8091,7790,6082,4600,7184,7597,7458,7722,7662,5683,4457,7478,7798,8063,8062,7798,5884,4174,7435,7649,7614,7700,7606,6461,5219,6891,7494,7579,7960,7636,6145,4662,6879,7064,7208,7180,7577,5993,4538,6726,7017,7319,7057,5468,5455,4294,4278,7429,7525,7517,7640,6216,4754,7496,8052,8173,5140,4216,7093,7629,7610,7658,7223,5557,4710,6978,7353,7323,7352,7384,5331,4273,7097,7448,7626,7465,7270,5349,4214,7112,7321,7453,7376,7166,5830,5137,6557,7299,7134,7556,7041,5622,4591,6552,7075,6309,6686,6670,5258,4444,6420,6640,6875,6638,4955,4929,4056,4242,7223,7226,7199,7182,5679,4547,7017,7637,7755
468,Fully Accessible,DLR,2021-09-23,POINT Z (541218.8971 180109.066500001 0),,,,,Pontoon Dock DLR,186,46,2894,3249,3316,3339,3194,2971,2152,2872,3303,3270,3417,3035,2980,2145,2855,3248,3204,3387,3127,3011,1972,2945,3235,3244,3300,3225,178,44,2934,3268,3144,3332,3165,2859,2015,2948,3344,3213,3336,3195,2926,2028,2873,3130,3212,3212,2334,2328,1605,1594,2795,3063,3276,2981,2806,2120,2857,3377,3246,5,3,2912,3228,3257,3301,3053,2793,2234,2873,3318,3272,3220,2995,2795,2099,2909,3300,3144,3270,2929,2722,2034,2946,3234,3209,3286,3069,3,0,2957,3287,3179,3198,3030,2818,2105,2898,3244,3180,3289,3009,2901,1963,2832,3070,3121,3030,2228,2205,1713,1715,2898,3095,3261,2831,2759,2177,2875,3292,3130
375,Fully Accessible,DLR,2021-09-23,POINT Z (537701.034 180616.921 0),,,,,Poplar,546,422,1244,1490,1410,1359,1260,0,0,1243,1374,1498,1410,1205,805,644,1249,1487,1446,1436,1184,0,0,1285,1419,1409,1371,1182,487,412,1199,1552,1630,1545,1166,3,0,934,1116,1068,1178,1038,733,556,939,1031,1058,1021,0,0,0,3,1296,1408,1465,1222,879,2350,1264,1435,1544,575,418,1175,1466,1386,1390,1152,0,1,1233,1344,1391,1331,1116,997,806,1250,1400,1402,1431,1167,0,0,1236,1428,1386,1348,1137,466,459,1141,1538,1750,1585,1158,0,0,938,1020,987,1120,869,728,601,875,924,975,945,3,0,0,0,1253,1395,1337,1221,783,1977,1297,1430,1521
487,Not Accessible,London Underground,2021-11-29,POINT Z (518249.3308 187281.8291 0),Metropolitan,940GZZLUPRD,"tube, bus",No,Preston Road,2954,2024,3791,4163,3647,4269,4008,3616,2185,3816,3945,4120,3660,3491,2869,2759,3930,4204,4293,4360,4324,2939,2052,4092,4159,4264,4203,4055,3144,2155,3796,4318,4279,4304,4168,3098,2308,3721,4016,3929,3926,3983,3064,2238,3365,3702,3659,3750,2716,2823,1916,2088,3772,3804,4048,4094,3457,2693,3788,4171,4264,2962,2070,3748,4133,2946,4162,3940,3324,2246,3862,4184,4170,4013,4038,2809,2714,3894,4164,4341,4294,4136,2801,2090,3981,4152,4212,4220,3885,3103,2240,3803,4402,4193,4234,3922,2990,2299,3646,4004,4218,3920,3805,3033,2291,3396,3647,3689,3666,2529,2641,1933,2101,3728,3793,4082,3955,2945,2562,3827,4304,4471
469,Fully Accessible,DLR,2021-09-23,POINT Z (541263.8863 180899.061899999 0),,,,,Prince Regent,1,0,1163,1264,1787,1248,1467,1151,1064,1055,1159,1490,1307,1297,1086,818,1342,1352,1455,1569,1270,918,663,1272,1514,1324,1214,1498,0,1,1173,1672,2394,2127,1973,921,651,1073,1152,1279,1226,1213,1450,833,1080,1216,1243,1247,919,1001,705,612,1104,1426,1530,1597,2034,857,1180,1405,3016,0,0,1088,1155,1410,1118,1244,750,729,1011,1097,1179,1068,1184,925,618,1102,1177,1380,1490,1098,752,467,1142,1351,1249,1011,1392,2,0,1077,1345,1734,1914,2086,811,527,1008,1109,1141,993,1002,950,749,929,1069,1078,1042,836,896,513,382,958,1097,1111,1167,1110,697,1134,1292,2115
376,Fully Accessible,DLR,2021-09-23,POINT Z (537847.0415 183567.9811 0),,,,,Pudding Mill Lane,3624,3144,1564,1625,2945,2863,2937,2,1,2889,1655,2731,2925,2871,1,1,1468,1637,2780,2950,2850,0,0,1438,1686,2820,2909,2650,3482,3030,1407,1727,2957,2944,2986,13,1,1328,1555,2853,3064,2695,3499,3163,1282,1521,2972,2980,0,1,0,0,1379,2726,2670,2909,3750,3353,1424,1644,3105,3208,2866,1559,1632,2821,2820,2768,0,0,3338,1665,2675,2755,2799,4,0,1477,1666,2692,2870,2671,0,0,1493,1703,2708,2750,2512,3068,2728,1397,1608,2732,2792,2723,2,1,1245,1491,2597,2807,2338,3028,2696,1284,1467,2794,2742,1,0,0,0,1416,2636,2586,2596,3274,2767,1435,1688,2872
208,Not Accessible,London Underground,2021-11-29,POINT Z (524519.2741 175886.505999999 0),District,940GZZLUPYB,"tube, bus",No,Putney Bridge,6189,4205,6608,7615,7769,7999,7040,7068,4638,6816,7790,7679,8322,7201,7117,10391,6941,7861,7864,8056,6945,6848,3918,6804,7701,7756,8045,7250,11117,4128,6807,7503,7558,7947,6975,6348,9464,6021,7078,7503,7262,6772,6456,11467,6137,6667,6979,6926,4750,4558,7729,3072,6463,6913,7356,6573,6426,5762,6050,7059,7464,6278,4563,7494,8286,8450,8503,7656,7336,5083,7641,8695,8515,9586,7786,7552,11165,7678,8437,8616,8861,7914,7134,4180,7659,8616,8719,8714,7687,12469,4412,7484,8379,8428,8911,7649,6620,10694,6868,8087,8345,8002,7146,6989,13875,6868,7248,7673,7310,4687,4579,8552,3846,7575,7550,8009,7399,6598,5556,7028,7974,8548
200,Partially Accessible - Interchange Only,London Underground,2021-11-29,POINT Z (524547.4749 183200.2402 0),Bakerloo,940GZZLUQPS,tube,No,Queens Park,6234,4100,6893,7695,7982,8257,7042,6255,4096,6952,8176,8018,8213,7359,6031,4269,7003,7833,7859,8080,7305,6142,3955,7210,7790,8173,8190,7321,6080,4935,6710,7631,7927,8009,7215,6183,4246,6357,7194,7402,7613,6832,5832,4073,6348,7039,7233,7008,4781,4605,3125,3361,6603,7483,7947,7113,6177,4095,7047,7994,8212,5806,4168,6715,7474,7651,7860,6730,6045,4022,6731,7780,8135,7893,6835,5761,4499,6718,7601,7705,7717,6682,5936,4138,6870,7628,7812,7766,6888,5939,4807,6472,7537,7639,7589,6749,5834,4441,6160,7115,7159,7501,6353,5462,4258,6087,6650,6909,6402,4217,4335,3249,3692,6475,7269,7599,6795,6099,4709,6856,7731,7852
88,Not Accessible,London Overground,2023-05-23,POINT Z (535047.0018 176841.9988 0),,,,,Queens Rd Peckham,3814,2029,3675,4470,4654,4802,4531,3960,1986,3894,4574,4564,4830,4609,2928,1341,4121,4516,4557,4743,4478,3990,2163,4055,4542,4581,4814,4586,3940,963,3726,4407,4471,4767,4388,4146,2560,3445,4251,4236,4531,4277,3940,2405,3630,4202,4312,4416,1954,1789,873,1123,3786,4279,4683,4472,4219,2847,4011,4530,4633,3555,2193,3706,4395,4496,4661,4355,3745,1963,3844,4458,4409,4240,4213,2435,1265,3988,4517,4419,4398,4112,3650,2356,4065,4456,4499,4474,4253,3759,881,3733,4370,4275,4495,3988,4022,2624,3544,4047,4091,4383,4012,3608,2556,3599,4087,4141,4097,1366,1334,744,1192,3627,4164,4552,4175,4024,2884,3958,4425,4503
255,Not Accessible,London Underground,2021-11-29,POINT Z (518808.7824 189763.2019 0),Jubilee,940GZZLUQBY,"bus, tube",Yes,Queensbury,3510,2602,4953,5327,5347,5369,5051,4130,2811,5064,5350,5273,5304,4813,3585,2829,4747,5448,5190,5284,5175,3428,2324,5202,5394,5207,5309,4854,3537,2579,4704,5153,5025,5186,4995,3552,2900,4761,5117,4875,5017,4821,4025,2768,4225,4503,4577,4501,3155,3155,2159,2197,4358,4523,4745,4600,3893,3127,4589,4786,4948,3444,2481,4887,5210,5365,5350,4975,3839,2656,4971,5255,5389,5263,4748,3439,2724,4794,5700,4996,5299,5082,3229,2203,4839,5175,5032,5094,4742,3571,2555,4583,5019,5149,5284,4914,3441,2695,4694,5063,4531,5003,4859,4000,2701,4190,4387,4512,4464,3111,2996,2100,2163,4298,4557,4687,4503,3755,2998,4585,4720,4653
245,Not Accessible,London Underground,2021-11-29,POINT Z (525903.0798 180593.604 0),Central,940GZZLUQWY,"bus, tube",Yes,Queensway,9532,7139,7527,7432,7987,8213,8597,9592,7536,7465,7203,7924,8090,8255,9518,7230,7120,6917,7806,8410,8374,9387,6706,7057,7449,8216,8296,8705,9087,8585,7567,7503,7923,7807,8151,9292,5501,7369,7992,8149,8413,9223,10118,7258,7941,8372,8675,9101,8583,9422,6940,6075,6893,7387,8485,9271,9582,8128,7425,7975,8561,9921,7406,8520,8192,8698,9022,9179,10419,7727,8361,8159,8816,8599,9504,10415,7385,7574,7457,8600,8953,9363,9892,7084,7712,8071,9385,9012,9472,9956,8152,7982,7770,8335,8061,8888,9804,6240,7802,8457,8531,8630,9784,10353,7475,8813,8772,9249,9381,9122,9579,6871,5992,7579,8016,8822,10117,10374,7972,7656,8513,9288
278,Not Accessible,London Underground,2021-11-29,POINT Z (522571.1867 178722.460000001 0),District,940GZZLURVP,"bus, tube",No,Ravenscourt Park,3214,2247,4227,4770,4896,4829,4637,3418,2357,4263,4759,4627,5040,4659,3449,2580,4225,4839,4877,4860,4440,2801,1585,4322,4703,4644,4922,4734,4277,3244,3716,4202,4142,4095,3755,3465,2330,3137,3406,3575,3708,3305,3107,3715,3033,3397,3369,3320,2246,2248,1725,1500,3348,4325,4529,4404,3388,2468,4187,4686,4734,3052,2196,4104,4786,4939,4783,4534,3157,2441,4240,4659,4569,4712,4619,3375,2555,4140,4729,4688,4655,4443,2715,1871,4310,4723,4870,4820,4792,4472,3593,3779,4305,4093,4083,3747,3619,2431,3033,3504,3716,3651,3369,3000,3354,2985,3321,3220,3240,2106,2098,1743,1643,3444,4191,4507,4324,3328,2558,4235,4720,4834
325,Partially Accessible - Interchange Only,London Underground,2021-11-29,POINT Z (512952.7879 187515.078199999 0),"Metropolitan, Piccadilly",940GZZLURYL,"bus, tube",No,Rayners Lane,4129,2947,5190,5586,5721,5813,5239,4520,2992,5329,5716,5767,6088,5445,4068,3027,5286,5710,5703,5886,5524,3838,2451,5504,5830,5936,5889,5370,4320,3023,5309,5762,5828,5988,5475,4368,3233,5162,5563,5304,5650,5294,4330,3289,4940,5074,5294,5435,3450,3407,2391,2576,5294,5433,5633,5288,4304,3261,5337,5724,5862,4075,2936,5199,5372,5641,5676,5285,4344,3009,5205,5649,5650,6013,5422,3959,3081,5184,5645,5658,5763,5423,3695,2524,5443,5615,5742,5812,5319,4303,2973,5114,5588,5726,5831,5367,4166,3286,5053,5441,5360,5461,5172,4190,3203,4748,4939,5159,5251,3377,3302,2468,2578,5122,5279,5494,5097,4176,3161,5248,5620,5816
431,Fully Accessible,TfL Rail,2022-05-26,POINT Z (471456.4223 173854.3511 0),Elizabeth Line,,,,Reading,1490,930,1239,1492,1362,1552,1299,1483,861,1276,1577,1459,1505,1419,1517,948,1286,1493,1509,1546,1410,1502,1090,1312,1487,1467,1600,1442,1634,1071,1261,1414,1439,1483,1233,1597,1005,1222,1442,1327,1432,1273,1387,842,1165,1398,1390,1293,981,1132,796,774,1389,1357,1523,1354,1641,1048,1348,1696,1643,1454,913,1316,1553,1412,1585,1364,1513,982,1354,1695,1516,1537,1484,1648,1026,1353,1564,1584,1754,1389,1506,1173,1361,1558,1583,1678,1514,1695,1071,1257,1452,1454,1547,1417,1647,983,1269,1491,1380,1447,1353,1464,883,1256,1472,1467,1440,1181,1206,914,671,1421,1406,1589,1435,1551,1179,1434,1697,1732
42,Not Accessible,London Overground,2023-05-23,POINT Z (533979.4235 186241.0076 0),,,,,Rectory Road,1488,899,1782,2086,2038,2155,1958,1675,1115,1832,2156,2158,2250,2064,1683,1159,1817,2103,2190,2191,2020,1533,1059,1870,2106,2133,2306,1973,1775,1163,1728,2097,2115,2186,1991,1733,1128,1675,1960,2037,2188,1784,1605,1040,1634,1979,1952,2041,1504,1425,1053,829,24,1956,2059,1917,1831,1269,1862,2066,2032,1295,993,1713,1996,1865,1930,1744,1418,1041,1766,1994,1957,2038,1821,1664,1057,1715,2002,1995,1953,1806,1247,1068,1755,1795,1933,2074,1756,1454,1195,1771,1958,1955,2012,1756,1460,1097,1605,1905,1862,1844,1413,1474,973,1509,1827,1708,1565,1230,1142,1011,917,132,1836,1942,1796,1527,1189,1726,1951,1796
252,Not Accessible,London Underground,2021-11-29,POINT Z (541834.4862 188358.000499999 0),Central,940GZZLURBG,"bus, tube",Yes,Redbridge,2381,1648,3101,3283,3343,3416,3050,2647,1932,3191,3390,3380,3469,3178,2199,1579,3035,3304,3357,3366,3132,2571,1707,3130,3301,3378,3393,3084,2552,2032,2827,3297,3450,3603,3359,2947,1906,3089,3381,3307,3437,3200,2718,1944,2980,3165,3294,3390,2378,2744,1726,1804,3059,3328,3398,3209,2879,2305,2809,3408,3603,2195,1576,2904,3058,3047,3253,2815,2412,1815,3018,3152,3132,3206,2885,2109,1531,2395,3104,3076,3132,2967,2321,1567,2926,3016,3112,3274,2860,2312,1862,2568,3083,3219,3396,3017,2678,1674,2911,3128,3030,3200,2872,2480,1832,2720,2888,3027,3029,2240,2531,1636,1696,2846,3113,3189,2904,2580,2291,3076,3155,3312
276,Not Accessible,London Underground,2021-11-29,POINT Z (528699.2958 182113.1305 0),Bakerloo,940GZZLURGP,"tube, bus",No,Regents Park,2450,1326,3189,3570,3497,3723,2914,2571,1630,3099,3538,3521,3576,3167,2357,1404,2862,3656,3769,3963,3300,2257,1360,3144,3494,3620,3550,3035,2675,0,3103,3578,3717,3841,3269,3019,1922,3229,3688,3745,3705,3593,2313,1152,3252,3476,3486,3526,1904,2035,1531,1225,3259,3407,3779,3425,2478,1627,3241,3624,3832,3124,1717,3617,4149,4042,4127,3397,3430,2207,3536,4079,4100,4147,3648,2837,1697,3341,3994,4300,4752,3846,2719,1474,3651,3918,4262,4101,3579,3444,1,3842,4351,4231,4546,4068,4105,2762,3994,4542,4367,4324,4332,3804,1485,3665,3933,4110,4161,2389,2287,1741,1489,3647,4110,4345,3974,3108,2440,3806,4437,4535
396,Fully Accessible,London Underground,2021-11-29,POINT Z (518077.1529 175161.4717 0),District,940GZZLURMD,tube,No,Richmond,19332,15274,14973,17164,17767,18346,16659,21356,22907,15227,16760,17551,17926,16101,16542,11655,14807,17576,17977,19341,16860,16655,9804,15326,17252,17875,18280,17932,19850,15877,15927,17878,17675,18241,17786,18682,9439,14767,16593,16791,17343,17771,21224,11371,14011,15452,16704,17061,14959,16150,11321,10366,15686,16179,17470,16287,19948,14287,15324,18309,18430,19270,15240,15278,16937,17514,18277,16258,21664,21114,14822,16738,17505,18024,15836,15771,11104,14732,17466,17804,19580,16693,15937,9463,15213,17221,17861,18245,17925,19722,15679,15859,17987,17512,18283,17642,20699,9070,14005,16561,16827,17553,17771,18803,10763,13917,15424,16371,16107,15009,16010,11356,9856,14905,16116,17465,16394,19946,13836,15291,18291,18526
474,Partially Accessible,London Underground,2021-11-29,POINT Z (505715.6061 194601.2017 0),Metropolitan,940GZZLURKW,tube,No,Rickmansworth,2058,1207,3044,3570,3471,3610,3163,2220,1349,3093,3510,3592,3427,3044,1994,1565,3008,3586,3574,3580,3364,2086,1143,3246,3622,3603,3567,3112,2043,1510,2991,3542,3588,3751,3055,2172,1297,2300,2893,2838,2826,2589,2057,1335,2238,2708,2696,2612,1670,1752,1071,1141,3000,3431,3568,3149,2482,1883,3010,3631,3477,1992,1215,2885,3768,3364,3489,3062,2127,1322,3111,3319,3376,3376,2744,1901,1449,2905,3444,3500,3506,3120,1889,1091,3032,3479,3482,3462,2988,2091,1658,2887,3424,3485,3488,3217,2114,1297,2231,2769,2787,2736,2476,2012,1305,2212,2621,2648,2542,1705,1790,1126,1025,2948,3208,3487,2980,2728,1817,2931,3528,3367
123,Fully Accessible,London Underground,2021-11-29,POINT Z (541589.7031 192894.9639 0),Central,940GZZLURVY,tube,No,Roding Valley,157,105,254,278,302,315,286,186,110,264,323,309,304,279,0,0,250,313,310,312,266,190,130,274,305,323,322,303,172,87,256,306,340,333,262,182,73,241,258,280,309,248,169,87,239,238,271,259,163,153,66,82,313,317,313,288,183,118,281,326,307,169,116,262,268,290,274,246,209,112,281,277,310,276,247,0,0,210,312,292,292,253,187,107,249,294,318,269,266,147,78,212,256,290,290,221,155,73,235,245,277,281,242,163,81,238,226,247,240,140,142,79,99,273,293,319,239,158,119,239,300,288
35,Not Accessible,London Overground,2023-05-23,POINT Z (551353.5955 188454.472899999 0),,,,,Romford,15590,9358,14961,16336,16182,16365,15503,12274,7412,15561,16218,16273,16029,15426,12005,7655,14500,16154,16243,16372,15205,12099,6999,14144,15526,16309,16464,15701,12805,8162,14390,16025,15989,16436,16166,13277,8360,14707,16065,16002,16207,15730,12862,7655,14204,15035,15895,15521,10549,11880,6618,7566,14711,15500,15706,15514,12702,7849,15125,16205,16483,15488,9572,15728,17365,17389,17370,16334,12767,7549,16502,17004,17230,16754,16046,12320,7874,15430,16885,17130,17142,16038,11965,6772,14228,16588,17300,17145,16556,13199,8698,14639,16730,16730,16764,16934,13349,8699,15432,16573,16675,16761,16344,13072,8012,14764,15809,16804,16344,10926,12289,6816,7696,15586,16191,16759,16583,12738,8475,16100,17251,17530
9,Not Accessible,London Overground,2023-05-23,POINT Z (535290.6409 179819.936799999 0),,,,,Rotherhithe,2172,1709,1901,2342,2474,2504,2418,2603,1692,1755,2399,2382,2384,2505,0,0,2135,2414,2360,2521,2323,2174,1487,2029,2380,2401,2399,2555,2357,1516,1971,2417,2522,2623,2761,2651,1694,1889,2331,2210,2348,2434,2425,1595,1781,2206,2186,2295,1661,1585,1202,1163,2061,2221,2275,2341,2228,8195,2087,2464,2494,2119,1602,1881,2214,2197,2164,2274,2427,1599,1723,2316,2247,2255,2206,0,0,1945,2208,2215,2225,2101,2044,1495,1838,2089,2207,2188,2226,2133,1309,1866,2306,2279,2349,2438,2449,1661,1816,2060,1980,2097,2146,2159,1512,1623,1994,1905,1997,1469,1375,1186,1152,1876,2075,2359,2077,2062,5443,1929,2188,2246
357,Fully Accessible,DLR,2021-09-23,POINT Z (542076.8908 180815.051200001 0),,,,,Royal Albert,0,0,1303,1588,1550,1529,1431,1178,975,1360,1580,1483,1404,1486,1362,1092,1495,1548,1523,1649,1620,1534,1213,1540,1737,1618,1600,1536,4,0,1423,1593,1516,1578,1524,1287,1128,1557,1746,1743,1710,1487,1323,1028,1581,1797,1867,1717,1303,1344,1109,903,1495,1475,1572,1444,1350,1158,1454,1647,1635,0,0,1218,1541,1430,1509,1301,1041,834,1234,1443,1403,1367,1419,1278,895,1289,1478,1460,1570,1542,1440,873,1436,1685,1513,1501,1426,1,0,1347,1499,1454,1475,1455,1223,924,1534,1741,1651,1569,1342,1243,922,1462,1777,1839,1553,1207,1315,916,754,1384,1454,1434,1320,1370,957,1330,1611,1615
198,Not Accessible,London Underground,2021-11-29,POINT Z (525833.8943 181570.6391 0),"Hammersmith & City, Circle",940GZZLURYO,"bus, tube",No,Royal Oak,3016,2108,3228,3638,3637,3652,3475,3044,2184,3227,3507,3524,3637,3472,3030,2358,3428,3562,3668,3521,3523,2672,2184,3324,3491,3592,3651,3594,3033,1957,2956,3582,3506,3454,3362,3032,2284,2907,3242,3182,3258,3128,2775,2242,2901,3213,3308,3180,2376,2367,1774,1838,3179,3414,3457,3560,3083,2278,3215,3590,3746,2958,2023,3056,3432,3497,3576,3377,2990,2132,3112,3292,3458,3491,3335,2992,2351,3313,3479,3514,3505,3471,3130,2143,3106,3447,3507,3505,3438,3045,1891,2894,3502,3250,3444,3342,3160,2536,2834,3033,3168,3226,3064,2824,2174,2828,3070,3152,3047,2092,2277,1859,1825,3155,3265,3702,3449,3025,2285,3039,3463,3596
358,Fully Accessible,DLR,2021-09-23,POINT Z (540121.8802 180852.069700001 0),,,,,Royal Victoria,198,45,2088,2306,2470,2362,2315,2126,1650,2135,2333,2291,2343,2290,2510,1675,2122,2312,2335,2506,2230,1839,1135,2170,2402,2332,2318,2476,208,101,2440,2708,2602,2557,2495,1912,1577,2289,2521,2571,2585,2629,2683,1825,2383,2295,2627,2727,2094,1999,1507,1339,2071,2153,2359,2639,2619,1758,2249,2408,2691,20,7,1831,1964,2017,2085,1915,1500,1231,1754,1966,2030,2036,2060,2078,1481,1787,1997,2014,2122,1987,1432,942,1810,2089,2023,1970,2100,55,11,1984,2217,1935,1865,2043,1651,1250,1814,2063,2150,2151,2210,2065,1460,2017,1966,2113,2317,1564,1604,1154,1187,1652,1812,1877,1975,2153,1442,1835,2036,2133
321,Partially Accessible,London Underground,2021-11-29,POINT Z (509473.5706 187004.4778 0),"Metropolitan, Piccadilly",940GZZLURSP,"bus, tube",No,Ruislip,2456,1445,2175,2532,2448,2573,2420,1968,1216,2162,2260,2442,2184,2229,2078,1554,2111,2448,2448,2486,2475,2003,1067,2409,2548,2507,2620,2329,2014,1244,2143,2568,2433,2542,2346,2144,1486,2239,2390,2366,2331,2463,1914,2456,2085,2292,2247,2355,1531,1705,1011,1264,2347,2482,2468,2395,3176,2180,2320,2541,2656,2340,1428,2254,2516,2520,2712,2431,1999,1224,2250,2398,2564,2274,2405,2018,1525,2214,2531,2546,2638,2544,1996,1027,2462,2609,2641,2630,2423,2080,1359,2231,2599,2577,2619,2456,2172,1521,2178,2356,2343,2454,2445,2018,2319,2166,2309,2260,2509,1496,1677,1018,1288,2405,2474,2574,2437,3009,2130,2404,2635,2788
129,Not Accessible,London Underground,2021-11-29,POINT Z (510266.398 185851.599300001 0),Central,940GZZLURSG,"tube, bus",No,Ruislip Gardens,1,0,1244,1379,1471,1489,1361,1023,637,1352,1558,1497,1647,1443,1196,634,1248,1470,1489,1597,1356,1127,578,1345,1454,1509,1373,1375,1008,590,1373,1618,1488,1627,1414,1275,590,1212,1357,1291,1436,1306,1191,601,1152,1251,1324,1409,848,886,524,752,1305,1352,1505,1334,1218,677,1239,1509,1573,0,0,1172,1293,1306,1339,1180,929,600,1248,1300,1295,1383,1146,1061,638,1121,1346,1378,1468,1168,966,573,1230,1290,1334,1396,1201,875,607,1196,1435,1334,1450,1195,1138,563,1122,1199,1173,1220,1123,1096,539,1064,1126,1178,1175,719,818,524,694,1135,1205,1334,1147,984,653,1125,1425,1333
322,Not Accessible,London Underground,2021-11-29,POINT Z (510159.7912 187262.366699999 0),"Metropolitan, Piccadilly",940GZZLURSM,"bus, tube",No,Ruislip Manor,2481,1217,2166,2693,2373,2584,2516,1824,1114,2155,2363,2527,2366,2170,1833,1244,2212,2526,2534,2583,2470,1882,939,2410,2605,2521,2628,2358,1815,1071,2281,2692,2486,2550,2464,1952,1349,2012,2294,2187,2338,2100,1849,1047,1884,2190,2163,2170,1426,1477,760,1068,2426,2459,2641,2271,2232,1260,2312,2444,2553,2317,1263,2253,2631,2489,2604,2413,1766,1148,2259,2480,2579,2383,2308,1665,1303,2268,2521,2503,2712,2477,1786,962,2513,2728,2581,2665,2498,1707,1072,2269,2893,2553,2563,2242,1810,1274,2051,2250,2233,2331,2064,1792,1192,1884,2234,2262,2166,1312,1370,832,1052,2321,2535,2708,2341,2092,1351,2403,2455,2583
149,Not Accessible,London Underground,2021-11-29,POINT Z (530229.0927 182127.7234 0),Piccadilly,940GZZLURSQ,"tube, bus",Yes,Russell Square,9618,7735,12862,13445,12875,13567,12911,9625,8199,12674,13616,13884,13576,12653,10579,9250,12813,13214,12428,12971,12857,10270,5942,11810,12178,12937,12888,13273,10013,8112,10226,11277,11396,11425,10831,8729,8160,10283,11662,11844,12122,11508,9838,8114,11382,12359,12362,10662,8553,8725,6993,6705,10051,12402,12475,12655,10449,8114,11364,12700,12572,10356,7976,13356,14008,13097,14422,13770,10235,8292,12706,14433,13819,14229,13547,10575,9015,13273,13641,13275,13450,13482,10529,6200,12296,12762,13458,13685,13933,11984,7968,10676,11416,11929,12015,11758,9731,7717,10685,12059,12290,12388,12006,10847,8322,11744,12804,12686,11794,8907,8663,6815,6849,10855,12597,13774,13418,10503,8095,11777,12803,13511
383,Fully Accessible,TfL Rail,2022-05-26,POINT Z (545384.0476 187089.397500001 0),Elizabeth Line,,,,Seven Kings,4331,3137,6038,6644,6583,6703,6446,4793,3112,6354,6667,6629,6719,6328,4714,3369,6359,6530,6628,6912,6181,4551,3240,6258,6587,6567,6637,6354,4840,3737,5858,6664,6706,6801,6513,4911,3905,6091,6473,6279,6272,6110,4937,3418,5686,5825,6253,6082,4358,4470,3119,3516,6094,6146,6463,6157,4906,3202,6404,6765,6610,3830,2978,5645,6072,6107,6169,5839,4162,2985,5779,6224,5993,6069,5791,4159,3060,6240,6022,6109,6408,5501,3932,2997,5771,6058,6045,6059,5765,4285,3438,5312,6181,6085,6044,5799,4326,3661,5534,5952,5848,5712,5490,4443,3206,5263,5451,5808,5486,3918,3935,2865,3298,5738,5819,6002,5535,4345,3165,5908,6264,6133
483,Not Accessible,London Underground,2021-11-29,POINT Z (533642.8986 188930.9134 0),Victoria,940GZZLUSVS,tube,Yes,Seven Sisters,15989,13184,18385,18956,19560,19504,19606,17029,21142,21413,18969,19449,26929,20199,17260,12800,17961,19222,19346,20143,20115,26872,15267,17897,18984,19096,19782,20147,17190,13316,18296,19117,18932,19367,19610,16758,19814,17264,18566,18456,25333,20188,16715,13244,16524,17639,18658,18896,14739,15183,11256,17646,23212,16513,19223,18858,23054,13007,17942,19224,20331,18869,12803,18555,19416,19831,19544,19770,17253,22323,20372,19025,19755,30177,20357,17206,12961,17994,19308,19287,19641,19865,26247,14918,17864,19830,19370,19689,20160,16898,13305,17673,19185,18843,19418,19501,16543,21446,16900,18431,18471,27489,19654,16475,12659,16243,17545,18521,18488,14174,14469,10842,17352,22635,17345,19088,18782,27287,12455,17792,19662,20369
502,Fully Accessible,DLR,2021-09-23,POINT Z (534946.9707 180985.9723 0),,,,,Shadwell DLR,4389,3339,5831,6636,6574,6697,6295,0,1,6044,6350,6292,6626,6143,5257,3653,5818,6242,6497,6828,5988,0,0,5516,6203,6261,6413,6157,4174,3533,5442,6202,7584,6511,6259,0,0,5343,5976,5785,6738,5566,5298,3746,5120,5635,5896,5746,3322,3176,2336,2366,5675,6225,6224,5964,5105,11897,5906,6512,6737,4281,3450,5591,6424,6339,6531,5877,1,0,5695,5797,6050,6192,5761,4873,3518,5443,6066,6255,6077,5635,0,0,5360,5838,6067,6129,5913,4108,3322,5054,5986,6413,5990,5887,0,0,5096,5693,5532,6047,5366,5278,3710,4992,5332,5481,5431,2850,2707,2080,2107,5396,5854,6025,5712,5307,10024,5468,6113,6312
10,Partially Accessible,London Overground,2023-05-23,POINT Z (534933.3389 180992.4573 0),,,,,Shadwell LO,4524,3227,4484,5449,5419,5687,5456,5359,3629,3957,5120,5367,5697,5328,0,0,4666,5317,5530,5430,5196,4752,3323,4703,5201,5578,5405,5396,4402,2871,4196,4994,5504,5203,5358,5704,3658,4424,4906,4800,5201,4899,5065,3535,4151,4652,4787,4775,3135,2999,2449,2329,4750,5263,4984,5189,5329,13297,4699,5189,5515,4552,3228,4419,5457,5483,5715,5418,5159,3378,4115,5403,5496,5643,5360,0,0,4818,5411,5524,5494,5200,4634,3025,4671,5268,5574,5416,5593,4351,2760,4419,5154,6432,5444,5420,5353,3371,4353,5067,4689,5238,4766,4896,3481,4119,4544,4814,4794,3162,3145,2468,2588,4716,5194,5034,5243,5306,18844,4671,5301,5632
506,Fully Accessible,TfL Rail,2022-05-26,POINT Z (561346.241 194989.327 0),Elizabeth Line,,,,Shenfield,2765,1270,3392,4016,4126,4196,3298,2798,1502,3996,3964,4119,4146,3199,2586,1600,3394,3987,4031,4212,3225,2761,1331,3496,4021,4117,4262,3423,2810,2058,3404,4111,4181,4213,3409,4231,2376,2975,3649,3675,3809,3242,3646,2041,2948,3447,3629,3548,2056,2987,1500,1888,3648,4039,4270,3358,3062,2511,3466,4166,4119,2678,1339,3387,4108,4192,4409,3389,2662,1552,3822,4048,4222,4299,3254,2552,1646,3412,4063,4158,4474,3375,2706,1419,3529,4136,4299,4362,3525,2799,2039,3443,4151,4318,4542,3456,3900,2354,3035,3659,3732,3971,3227,3453,2100,3022,3574,3777,3724,2144,2938,1535,1484,3597,4059,4333,3351,2778,2490,3485,4247,4288
182,Not Accessible,London Underground,2021-11-29,POINT Z (523719.5706 179883.5582 0),Central,940GZZLUSBC,tube,Yes,Shepherds Bush,19268,11672,16658,17708,19431,19919,19441,19612,12247,17328,18724,19361,20769,18762,21248,12285,16971,18343,19020,19091,18891,16837,13264,17211,18863,19289,17761,20283,20819,13352,17614,18244,19188,19731,19676,20866,10896,17954,18943,20383,19561,18470,19765,12490,18029,19925,20150,20215,17624,17889,8961,13205,16532,17798,19266,20795,21682,12477,16282,15121,20215,17934,10935,15988,16926,18510,18480,18076,18955,11547,16611,17939,18231,19463,18038,20110,11414,15967,17449,17947,17900,17995,16911,12567,16529,18335,18361,16664,19749,19887,12799,17028,17516,18507,18414,19330,20672,10271,17840,18464,19075,18948,18009,19751,11888,17697,19261,19337,19189,17118,17540,8353,13341,16262,17339,18219,20385,20979,11745,15274,14523,18156
11,Fully Accessible,London Overground,2023-05-23,POINT Z (523804.0035 179984.9991 0),,,,,Shepherds Bush LO,8953,4610,9042,9483,9818,9982,9193,8197,4999,9549,9530,10207,10268,9028,9181,4931,9541,9650,9678,9701,9621,10121,5659,9624,10153,10203,10246,10363,8964,4790,9587,9818,9885,10138,10277,9967,5684,9794,9899,8038,9846,8987,6835,5045,9186,9784,9537,9520,5433,6898,2705,6209,8822,9334,9764,10017,9790,5100,8982,10527,8268,9638,4815,9349,9900,10418,10440,9544,8542,5058,9397,9799,10776,11128,9785,9910,5193,9342,10000,10091,10122,10129,10216,5820,9716,10487,10611,10974,10704,9487,4915,9851,10233,10402,10757,10515,10329,5995,10050,10148,9836,10336,9188,6089,5305,9375,9972,10172,10231,5751,7128,2979,6532,9129,9821,10213,10398,10248,5271,9060,10948,10091
194,Not Accessible,London Underground,2021-11-29,POINT Z (523197.0859 180064.2324 0),"Hammersmith & City, Circle",940GZZLUSBM,tube,No,Shepherds Bush Market,6255,3259,4461,4770,5242,5483,5656,5149,3106,4564,4861,5137,5445,5350,6405,3225,4924,4892,5151,5222,5274,4853,3154,4646,5032,4975,5450,5363,5099,2948,4179,4655,4745,5082,5158,6022,3800,4616,4663,4795,5080,4842,6167,3405,4437,4851,5026,5034,4280,3875,2540,3981,4585,5015,5283,5469,6528,3430,4920,5324,4913,6165,3260,4260,4636,5006,5218,5200,4733,3031,4421,4626,4862,5148,5201,6108,3285,4591,4706,4885,4919,4881,4369,2986,4448,4886,4783,5042,5096,4927,3041,4139,4468,4457,4759,4894,5958,3632,4378,4603,4542,4960,4561,5851,3345,4293,4868,4813,4832,3957,3776,2670,3931,4586,4976,5153,5365,6514,3357,4630,4901,4759
12,Fully Accessible,London Overground,2023-05-23,POINT Z (533668.174 182239.3127 0),,,,,Shoreditch High Street,9905,6598,7430,9374,9424,10832,8907,10201,6770,6536,9554,9619,10025,8315,0,0,7501,9492,9518,10421,8638,9412,6395,7580,9528,9901,10260,9118,9100,4777,7381,9514,9579,10507,8890,9248,6469,7476,9726,9548,10125,8952,9422,6617,7362,9572,9551,9564,6494,6153,4578,3855,7925,9045,10219,9159,10364,7535,7371,9713,9611,10892,6745,7094,9431,10022,11522,10117,11591,6763,6457,9766,10060,10993,9788,1,2,7769,9894,10394,11355,9745,10868,6167,8075,10177,10492,11465,9934,10721,4971,7727,9957,10133,11002,10182,10525,6567,7557,10042,9763,11104,9876,10949,6835,7722,10179,10317,10784,7404,6579,4873,4308,8571,9585,10274,10223,11674,7516,7834,10194,10324
25,Not Accessible,London Overground,2023-05-23,POINT Z (533920.4556 192442.5273 0),,,,,Silver Street,2468,1350,3505,3580,3692,3631,3511,2587,1687,3456,3648,3685,3617,3470,2325,1666,3488,3581,3625,3527,3465,2369,2342,3439,3492,3589,3605,3415,2660,1837,3342,3573,3634,3671,3538,2570,1639,3304,3585,3472,3505,3372,2541,1418,3158,3188,3631,3392,2184,2283,1537,1551,40,3131,3430,3336,2501,1645,3378,3542,3444,2066,1294,3252,3351,3285,3219,3226,2238,1780,3132,3379,3452,3356,3181,2005,1473,3147,3384,3361,3315,3139,2048,2533,3211,3170,3254,3236,3044,2241,1684,3037,3315,3347,3348,3219,2234,1766,3138,3254,3228,3213,2897,2156,1249,2926,3043,3212,2974,1877,1879,1358,1343,149,2896,3142,2989,2154,1489,3283,3324,3116
277,Not Accessible,London Underground,2021-11-29,POINT Z (528090.7172 178654.7576 0),"District, Circle",940GZZLUSSQ,"bus, tube",No,Sloane Square,18703,12379,19365,21278,22166,22465,21710,19912,13080,19074,20805,22719,22748,22995,19956,12985,19787,21480,22034,23426,21205,19691,13163,19599,21829,22330,22835,21801,21010,12907,19158,21122,21594,22587,20481,19300,12740,19259,21175,21633,22466,20998,19768,13447,18964,20727,21739,21090,15547,15972,8000,10404,18624,20645,22706,21908,20304,13708,19641,22244,22820,19325,12558,19373,21459,22403,22258,21694,21084,12921,19131,21087,22416,22834,23126,20771,13140,19735,21492,21923,23868,21524,20594,13196,19870,22115,22676,22840,22190,21662,13502,19603,21391,21631,22926,21010,20646,13185,19644,21196,21924,21991,21612,21196,13603,19107,20842,21808,20832,15991,16702,8232,10933,19057,20315,23151,22144,21472,13479,19903,22409,22804
418,Fully Accessible,TfL Rail,2022-05-26,POINT Z (497851.1075 180181.1819 0),Elizabeth Line,,,,Slough,2160,1604,2847,3082,3003,2911,2794,2308,1672,2827,3181,3179,3233,2836,2424,1752,2811,3263,3097,3165,2634,2553,1448,2828,3176,3227,3217,2847,2556,1826,2788,3014,3074,3374,2721,2559,2200,2654,3184,3070,3144,2781,2621,1714,2667,2927,3027,2889,1896,2141,1469,1630,2718,3068,3326,2696,2576,2190,2924,3367,3416,2031,1730,2799,3098,3040,3043,2735,2316,1660,2846,3131,3165,3260,2728,2356,1691,2868,3202,3094,3121,2555,2270,1491,2828,3170,3181,3249,2824,2424,1803,2760,3070,3097,3278,2636,2333,2023,2758,3151,3067,3077,2667,2410,1590,2774,2961,2926,2915,1854,2022,1439,1461,2737,3087,3325,2577,2319,2079,2956,3289,3435
115,Not Accessible,London Underground,2021-11-29,POINT Z (540156.7713 188804.041300001 0),Central,940GZZLUSNB,"bus, tube",Yes,Snaresbrook,2129,1502,2612,2899,3067,3138,2744,2301,1412,2678,2860,2919,2893,2631,0,0,2647,2999,3156,3132,2889,2147,1375,2746,3115,2947,2909,2784,2100,1407,2586,2729,2801,2807,2745,2258,1315,2333,2672,2701,2669,2644,2156,1443,2492,2546,2642,2707,1827,1946,1394,1327,2826,2943,2983,2782,2159,1648,2677,3005,3121,2181,1595,2583,3054,3118,3178,2710,2300,1468,2649,3004,3025,2837,2553,0,0,2181,2970,3193,3078,2739,2223,1316,2831,2969,3013,2960,2640,1944,1371,2596,2833,2774,2796,2661,2252,1637,2375,2706,2679,2694,2547,2133,1447,2510,2627,2629,2635,1817,1879,1428,1332,2833,2852,3023,2752,2097,1571,3006,2987,3180
61,Fully Accessible,London Overground,2023-05-23,POINT Z (520175.1731 179271.503 0),,,,,South Acton,917,593,1001,1223,1242,1271,1115,1050,775,1119,1112,1201,1198,1097,913,518,1084,1199,1239,1309,1133,947,673,1135,1202,1209,1253,1166,837,639,1068,1261,1242,1217,1216,1199,5,1023,1251,1235,1181,1123,975,2,939,1089,1044,1086,756,835,544,513,1124,1121,1198,1100,983,671,1042,1321,1149,818,522,959,1147,1144,1236,967,874,705,1024,1149,1138,1132,946,818,495,1023,1179,1130,1221,1005,854,601,1053,1091,1138,1171,975,583,567,1032,1138,1094,1098,896,794,0,938,1195,1108,1041,977,823,0,953,1015,902,1095,647,672,591,421,1087,1061,1135,954,792,579,977,1205,1170
142,Not Accessible,London Underground,2021-11-29,POINT Z (517574.6349 179353.532600001 0),Piccadilly,940GZZLUSEA,"tube, bus",Yes,South Ealing,2881,2049,3186,3501,3109,3586,3255,2900,2081,3199,3472,3289,3450,3410,3130,2189,3245,3579,3619,3437,3526,2946,1316,3186,3477,3566,3583,3427,2764,1989,3050,3507,3430,3643,3358,2776,2460,3089,3249,3322,3331,3135,2847,2151,2798,2966,3022,3189,2299,2383,1694,1654,3182,3448,3615,3464,3131,2294,3287,3601,3578,2846,2061,3213,3635,3446,3562,3338,2875,2048,3270,3582,3370,3445,3417,3019,2159,3229,3567,3436,3542,3547,3055,1584,3263,3617,3514,3646,3421,2710,2125,3216,3517,3435,3547,3322,2761,2306,3119,3277,3314,3338,3119,2822,2131,2792,3010,3050,3042,2216,2475,1711,1789,3239,3474,3569,3439,3192,2278,3259,3598,3737
69,Not Accessible,London Overground,2023-05-23,POINT Z (526454.9968 184069.9998 0),,,,,South Hampstead,493,376,747,825,833,822,814,631,419,804,849,826,813,772,611,344,785,832,883,819,806,526,285,738,810,825,864,811,519,470,693,825,782,844,796,597,374,711,689,705,699,691,577,405,645,646,665,685,465,0,0,0,705,797,813,808,591,435,836,872,925,458,336,664,693,721,718,754,557,356,721,795,800,771,711,501,311,734,741,804,730,749,472,252,675,718,689,768,748,559,494,684,761,757,772,651,575,370,612,652,655,624,618,436,334,536,559,608,557,393,0,0,0,689,693,749,680,472,552,722,799,840
260,Not Accessible,London Underground,2021-11-29,POINT Z (514320.5446 186361.227299999 0),Piccadilly,940GZZLUSHH,"tube, bus",No,South Harrow,3198,1980,3049,3253,3157,3439,3070,2335,1549,3319,3339,3375,3078,3536,2349,1568,2952,3389,3204,3108,3147,78,1,2825,2983,3276,3162,2993,2566,2079,3067,3219,3016,3451,3152,2582,1942,2513,3110,3324,3148,3065,2447,1631,2675,3008,2980,2941,126,313,36,145,2859,3002,2948,3110,2497,1642,2953,3202,3268,2940,2062,3027,3234,3226,3395,3167,2443,1583,3056,3229,3120,3375,3061,2436,1709,3100,3234,3145,3370,3395,383,103,3026,3414,3334,3296,3208,2570,2031,3195,3267,3526,3465,3268,2600,1889,2662,3044,3156,3184,3036,2638,1847,2868,3008,3041,3148,177,277,110,98,2916,3105,3228,3191,2678,1776,3050,3164,3274
175,Partially Accessible - Interchange Only,London Underground,2021-11-29,POINT Z (526917.564 178820.259 0),"District, Piccadilly, Circle",940GZZLUSKS,"bus, tube",Yes,South Kensington,37950,29766,37176,39320,40763,42372,41370,35811,26285,38442,39866,40039,41768,42714,39454,30716,38378,39260,39490,38455,41005,38623,31111,35609,37315,37539,38287,43626,34444,27071,33476,35805,36679,36078,33409,29982,25224,33873,37128,39181,38617,37307,31780,28165,38659,42441,41985,38601,35646,34467,29015,25325,33846,40362,40207,42852,37928,29253,37239,38228,38653,40011,29834,38478,39828,42399,43438,42566,36270,25808,39291,40288,40934,42381,44266,40981,31634,38685,39166,39857,38546,42686,40658,30094,36506,38456,38561,38939,45766,34741,27543,34642,36759,36965,37123,34948,31290,26952,34060,36971,38929,39531,38239,32955,28501,39458,45733,43513,40952,36450,35534,29890,26946,35999,40845,42612,44307,40468,30161,39006,39737,40235
256,Not Accessible,London Underground,2021-11-29,POINT Z (517336.1598 187060.2129 0),Bakerloo,940GZZLUSKT,tube,No,South Kenton,837,491,1179,1320,1314,1259,1167,909,563,1188,1319,1239,1274,1198,874,652,1220,1237,1259,1245,1230,824,540,1157,1244,1294,1212,1186,900,597,1082,1228,1252,1243,1227,925,560,1014,1075,1084,1059,1054,867,607,964,1020,1022,993,737,653,414,471,1071,1132,1130,1100,838,535,1120,1215,1214,735,461,1069,1188,1219,1160,1020,818,505,1097,1184,1112,1226,1097,752,718,1107,1164,1125,1191,1170,726,520,1084,1198,1178,1133,1101,824,587,1033,1144,1182,1162,1101,814,519,938,1012,1053,981,970,750,507,925,875,955,900,649,608,338,473,995,1089,1021,1007,698,504,1085,1090,1114
377,Fully Accessible,DLR,2021-09-23,POINT Z (537597.0359 179823.9153 0),,,,,South Quay,3146,2343,4864,5325,5710,5294,4480,479,206,4954,5776,5608,5463,4613,2906,2029,4985,5556,5500,5388,4522,360,151,4710,5537,5719,5299,4531,3006,2347,4322,5271,5249,5121,4371,345,135,4201,4842,4884,4800,4200,3139,2243,4154,4820,4936,4506,2188,2015,1586,1474,4545,4762,4721,4142,2993,5617,4799,5459,5545,2852,2200,4478,5232,5324,4964,4051,35,15,4692,5189,5243,5162,4302,2494,1856,4587,5290,5263,4975,4033,13,6,4647,5328,5161,5029,4127,2639,2295,4256,4903,5130,4740,4004,9,16,3944,4617,4684,4483,3786,2554,2049,4000,4640,4404,4045,1703,1717,1465,1376,4255,4565,4569,3825,2685,3882,4606,5218,5332
130,Not Accessible,London Underground,2021-11-29,POINT Z (511097.3834 185434.104699999 0),Central,940GZZLUSRP,tube,No,South Ruislip,310,286,2312,2346,2616,2601,2357,2020,1198,2297,2659,2568,2809,2336,2011,1322,2328,2566,2558,2570,2355,1946,1196,2409,2464,2555,2482,2346,1870,1084,2265,2549,2625,2611,2346,3312,1197,2241,2527,2464,2454,2229,2137,1237,2260,2389,2480,2513,1687,1873,1059,1488,2284,2402,2601,2294,2457,1330,2240,2539,2593,224,276,2257,2444,2574,2470,2301,1905,1151,2177,2530,2567,2590,2172,1952,1240,2132,2541,2570,2460,2294,1894,1259,2380,2492,2538,2428,2302,1811,1107,2255,2508,2533,2527,2306,3667,1167,2237,2441,2417,2435,2233,2029,1181,2168,2340,2413,2390,1705,1840,1117,1426,2255,2326,2571,2247,2402,1337,2140,2450,2542
99,Not Accessible,London Overground,2023-05-23,POINT Z (533704.5897 188602.906300001 0),,,,,South Tottenham,2317,0,2102,2211,2283,2104,2181,1799,1996,2315,2211,2151,2572,2161,1763,1261,2092,2257,2260,2319,1616,2416,1163,2139,2351,2317,2285,2261,1746,1417,2072,2325,2355,2266,2431,1844,1774,2063,2107,2067,2350,2088,1801,1197,1837,1995,2174,2313,1579,1447,1076,1572,2143,2514,2290,2248,1795,1416,2231,2479,2442,1950,0,2340,2403,2487,2317,2482,1954,1927,2360,2317,2340,2732,2327,1861,1257,2201,2320,2495,2484,1965,2191,1122,2327,2413,2484,2452,2438,1760,1447,2267,2483,2479,2439,2569,1937,1774,2224,2333,2233,2624,2291,1959,1224,1962,2145,2294,2323,1666,1686,1037,1765,2320,2437,2513,2446,2130,1420,2440,2615,2689
433,Not Accessible,London Underground,2021-11-29,POINT Z (525736.3947 169989.4476 0),Northern,940GZZLUSWN,"bus, tube",Yes,South Wimbledon,4929,5320,5507,6328,6476,6575,5680,5283,3432,5529,6282,6251,6455,5831,4971,3355,5607,6241,6375,6608,5724,4786,3428,5782,6425,6509,6342,5942,4789,3355,5327,6309,6338,5801,5596,4534,3366,4925,5806,5772,6013,6154,5610,4330,5025,5845,5817,5619,3791,3555,2670,2546,5724,6239,6602,5873,5024,3891,5464,6263,6347,5123,5493,5405,6022,6039,6238,5581,5357,3440,5230,5774,6046,6102,5612,5073,3397,5403,5913,5859,6325,5618,4828,3403,5261,5911,6150,6191,5854,4951,3472,5178,6044,6021,4552,5495,4795,3277,4829,5320,5421,5596,5717,5189,4064,4772,5938,5366,5194,3638,3511,2629,2708,5286,5764,6073,5593,5043,3649,5122,5910,6010
118,Partially Accessible,London Underground,2021-11-29,POINT Z (540535.7362 190062.669600001 0),Central,940GZZLUSWF,"bus, tube",Yes,South Woodford,5292,3307,5730,6469,6609,6754,6123,5682,3434,6086,6769,6589,6624,6181,4,0,5791,6500,6594,6733,6150,5192,3211,5746,6498,6535,6804,6280,5292,3477,5627,6613,6536,6675,6407,5601,3485,5695,6488,6403,6441,6125,5279,3248,5448,5892,6328,6265,4769,4661,2678,3044,5962,6337,6578,6164,5509,3942,5785,6714,6790,5265,3329,6210,6930,6913,7050,6428,5532,3510,6278,7105,6919,6809,6290,2,0,4916,6937,6834,6963,6376,5285,3255,6054,6754,6931,7164,6588,5404,3603,5733,6810,6675,6892,6603,5752,3811,5927,6683,6579,6640,6345,5280,3365,5599,6271,6412,6391,4766,4801,2902,3228,6263,6540,6763,6465,5482,3937,6012,7025,7105
425,Fully Accessible,TfL Rail,2022-05-26,POINT Z (512729.6424 179827.4793 0),Elizabeth Line,,,,Southall,8596,5868,10652,11125,12026,11668,10969,9103,5761,10696,11165,11240,11185,10682,8975,6216,10585,11301,11138,11572,10105,9096,6105,10822,11247,11363,11781,11165,10584,7949,10836,11483,11440,11732,10827,9664,11574,11018,11336,11165,11120,11136,9776,6984,10533,10396,10885,11016,8014,8832,6533,6431,9332,10469,10935,10516,9313,6516,10769,11284,11684,8253,5807,10266,10717,11147,11150,10379,8705,5729,10498,10838,10817,10787,10279,8720,6246,10353,10977,10806,10826,9849,8683,6138,10848,11120,11039,11303,10472,9747,7312,10345,11170,11165,11102,10170,9177,11593,10657,10988,10768,10679,10463,9263,7133,10266,10144,10589,10470,7493,8318,6260,6268,9695,10188,10583,9937,8681,6329,10410,10889,11112
28,Not Accessible,London Overground,2023-05-23,POINT Z (534838.6067 196235.770500001 0),,,,,Southbury,1121,637,1621,1698,1798,1729,1654,1113,968,1559,1654,1681,2166,1610,1139,742,1537,1725,1617,1697,1573,1243,864,1511,1754,1671,1650,1598,1162,941,1523,1579,1651,1601,1729,1041,851,1372,1493,1474,1627,1634,1249,693,1378,1380,1517,1452,1117,1034,759,817,22,1496,1577,1605,1263,755,1412,1551,1421,1195,763,1770,1863,1850,1826,1747,1286,1024,1699,1876,1808,2133,1744,1203,886,1636,1848,1691,1987,1811,1136,949,1720,1765,1723,1776,1792,1311,1073,1638,1827,1821,1764,1804,1150,1033,1507,1551,1565,1653,1676,1379,786,1467,1426,1506,1487,1124,1133,804,765,84,1622,1778,1673,1319,903,1623,1776,1608
389,Fully Accessible,London Underground,2021-11-29,POINT Z (524726.397 173312.818499999 0),District,940GZZLUSFS,"bus, tube",No,Southfields,6483,4531,7924,8782,8626,9216,8234,6671,4943,8022,8751,8701,9337,8104,6435,4542,7978,8920,9091,9180,8071,6291,3872,7875,9140,8934,8949,8213,6745,4335,7960,8858,8753,9649,7993,6403,4394,7026,7905,7851,8143,7339,6220,5063,6941,7812,7817,8125,5326,5228,3655,3622,7973,8479,9247,8123,6925,5139,8009,9045,9050,6020,4504,7699,8477,8295,8664,7466,5879,4845,7638,8396,8298,8832,7396,5979,4464,7531,8563,8525,8615,7344,5747,3806,7513,8759,8497,8793,7686,6130,4534,7490,8345,8199,9006,7212,5826,4412,6617,7419,7361,7480,6471,5458,4960,6584,7481,7219,7265,4607,4620,3531,3678,7716,8131,8633,7429,6343,4800,7589,8523,8630
153,Not Accessible,London Underground,2021-11-29,POINT Z (529675.8503 194264.9911 0),Piccadilly,940GZZLUSGT,"tube, bus",Yes,Southgate,4971,3281,5633,6209,6032,6195,5737,4,0,5566,6168,6146,6012,5910,5102,3700,5588,6202,6265,6079,6190,5113,2375,5743,6597,6353,6497,5952,5279,3469,5615,6459,6396,6481,6033,4888,3555,5380,6173,5866,5884,5712,5203,3340,5201,5424,5988,5661,4180,4484,2602,3231,5992,5996,6157,5928,4940,3570,5530,6471,6363,5206,3442,6015,6821,6409,6704,6188,1,0,6403,6522,6372,6395,6272,5306,3978,5886,6696,6571,6798,6450,5277,2847,5990,6818,6763,6878,6453,5652,3683,6225,6751,6821,6866,6302,5187,3779,5594,6570,6279,6131,6143,5386,3663,5505,5796,6121,6382,4463,4930,2905,3297,6249,6524,6576,6334,5152,3886,5996,6927,6790
333,Fully Accessible,London Underground,2021-11-29,POINT Z (531592.3412 180073.990499999 0),Jubilee,940GZZLUSWK,"bus, tube",Yes,Southwark,8881,6408,13648,14516,16014,17149,11567,0,0,13450,16546,16493,16565,12416,9577,6823,13772,16568,15510,16910,11625,0,48,11973,16335,15854,17498,12426,8934,6184,12370,15333,15914,16751,11294,0,7,12560,15022,14525,15631,11826,8383,6148,12788,15315,15544,13922,7848,8301,5865,5522,13562,15669,16502,12363,9346,8072,13303,15676,15547,9428,6236,14118,16155,16776,18231,12657,0,0,13804,17563,17222,17924,13111,9899,6705,14117,17002,17285,17999,12285,0,278,14705,17066,16819,18536,12893,9258,5831,13086,16206,15677,17840,12146,0,6,13182,15560,15551,16610,12526,8971,6069,13172,16440,17520,14689,7685,8035,5803,5576,14296,16200,17404,12879,9596,8619,13360,17095,17896
13,Not Accessible,London Overground,2023-05-23,POINT Z (536442.0116 188757.401799999 0),,,,,St James Street,3031,1312,2174,2661,2595,2655,2421,2441,1522,2186,2539,2588,2672,2456,2440,1636,2217,2636,2480,2792,2394,2129,1517,2228,2576,2618,2730,2563,2303,1569,2140,2612,2616,2704,2509,2424,1489,2153,2438,2394,2559,2196,2351,1056,2106,2342,2381,2374,1630,1857,1254,1176,2210,2829,2636,2435,2340,1738,2244,2627,2596,2878,1507,2263,2526,2616,2788,2289,2232,1497,2275,2597,2613,2670,2312,2332,1439,2248,2600,2565,2834,2164,1732,1390,2249,2605,2507,2706,2338,2081,1508,2050,2469,2532,2670,2309,2169,1445,2156,2504,2492,2562,2026,2058,1198,2117,2313,2376,2351,1522,1682,1222,1210,2321,2685,2684,2306,1976,1672,2260,2730,2453
398,Not Accessible,London Underground,2021-11-29,POINT Z (529646.6061 179498.074100001 0),"District, Circle",940GZZLUSJP,tube,No,St James's Park,9250,7438,16169,19432,19272,19139,15450,13843,8066,17411,19154,19399,19487,14836,9918,7803,17163,18783,18578,18951,14655,10939,7340,15900,19029,19705,19556,14557,10182,7814,15176,19100,19038,19223,13416,8826,9710,14892,17808,18458,17875,13897,9746,8133,15975,17507,18465,16559,10211,13265,8078,6367,16170,19613,20204,16047,13711,23826,17935,19818,21033,9863,9621,17294,19417,19890,19079,16844,11232,9550,17116,19020,19769,19072,15475,10600,9306,17064,18854,19205,18871,15687,10617,8364,16660,19265,20269,18756,14964,10718,9215,15768,19169,19518,19284,14476,9695,10040,15798,17436,18992,17835,15933,10712,9483,17245,17740,19240,16294,11947,11220,8748,6846,15871,18880,20516,17710,15433,40205,18734,19860,21758
332,Not Accessible,London Underground,2021-11-29,POINT Z (526735.2854 183390.8717 0),Jubilee,940GZZLUSJW,"tube, bus",Yes,St Johns Wood,7308,5177,9592,10332,10146,10660,10096,7448,5373,9463,10255,10082,10261,9734,7411,5483,9839,10360,9963,10293,10117,7006,5038,9819,10479,10338,10748,10035,7336,5966,9406,10064,9900,10312,11644,7223,5863,9334,9740,9480,9700,9456,6701,4845,8336,8704,8948,8684,6604,6257,4755,4407,9224,10009,10426,10305,7407,6203,9983,10649,10699,7415,5526,9817,10341,10424,10653,10281,7832,5628,9961,10488,10431,10649,10334,7804,5685,9993,10653,10346,10510,10401,7320,5562,10071,10869,10631,11131,10308,7586,6360,9667,10058,10160,10473,11913,7264,6276,9570,9686,9742,9831,9818,6842,5137,8519,8936,9278,8924,6933,6510,5146,5004,9614,10065,10682,10624,7684,6324,10338,11033,11082
111,Not Accessible,London Underground,2021-11-29,POINT Z (532108.3512 181274.1885 0),Central,940GZZLUSPU,"bus, tube",Yes,St Pauls,9477,6211,13907,16425,16722,17607,12666,9425,6735,13987,16723,17075,17578,12996,9060,5561,12881,18012,16643,17489,13591,9071,6110,13746,17332,16881,17473,13378,9468,6549,13055,16512,15921,16442,12025,8262,6789,12725,15612,15712,16267,12636,9028,6274,13250,16196,16440,15484,7656,9044,6612,5222,13602,16014,17451,13658,8959,6169,12810,16822,16716,8477,5687,14674,15866,17008,17987,12976,8846,5928,14619,17706,17627,18348,13305,8510,5365,14559,17615,17309,18276,13872,8452,5656,14364,17629,17748,17038,14001,8501,6051,13618,17179,16447,17102,12083,7905,4602,13708,16713,16146,17057,12655,8283,5665,13424,16588,16346,15638,7312,8602,6637,5010,15141,16802,18409,14020,8800,5515,13127,17296,17363
307,Not Accessible,London Underground,2021-11-29,POINT Z (521859.3453 178788.8474 0),District,940GZZLUSFB,"bus, tube",No,Stamford Brook,2819,1908,3370,3830,3999,4205,3697,3022,2115,3381,3644,3774,4056,3579,3009,2009,3345,3697,3728,3902,3630,2446,1252,3281,3674,3769,3838,3659,2962,1999,3151,3621,3576,3851,3442,2829,2034,2898,3422,3276,3573,3185,2920,2941,2918,3313,3362,3370,2268,2201,1532,1569,3136,3482,3717,3423,3119,2227,3262,3689,3795,2704,1854,3413,3808,3835,4053,3514,2717,2125,3268,3587,3680,3959,3321,2741,2043,3300,3697,3558,3757,3270,2226,1543,3205,3668,3600,3662,3385,2678,2075,3046,3471,3469,3677,3231,2765,1944,2775,3279,3242,3309,3035,2702,2484,2829,3163,3167,3125,2086,1965,1472,1617,3161,3453,3641,3250,3038,2084,3195,3616,3659
44,Not Accessible,London Overground,2023-05-23,POINT Z (533388.5481 187947.676899999 0),,,,,Stamford Hill,712,527,1138,1198,1149,1250,1149,771,696,1105,1109,1150,1146,1061,766,630,1048,1144,1137,1180,1133,697,643,1062,1099,1167,1123,1109,784,621,1016,1112,1161,1170,1089,786,656,959,1034,1134,1097,1075,790,490,828,1091,1228,1186,720,625,440,550,12,1095,1177,1139,775,642,1073,1147,1067,609,506,992,993,1014,1045,962,613,572,935,1022,1036,973,908,615,537,939,991,963,1048,936,482,613,969,960,964,978,891,635,636,944,1003,961,990,937,577,576,867,919,896,884,785,603,476,723,880,979,917,557,549,449,448,49,999,999,926,582,567,983,988,857
330,Fully Accessible,London Underground,2021-11-29,POINT Z (517562.6021 192572.9608 0),Jubilee,940GZZLUSTM,"tube, bus",Yes,Stanmore,5039,3156,4465,4903,5174,5585,4898,6876,4213,4589,4961,5145,5302,4749,5249,5697,4521,5170,5274,5435,6673,4355,2631,6722,5238,5223,5304,4883,4295,3040,4587,5196,4906,5343,5110,5204,4257,4177,4913,4525,4697,4631,5306,5794,4093,4379,4690,4793,3765,4492,3876,3149,4616,4912,5250,4694,6007,6482,4483,5040,5163,5022,3329,4532,4827,5329,5570,4942,6046,4390,4618,5008,5207,5182,4676,4985,5236,4808,5994,5122,5481,6338,4134,2948,6462,5337,5197,5338,4945,4380,3250,4541,5007,5136,5529,5076,5144,4485,4227,4814,4349,4684,4606,5500,5330,4199,4439,4997,4797,3635,4554,3748,3115,4674,5009,5401,4705,5596,6089,4675,5109,4924
344,Fully Accessible,DLR,2021-09-23,POINT Z (539145.0907 182114.910599999 0),,,,,Star Lane DLR,41,21,1699,1820,1796,1817,1742,917,530,1805,1792,1851,1791,1606,805,735,1612,1781,1817,1939,1726,899,659,1687,1822,1824,1757,1638,15,11,1511,1700,1715,1692,1598,953,761,1476,1568,1576,1520,1482,1060,737,1353,1523,1471,1408,906,887,597,679,1540,1661,1571,1536,900,734,1535,1727,1714,0,6,1627,1737,1697,1754,1725,948,595,1693,1665,1752,1671,1595,855,873,1570,1740,1731,1861,1749,949,533,1656,1702,1694,1662,1737,1,1,1471,1600,1599,1556,1536,892,717,1440,1497,1509,1480,1479,923,751,1284,1411,1375,1481,806,922,462,641,1506,1557,1465,1457,957,721,1458,1560,1574
435,Not Accessible,London Underground,2021-11-29,POINT Z (535621.3116 182135.557 0),"District, Hammersmith & City",940GZZLUSGN,"bus, tube",No,Stepney Green,5352,3758,7093,7700,7946,8007,7542,6086,4541,7993,8614,8243,8876,8275,5956,4189,8265,8703,8279,8722,8019,5832,4186,7810,8603,8497,8476,8165,6139,4939,7021,8420,8070,8486,8099,6323,4527,7322,7983,7807,8241,7305,5470,4173,6718,7371,6999,6979,5111,5044,3772,3696,6737,7129,7126,7188,5800,6065,6992,7329,7846,4996,3883,7150,7736,7938,7921,7379,6199,4738,8231,8509,8256,8931,7964,5920,4286,8307,8672,8272,8799,7829,5609,4290,8114,8679,8255,8425,7942,5880,4994,7183,8421,7956,8430,7900,6347,4633,7548,8013,7708,7997,6917,5205,4268,6690,7165,6763,6509,4679,4648,3770,4153,6870,6958,6979,6973,5635,4617,7055,7195,7619
295,Partially Accessible - Interchange Only,London Underground,2021-11-29,POINT Z (530460.3355 176432.887399999 0),"Northern, Victoria",940GZZLUSKW,"bus, tube",Yes,Stockwell,11013,7513,11078,12436,12651,13151,11973,11148,7650,11143,12607,12577,13365,12012,11662,7640,10979,12390,12412,12965,12116,12164,7306,10812,12439,12546,15303,12264,10827,7538,10571,12322,12433,13525,12048,10723,7669,10360,11821,11842,12500,11706,10796,7432,9958,11608,11843,11923,9047,8575,6122,5573,11114,11851,12749,11987,11161,8245,10851,12638,12559,10170,7512,9790,10797,10906,11044,10704,10340,7258,9941,11029,10959,10996,10752,10702,7378,10026,11199,10955,11020,10910,10554,7143,9492,10570,10735,11209,10936,9886,7469,9556,10523,10795,13987,10877,9943,7473,9201,10414,10144,10433,10431,9843,7165,8961,10103,10010,9657,7467,7479,5806,6466,9869,10639,10717,11104,10359,7887,9532,10877,10858
43,Not Accessible,London Overground,2023-05-23,POINT Z (533723.758 186848.285800001 0),,,,,Stoke Newington,2104,1328,2065,2273,2323,2441,2329,2302,1650,2091,2273,2444,2526,2218,2085,1421,2150,2366,2282,2577,2395,2101,1363,2018,2412,2401,2454,2401,2087,1501,1989,2259,2337,2467,2339,2055,1578,1797,2161,2242,2366,2258,2151,1156,1757,2028,2257,2235,1637,1664,1072,1022,48,2285,2406,2307,2172,1457,1936,2232,2223,1847,1311,1900,2059,2020,2045,1977,2084,1395,1836,2084,2142,2112,1992,1815,1363,2052,2159,2014,2202,2049,1633,1312,1878,2028,2171,2059,2037,1868,1388,1928,2137,2095,2183,2113,1846,1535,1646,1995,2018,2010,1743,1877,1129,1560,1824,2003,1811,1391,1364,1055,982,106,1972,2072,2062,1745,1366,1802,2092,1874
258,Not Accessible,London Underground,2021-11-29,POINT Z (519615.5138 184218.2261 0),Bakerloo,940GZZLUSGP,tube,No,Stonebridge Park,2793,1997,3941,4447,4346,4434,4085,3140,1915,3654,4290,4209,4312,4034,2762,2049,3963,4361,4227,4354,4487,2770,1834,4094,4399,4256,4268,4135,3080,2145,3852,4316,4334,4393,4249,2954,2069,3766,4038,4022,3936,4070,2891,2024,3775,3845,4014,3843,2727,2688,1746,1933,3869,3945,4116,4046,3079,2010,3833,4142,4090,2648,1841,3735,4059,4032,4156,3976,2754,1833,3643,4133,3979,4105,3792,2560,2069,3753,4146,4053,4143,4080,2510,1914,4015,4210,4112,4049,3889,2797,2000,3502,4199,4126,4202,3995,2688,1983,3613,3795,3798,3690,3697,2630,1871,3634,3675,3719,3563,2461,2491,2330,1918,3811,3778,3976,3747,2616,1842,3780,4126,3762
317,Fully Accessible,London Underground,2021-11-29,POINT Z (538530.0487 184394.6448 0),"Central, Jubilee",940GZZLUSTD,tube,Yes,Stratford,81847,54820,70849,78059,77825,80004,77405,84898,55382,88398,78828,77595,78552,77746,77859,56042,73283,78964,78752,80325,75908,81069,55318,72927,78677,78915,82596,80554,87368,53610,74233,78154,77973,79069,78200,96013,57042,74414,81049,78688,82196,78813,78636,53242,72054,75617,80464,80867,69512,90530,41332,54124,71246,73578,77615,75993,82001,63830,73280,79723,82194,81538,55027,70758,76941,78471,80198,78847,84926,54176,91630,78300,77885,78308,79333,77897,54835,76016,79406,79704,80984,77403,81228,55029,73721,79425,79297,81619,83092,88925,53948,74970,75177,76999,80643,80709,98241,55008,75045,80775,80091,83129,81794,80852,53532,73645,76847,81762,81565,70267,92738,40440,54476,71895,74429,78361,78098,83824,61500,73281,80037,83571
490,Fully Accessible,DLR,2021-09-23,POINT Z (538752.0924 184019.988399999 0),,,,,Stratford High Street,0,0,881,953,980,951,888,554,465,1241,949,944,968,882,553,437,895,958,1011,969,876,620,433,883,926,894,940,859,0,4,785,980,1153,1136,981,954,461,781,871,829,864,749,579,442,649,620,678,643,459,900,444,375,739,749,805,774,545,431,832,883,926,0,0,1015,1138,1138,1153,1059,662,595,1475,1045,1087,1043,981,643,474,1061,1117,1148,1061,976,743,518,989,1060,1057,1056,956,0,0,949,1144,1309,1278,1045,1235,547,810,892,853,906,802,567,456,736,754,767,718,614,1094,521,467,772,868,871,853,610,463,956,1002,1018
346,Fully Accessible,DLR,2021-09-23,POINT Z (538128.0559 184761.007200001 0),,,,,Stratford International,46,32,3150,3513,3493,3810,3508,3384,2399,3676,3706,3641,3698,3499,3035,2225,3309,3673,3748,3649,3528,3352,2182,3147,3573,3647,3682,3575,60,28,3186,3556,3764,3897,3625,3834,2548,3288,3434,3381,3568,3390,3334,2513,3083,3326,3379,3431,2798,3382,2079,2293,3212,3449,3633,3326,3402,2972,3367,3651,3922,0,1,2754,3189,3191,3174,2996,3113,2357,3127,3332,3136,3270,3012,2658,1916,2872,3168,3318,3364,3004,2916,2020,2819,3143,3202,3223,3158,1,0,2758,3198,3247,3318,3271,3476,2423,2726,2895,2898,3023,2983,3041,2108,2645,2704,2939,2863,2647,2937,1936,2197,2762,2995,3069,2950,2975,2402,2861,3258,3479
140,Not Accessible,London Underground,2021-11-29,POINT Z (515411.8716 185542.0623 0),Piccadilly,940GZZLUSUH,tube,No,Sudbury Hill,2569,1854,2691,2900,2725,2802,2585,1840,1272,2634,2750,2692,2701,2597,1873,1381,2580,2775,2816,2729,2642,0,0,2626,2687,2747,2848,2599,1880,1409,2514,2752,2713,3171,2543,1916,1432,2100,2591,2447,2545,2366,2058,1478,2213,2436,2329,2449,1,0,0,0,2331,2508,2557,2498,1798,1655,2511,2697,2696,2501,1930,2669,2926,2663,2932,2669,1773,1370,2602,2834,2768,2729,2561,1781,1410,2776,2796,2741,2751,2784,1,0,2648,2749,2827,2879,2634,1838,1478,2628,2827,2780,2934,2573,1973,1517,2393,2656,2619,2575,2440,2033,1538,2314,2472,2420,2371,2,0,1,1,2404,2574,2588,2544,1780,1414,2615,2796,2845
141,Fully Accessible,London Underground,2021-11-29,POINT Z (516874.9001 184890.216 0),Piccadilly,940GZZLUSUT,"tube, bus",No,Sudbury Town,1828,1344,2586,2652,2561,2699,2557,1969,1282,2638,3503,2582,2612,2577,1879,1370,2534,2712,2687,2755,2652,1,1,2553,2708,2625,2765,2623,1894,1510,2480,2656,2674,2719,2589,1915,1490,2236,2500,2497,2551,2460,1938,1447,2310,2323,2495,2407,1,0,0,0,2368,2598,2622,2500,1937,1500,2507,2664,2705,1715,1312,2354,2455,2299,2477,2288,1738,1174,2336,2449,2337,2420,2251,1714,1360,2283,2473,2325,2401,2404,3,3,2342,2389,2380,2433,2374,1781,1461,2285,2424,2393,2433,2318,1766,1389,2186,2269,2336,2373,2183,1768,1382,2038,2159,2351,2227,3,4,0,3,2135,2278,2336,2230,1752,1376,2207,2354,2463
14,Not Accessible,London Overground,2023-05-23,POINT Z (535623.6789 178967.6636 0),,,,,Surrey Quays,6180,3989,5379,7130,6871,7151,7112,6700,4340,5352,6783,6742,6956,7061,4,0,6106,6698,6775,6894,6938,6171,4046,6185,6818,6834,6967,7237,6106,3627,6026,6780,6817,7002,7101,7632,4638,5933,6623,6513,6659,6756,7863,4491,5909,6506,6608,6613,4639,4133,3175,4023,6067,6433,6597,6883,7406,9778,6244,6934,6998,5721,3985,5590,6949,6469,6549,6557,5970,4042,5347,6523,6428,6776,6342,4,0,5928,6497,6441,6568,6291,5576,3938,5734,6479,6447,6565,6550,5786,3395,5615,6246,6383,6428,6496,6813,4333,5716,6263,6186,6109,6265,6927,4323,5644,6198,6180,5916,4127,3844,2936,3965,5867,6082,6470,6424,6849,10025,5850,6508,6584
220,Not Accessible,London Underground,2021-11-29,POINT Z (526663.6914 184334.9639 0),Jubilee,940GZZLUSWC,"bus, tube",Yes,Swiss Cottage,6874,4628,8750,9331,9532,9794,9311,7363,4772,8730,9159,9594,9961,9066,7295,4751,8504,9489,9027,9624,9181,6833,4705,8526,9263,9650,9899,8936,7528,5428,7926,8302,8450,8793,8045,5751,4719,6952,7524,7489,7630,7360,5976,4218,6631,7404,7557,7540,5096,5586,3979,4069,7654,8548,8842,8431,6767,5246,8336,8960,9239,6891,4718,8748,9153,9562,9803,9150,7639,4985,8751,9402,9443,9871,9082,7290,4677,8430,9154,9227,9617,9084,6742,4921,8519,9167,9506,9548,8850,7853,5655,8055,8181,8393,8664,7998,5889,4709,6904,7450,7370,7401,7219,6193,4257,6638,7088,7154,7030,4917,5336,4043,4375,7570,8413,8802,8429,6560,4750,8318,8898,9188
87,Fully Accessible,London Overground,2023-05-23,POINT Z (535359.0032 171622.003 0),,,,,Sydenham SR,3949,2497,4496,4916,5328,5410,4781,4205,2695,4447,5314,5284,5448,4878,2877,1655,4774,5372,5287,5389,4962,3852,2428,4684,5239,5268,5468,4949,4064,2827,4667,5303,5360,5446,4773,3893,3179,4283,4875,4733,4762,4533,4272,2423,4210,4603,4814,4719,3177,1154,2126,2297,4699,5187,5274,4837,4152,2977,4885,5531,5624,3687,2752,4864,5525,5535,5656,4809,4043,2875,4695,5629,5487,5632,4865,2475,1705,4849,5589,5395,5571,4822,3734,2681,4990,5536,5539,5688,4986,3874,2980,4915,5577,5508,5624,4777,3750,3326,4377,5081,5094,4525,4566,4287,2554,4324,4742,5101,4748,3043,1900,2276,2405,4948,5526,5456,4881,4002,2932,5011,5475,5657
420,Fully Accessible,TfL Rail,2022-05-26,POINT Z (491596.3554 181302.7585 0),Elizabeth Line,,,,Taplow,306,115,310,379,360,388,290,313,182,301,394,386,365,290,282,206,288,407,382,378,274,253,201,297,347,404,381,292,305,223,275,392,386,391,311,332,244,292,358,366,332,266,339,224,304,343,354,333,218,230,153,185,247,413,413,283,297,273,329,396,374,234,40,293,365,350,327,298,273,131,282,369,344,352,248,219,184,282,382,357,340,243,187,196,290,324,389,327,294,280,217,259,361,337,339,290,289,222,257,327,332,295,260,281,232,293,310,344,303,250,237,151,174,265,388,384,248,248,284,305,379,354
157,Not Accessible,London Underground,2021-11-29,POINT Z (530958.661 180802.829600001 0),"District, Circle",940GZZLUTMP,"tube, bus",No,Temple,5954,3781,11960,14586,13726,14670,11173,5902,3393,11982,14367,13981,15227,11500,6703,3618,12400,14208,14120,15207,11363,6207,3849,11937,14327,13345,15071,10880,6004,3356,8846,12214,12022,12617,8807,6038,6665,8479,10537,10953,10884,7773,6059,3707,8362,10545,10385,9538,4490,5039,3027,3323,9341,10529,11658,9183,6474,13887,9667,11820,12024,6725,3653,12486,15392,14327,15933,12423,5908,3135,12429,15318,14591,16459,12566,6612,3435,12907,14973,14854,16650,12475,6364,4017,12577,15128,14092,16002,12355,6075,3133,8954,12285,12378,13235,9477,6225,11461,8259,10289,11190,10991,8476,7090,3464,7908,10540,10227,9511,4370,4938,2922,3266,9404,10685,12380,9841,6935,11152,9912,12019,12462
30,Not Accessible,London Overground,2023-05-23,POINT Z (535913.7946 201103.763699999 0),,,,,Theobalds Grove,856,399,1316,1344,1383,1327,1314,785,1175,1280,1361,1394,2303,1250,846,575,1298,1423,1378,1380,1278,1124,721,1280,1440,1411,1385,1321,963,593,1283,1392,1389,1356,1253,914,1030,1249,1338,1292,1754,1216,1096,462,1152,1214,1245,1285,695,727,514,865,10,1337,1357,1239,1020,574,1272,1292,1258,767,377,1210,1251,1247,1231,1148,733,1016,1155,1245,1268,1697,1193,764,510,1178,1288,1343,1339,1212,822,639,1152,1247,1276,1243,1171,876,588,1152,1330,1260,1259,1166,802,933,1146,1228,1228,1446,1056,993,457,1081,1097,1108,1191,646,758,488,478,46,1197,1207,1144,816,488,1154,1227,1213
484,Partially Accessible,London Underground,2021-11-29,POINT Z (545541.5127 199100.828500001 0),Central,940GZZLUTHB,tube,No,Theydon Bois,1185,706,1084,1251,1247,1378,1142,1200,753,1227,1236,1256,1264,1093,0,0,898,1256,1276,1343,1205,1005,505,1172,1262,1188,1303,1114,971,740,1197,1315,1316,1377,1183,1414,664,1085,1290,1205,1270,1160,1174,612,998,1070,1091,1142,968,1057,630,542,1164,1213,1351,1179,1196,1021,1096,1248,1272,1104,736,1018,1212,1222,1260,1076,1161,760,1134,1160,1194,1245,1076,0,0,901,1170,1228,1328,1118,1016,499,1128,1208,1175,1271,1100,1021,754,1103,1249,1233,1293,1120,1408,713,1061,1264,1160,1249,1139,1131,662,1002,1060,1127,1117,962,1084,705,575,1143,1145,1282,1127,1150,994,1065,1170,1200
225,Not Accessible,London Underground,2021-11-29,POINT Z (528047.2745 172373.6505 0),Northern,940GZZLUTBC,"tube, bus",Yes,Tooting Bec,8962,5612,8907,10538,10622,11254,9775,9295,5996,9143,10644,10763,11168,9933,9241,6069,9203,10518,11467,11243,9591,8813,5742,9194,10774,10722,10256,9961,8638,6124,8874,10283,9882,10386,9379,9026,6086,8705,10279,10198,10406,9469,8507,5826,8531,9791,9767,9605,7145,6367,4306,4307,8899,10163,10567,9665,9136,7245,8990,10562,10568,8386,5975,8826,10257,10430,10638,9013,8820,6350,8776,10272,10455,10616,9251,8869,6215,8951,10304,11133,10461,8962,8608,6029,9086,10388,10291,10940,9362,8220,6656,8716,9736,9967,7835,8839,8586,6241,8300,9645,9739,9598,8655,7162,6169,8136,9450,9476,8530,6167,5878,4298,5159,9126,9800,9890,9134,8685,7150,8576,10069,10168
224,Not Accessible,London Underground,2021-11-29,POINT Z (527433.7399 171443.250700001 0),Northern,940GZZLUTBY,"tube, bus",Yes,Tooting Broadway,17535,11841,17518,20116,19847,21098,19734,18703,11299,17643,20360,19476,20445,19834,17223,11367,17780,19816,18497,20912,19479,17326,10659,17310,19871,19454,19367,20334,17470,11596,16981,19768,19369,18895,19787,17525,11481,16673,19226,19247,19789,19940,17319,10997,16423,18681,18964,19246,14248,13392,8692,8497,17385,18699,19966,19537,17797,12622,17464,20122,19811,17376,11868,17685,20063,19721,20534,19222,18221,11490,17571,20049,19370,20090,19296,17210,11363,17888,20024,18605,20964,19165,16792,10942,17607,19923,19045,19453,19674,16756,12071,17400,19759,19183,16814,19085,16940,11333,16787,18974,19132,19542,18856,17138,11170,16595,18944,18848,18202,13052,12918,8595,9791,17771,18782,19812,19218,17546,12210,17494,19843,19594
230,Fully Accessible,London Underground,2021-11-29,POINT Z (529815.381 181382.496200001 0),"Central, Northern",940GZZLUTCR,"bus, tube",Yes,Tottenham Court Road,100901,54685,73868,88097,92191,100810,91513,98867,50972,74611,88402,93231,97785,90256,102499,57067,79632,89144,92029,100899,88240,98804,57873,74602,89385,93098,100772,91333,99996,57160,74061,88247,91539,98366,87786,93998,57916,76014,91216,95354,100861,90025,97851,57338,78581,91718,95269,95050,77705,85028,47982,51335,75851,86782,98565,91255,96588,62879,74852,88408,94028,99569,53186,72856,87496,91212,98912,92446,99508,46993,73438,87510,93307,98552,91011,98533,54438,78328,88293,93608,101037,88469,99388,55417,74849,89092,92915,99703,92152,99843,57029,75120,87839,91645,98530,88297,96283,55273,74676,91149,94513,100173,90600,96308,57406,77667,92868,94157,97160,77303,85066,50257,50914,75037,88960,100757,94130,99163,57130,75574,88337,95703
244,Fully Accessible,London Underground,2021-11-29,POINT Z (534484.4517 189470.7161 0),Victoria,940GZZLUTMH,tube,Yes,Tottenham Hale,13111,11802,19671,21739,22067,22847,22517,17811,15032,20729,21992,22793,22653,23441,15543,11211,17427,21496,21361,22564,22601,23507,11381,20385,21100,21015,22133,21877,18547,14974,19710,22772,21272,21975,21122,18325,16788,19651,22418,20833,25191,21028,20273,14324,19198,20142,21600,21884,16351,16210,11959,17028,22934,22852,22464,21695,18547,11915,20574,23570,24357,12082,11514,19228,20888,21237,21780,21495,17954,13947,19760,20507,21680,23494,22844,14354,11574,16916,20467,20459,21569,21836,20184,11268,19533,19466,20912,21589,21334,17936,14502,19073,21591,20979,21132,20734,17123,15560,18802,21030,20692,22700,21053,19418,13823,18593,19443,21179,22121,16080,16321,11417,13468,20377,20519,21049,20229,16237,12384,19374,23311,22824
314,Not Accessible,London Underground,2021-11-29,POINT Z (526120.3494 193989.2184 0),Northern,940GZZLUTAW,"tube, bus",Yes,Totteridge & Whetstone,2770,1737,3204,3613,3697,3751,3360,4002,2633,3225,3616,3304,3633,3167,2810,1986,3201,3701,3637,4079,3301,2674,1933,3354,3600,3669,3621,3250,2679,1850,3297,3679,3533,3675,3310,2670,1942,3069,3370,3474,3517,3154,2522,1670,2901,3221,3490,3298,2104,2346,1477,1638,3304,3375,3696,3284,2805,2081,3157,3615,3728,2640,1715,3143,3526,3612,3615,3288,3807,2415,3164,3347,3391,3458,3064,2776,1918,3002,3703,3499,3869,3188,2601,1760,3170,3563,3571,3574,3239,2628,1845,3163,3659,3390,3418,3235,2681,1896,2944,3236,3135,3378,2989,2434,1686,2804,3153,3298,3246,2019,2206,1518,1614,3373,3274,3549,3232,2622,2046,3108,3693,3598
378,Fully Accessible,DLR,2021-09-23,POINT Z (533705.9573 180833.9626 0),,,,,Tower Gateway,1416,1167,2449,3039,3007,2901,2435,0,0,2436,2873,3072,2802,2326,2157,1534,2306,3033,3035,3185,2521,0,0,2387,2913,3013,3014,2508,1185,1092,2505,3230,3765,3730,3046,0,0,2694,3079,2943,3138,2704,2544,1854,2712,2958,2979,3171,0,0,0,4,2502,2997,3660,3514,3203,7379,2784,2982,3545,1172,883,2218,2825,2889,2754,2347,0,0,2325,2703,2803,2711,2285,2050,1368,2238,2725,2853,2937,2422,0,0,2231,2703,2807,2866,2194,1056,898,2398,3242,3907,3404,2585,0,0,2528,2989,2869,3126,2708,2443,1653,2565,2838,2994,3055,0,0,0,0,2395,2930,3371,3661,3605,9269,2532,2765,3371
161,Not Accessible,London Underground,2021-11-29,POINT Z (533579.4477 180755.3849 0),"District, Circle",940GZZLUTWH,tube,No,Tower Hill,23547,16954,21519,23509,22913,23550,21902,24250,17564,21265,22656,22262,24592,21789,27143,16795,21805,23397,23273,26301,21853,22918,15872,20784,23416,22121,24518,21698,23254,17995,20325,22159,22312,22208,20277,22365,19068,21861,24644,25079,25560,23194,23859,18581,24909,27001,28332,28480,23201,24857,19222,15204,22342,23530,26661,25082,24849,37080,23082,24372,24277,26685,18919,22866,25714,24369,25829,23845,26216,17018,21910,24114,23734,26332,24221,29955,18146,22404,25165,24178,25903,24526,24748,16383,22241,25512,24023,26294,24072,26097,17409,21883,23806,23480,24865,22101,23787,20463,23268,27504,27000,28005,25701,26218,20155,27628,29829,30859,32272,26153,27854,21469,16793,25645,25770,29876,28798,28500,35735,23597,26059,26075
235,Not Accessible,London Underground,2021-11-29,POINT Z (529148.7021 185859.620100001 0),Northern,940GZZLUTFP,"bus, tube",Yes,Tufnell Park,4754,3114,4645,5461,5536,5768,5451,5446,3311,4827,5468,5444,5668,5523,4916,3443,4896,5442,5546,5687,5595,5030,3007,4741,5451,5453,5257,5527,5295,3531,4473,5162,5602,5159,5079,4623,3266,4170,4729,4743,5240,5272,4380,3337,4177,4844,4940,4768,3799,3754,3093,2439,4571,5300,5361,5568,5039,3442,4429,4958,5355,4286,3210,4433,5169,5202,5490,4883,4916,3374,4593,4958,5225,5319,5110,4651,3414,4693,5181,5279,5253,5174,4510,3144,4569,5119,5051,5156,4980,4805,3473,4284,4928,5309,4608,4623,4240,3337,3908,4573,4466,4661,4761,4133,3441,3961,4488,4623,4094,3170,3267,2930,2700,4375,5011,4939,4993,4677,3407,4231,5138,5100
29,Not Accessible,London Overground,2023-05-23,POINT Z (535136.6682 198931.986300001 0),,,,,Turkey Street,1153,571,1830,1779,1745,1718,1700,1142,1131,1632,1793,1794,2650,1687,1132,740,1617,1885,1678,1818,1716,1368,825,1654,1793,1710,1735,1770,1170,944,1586,1772,1722,1730,1732,1222,1089,1467,1739,1404,1563,1608,1272,677,1350,1342,1462,1391,1039,1007,740,857,27,1512,1617,1568,1285,797,1573,1590,1423,1014,589,1514,1634,1582,1577,1564,1112,929,1515,1709,1640,1900,1559,1009,687,1527,1678,1572,1705,1658,1040,775,1530,1664,1493,1631,1573,1073,871,1523,1676,1639,1601,1507,1016,966,1303,1527,1291,1366,1366,1069,726,1220,1160,1238,1279,934,953,662,490,84,1421,1539,1503,1020,688,1455,1585,1495
308,Partially Accessible - Interchange Only,London Underground,2021-11-29,POINT Z (521265.8017 178779.0811 0),"District, Piccadilly",940GZZLUTNG,"tube, bus",No,Turnham Green,6675,5085,6686,7802,7880,8032,7669,6832,5459,6744,7720,7853,8333,7561,7382,5197,6950,7985,7665,8085,7736,5872,3371,6956,7805,7880,8212,7848,6943,4915,6508,7582,7442,7675,7063,6952,6206,6425,7009,7019,7354,6714,6413,5189,6155,6762,6994,7001,5087,5198,3701,3503,6844,7366,8009,7477,7032,5628,6970,7994,7936,7065,5392,6994,8011,8057,8167,7997,7231,5853,6890,7966,7933,8436,7988,8032,5257,6980,8107,7772,8362,8227,5805,3863,7241,8018,8059,8287,8140,7252,5151,6778,7876,7631,7775,7944,7790,8414,6370,7992,7203,7483,7160,6763,5078,6255,6928,7254,7274,5101,5263,3840,3877,6955,7626,8081,7876,7422,5496,6969,8208,8260
399,Not Accessible,London Underground,2021-11-29,POINT Z (531512.729 189637.9518 0),Piccadilly,940GZZLUTPN,"bus, tube",Yes,Turnpike Lane,10929,7686,11389,12305,12268,12678,12057,10743,7500,11255,12147,12166,12440,12210,10950,7899,11115,11951,12301,11404,12283,11282,5645,11234,12192,12592,12406,12302,11194,7963,10909,11985,12101,12345,12200,10792,7848,10748,11975,11948,12066,12272,10807,7891,10572,11483,12016,12097,9409,9365,6775,6693,11600,11799,12011,12039,10848,8112,11148,12333,12620,10900,8064,11943,13021,12383,13173,12016,10540,7694,12041,12619,12436,12692,12378,11136,8151,11634,12862,12354,13077,12663,11019,6913,11615,12757,12903,12565,12530,11026,8427,11696,12019,12532,12811,12355,10822,8092,11254,12620,12638,12586,12613,10965,8178,11091,12047,12300,12251,8938,9468,6868,7291,12061,12306,12415,12364,11005,8375,11495,12214,12805
430,Fully Accessible,TfL Rail,2022-05-26,POINT Z (479053.0293 175777.6775 0),Elizabeth Line,,,,Twyford,390,255,487,786,414,808,423,425,244,559,719,763,744,429,386,225,517,784,766,803,420,405,306,540,752,705,785,473,426,308,528,692,761,757,403,443,331,520,736,683,688,403,422,230,483,678,620,547,289,334,231,168,602,795,836,458,524,365,567,805,815,275,213,423,670,402,687,347,363,190,460,610,647,594,377,286,173,466,661,631,641,369,235,248,445,645,600,643,401,316,235,442,596,613,648,359,325,267,399,620,585,575,366,294,188,385,581,518,494,258,294,177,93,523,658,715,360,333,339,477,673,680
287,Fully Accessible,London Underground,2021-11-29,POINT Z (556146.114 186868.406300001 0),District,940GZZLUUPM,tube,No,Upminster,2389,1085,6025,7268,7055,7228,6042,4758,2845,6804,6982,6870,7062,5812,4439,2758,6099,7021,6931,7191,5975,4729,2995,6316,7075,7083,7272,6043,4504,3276,6135,7106,7098,7458,6227,5266,3132,5633,6707,6376,6412,5758,4921,2871,5573,6060,6410,6380,3691,4887,2356,2391,6679,6992,7195,5991,4920,4950,6249,6901,6925,1819,833,6234,7123,7119,7301,6086,4769,2821,6687,7004,6947,7100,5949,4391,2593,6238,7162,7135,7710,6051,4734,3078,6370,7256,7253,7575,6113,4645,3315,6393,7214,7428,7636,6369,5243,3134,5840,6728,6698,6624,6166,5050,2810,5686,6377,6559,6529,3707,4870,2344,2336,6834,7103,7557,6123,4778,4796,6477,7159,7292
193,Not Accessible,London Underground,2021-11-29,POINT Z (555088.411 186770.1083 0),District,940GZZLUUPB,"tube, bus",No,Upminster Bridge,1,0,1489,1573,1544,1461,1306,804,442,1352,1483,1510,1505,1177,688,396,1457,1618,1568,1624,1321,687,385,1462,1583,1600,1486,1330,654,438,1274,1589,1484,1553,1234,725,469,947,1056,1087,1070,911,678,400,874,982,1054,946,581,625,346,424,1508,1420,1624,1325,712,491,1471,1706,1522,1,0,1486,1579,1555,1537,1356,732,423,1345,1512,1502,1525,1144,618,410,1509,1641,1583,1752,1329,613,394,1500,1619,1566,1454,1302,651,406,1337,1608,1489,1595,1218,674,481,855,1045,1026,1005,766,624,426,855,934,995,895,544,551,325,446,1496,1453,1567,1329,644,480,1539,1767,1551
133,Fully Accessible,London Underground,2021-11-29,POINT Z (545845.6808 184254.344900001 0),District,940GZZLUUPY,"tube, bus",No,Upney,0,0,3632,3897,3822,3966,3826,2690,1928,4053,4076,4009,3865,3739,2577,1812,3742,3905,3922,3979,3773,2508,1827,3661,3924,3731,3959,3866,2837,2095,3420,3921,3859,4059,3886,2827,2096,3589,3590,3578,3633,3607,2739,1877,3286,3447,3682,3591,2340,2555,1645,1982,3723,3709,3806,3656,2691,1864,3698,4027,4013,1,0,3393,3540,3525,3641,3465,2341,1729,3553,3705,3623,3491,3332,2200,1689,3434,3574,3634,3628,3447,2142,1676,3372,3604,3526,3590,3430,2543,1992,3080,3598,3582,3708,3575,2537,1929,3219,3528,3322,3355,3053,2344,1778,3009,3156,3389,3204,2125,2239,1552,1722,3467,3422,3442,3405,2396,1817,3495,3687,3655
68,Fully Accessible,London Overground,2023-05-23,POINT Z (529754.7949 186636.892999999 0),,,,,Upper Holloway,1703,0,2179,2354,2390,2180,2290,1701,1234,2164,2319,2309,2352,2261,1636,1170,2181,2294,2417,2372,1573,1615,1004,2149,2331,2339,2294,2185,1684,1171,2137,2255,2253,2316,2271,1674,1144,2008,2231,2111,2116,2092,1689,1077,1987,2020,2051,2024,1373,1312,858,1056,2103,2291,2216,2259,1576,1020,2209,2480,2408,1682,0,2140,2299,2296,2141,2172,1697,1173,2131,2192,2274,2312,2214,1695,1075,2127,2292,2337,2298,1834,1603,893,2096,2299,2301,2281,2114,1571,1092,2043,2269,2301,2228,2181,1699,1117,1949,2125,1968,2047,2077,1705,916,1963,1962,1965,1922,1380,1278,793,1082,2060,2333,2186,2247,1640,979,2238,2412,2328
127,Not Accessible,London Underground,2021-11-29,POINT Z (541254.2061 183793.485200001 0),"District, Hammersmith & City",940GZZLUUPK,"bus, tube",No,Upton Park,11081,8052,14128,14313,14493,14854,14013,12340,9518,14427,15321,14780,15026,14006,12144,9482,14430,15684,15060,15268,15054,14014,10537,15187,16358,15706,16935,16176,17429,9170,12986,14629,14658,15308,14470,12795,9835,13475,14139,14220,14839,14159,12077,9565,13601,13942,14099,14175,11165,12198,8939,9228,14470,13715,14861,14637,12481,9644,13943,15177,14955,10077,7944,14133,14030,14244,14178,13456,11953,9568,14031,14987,14392,14604,13640,11870,9183,13768,14709,14592,15121,14544,13020,10326,14773,15735,15327,16210,15644,18774,8960,12478,13992,14032,14482,13712,12382,9495,13098,14128,13505,13995,13188,11388,9307,12819,13282,13463,13573,10367,11590,9111,8885,13823,13115,13859,13722,11548,9281,13611,14431,14223
318,Fully Accessible,London Underground,2021-11-29,POINT Z (505661.0034 184161.1754 0),"Metropolitan, Piccadilly",940GZZLUUXB,"bus, tube",No,Uxbridge,6219,4168,8303,8943,9310,9121,8421,6206,4051,8812,9391,9171,8693,8350,6298,4911,8390,9392,9393,9495,9332,5918,4313,9389,9662,9333,9293,8734,6759,4225,8021,9637,9128,9425,8998,6239,4244,8006,8601,8353,8610,7955,6484,4869,7214,7653,7890,7798,4939,5257,3120,3740,8514,8209,8855,7990,7560,5218,8166,8981,9128,5846,4122,8062,8868,8970,8909,8073,6404,4071,8744,9418,8957,8598,8094,5989,4747,8239,9199,9160,9255,9019,5395,3847,9265,9575,9221,9235,8129,6408,4220,8124,9370,8966,9276,8815,6012,4236,7777,8352,8148,8363,7486,6152,4712,6877,7467,7582,7485,4500,4984,3086,3603,8180,8347,8703,7860,7060,5055,8167,8815,8964
188,Not Accessible,London Underground,2021-11-29,POINT Z (530336.7953 177973.004799999 0),Victoria,940GZZLUVXL,tube,Yes,Vauxhall,27172,16860,30840,35932,36878,37956,34821,30354,26871,31111,35638,36509,38456,33906,24674,20963,31110,35805,35757,37628,33899,31468,20872,31072,35811,36368,39668,34518,29062,22488,28873,35853,35498,39691,33058,29498,24565,29873,34949,34141,35751,28766,24014,21432,28783,32471,33718,33655,23429,22020,16226,15482,30855,34484,35944,34217,33346,22659,31144,35879,36533,23293,16793,28943,33339,33965,33794,31769,28310,27254,29267,33052,33800,35405,30799,22298,20227,28690,33353,33377,32536,30254,26989,20595,28842,32995,33684,34027,30860,25812,22133,28187,33586,32768,36012,30525,26845,23583,27493,32264,31402,31537,28884,25609,22512,27220,29968,31017,29661,20809,20200,16191,16849,29130,32282,32904,31963,31286,22025,28551,33798,33563
185,Partially Accessible,London Underground,2021-11-29,POINT Z (528998.7715 179129.9345 0),"District, Circle, Victoria",940GZZLUVIC,tube,Yes,Victoria,79971,60946,79888,91878,94468,99872,88281,96818,67371,82122,93108,95856,105867,90260,83185,60776,80710,94228,94809,99499,89200,85530,59960,82034,94267,95079,102192,89668,82394,49271,79043,93404,93200,98329,83490,62901,49684,80731,92737,94410,97986,88074,108061,60045,80938,93362,97385,98146,49930,59981,41477,39818,85043,96470,99138,88633,94368,84150,83595,94737,97842,79367,63720,84436,96568,99334,102589,89534,96709,73124,87141,96749,101739,106681,90553,81776,65905,86696,100869,99597,104095,89644,86624,66388,87849,98074,100583,103279,90958,82620,53538,84150,97354,98219,104652,85908,66353,52234,84107,96402,99453,101770,87407,103350,61014,85676,97206,102617,102363,56129,60596,44560,43799,87931,99707,101625,89821,90367,81676,88612,99762,102834
359,Fully Accessible,DLR,2021-09-23,POINT Z (540459.8903 180156.0755 0),,,,,W Silvertown,224,79,2421,2685,2913,2889,2692,2329,1798,2631,2809,2776,2870,2700,2518,1673,2524,2820,2857,2935,2677,2435,1527,2591,2842,2828,2974,2777,169,43,2513,2996,2988,2948,2725,2166,1881,2485,2689,2562,2732,2622,2538,1739,2380,2596,2625,2647,3485,2680,1928,1430,2651,2723,2920,2786,3336,1726,2593,2937,2965,2,16,2261,2466,2545,2588,2490,1972,1870,2320,2466,2553,2575,2743,2464,1484,2235,2563,2608,2567,2509,2310,1348,2335,2645,2545,2667,2459,13,4,2312,2687,2744,2751,2409,2372,1515,2180,2490,2323,2355,2441,2160,1486,2102,2408,2350,2315,3042,2331,1671,1376,2476,2560,2682,2755,3050,1607,2292,2623,2704
289,Not Accessible,London Underground,2021-11-29,POINT Z (537176.4746 188994.332599999 0),Victoria,940GZZLUWWL,tube,Yes,Walthamstow Central,18760,13695,19711,22155,21977,22734,21426,19262,13655,19661,21911,22310,22924,21378,19695,13691,19828,21908,21919,22779,21958,19209,12417,19595,21573,22069,22421,21521,18751,13474,18987,22142,21873,22430,21375,18844,13646,18822,21526,20972,22103,20609,18925,13015,18598,20395,21189,21028,15734,15993,10782,10809,19958,19791,21802,20796,18830,13318,19425,22100,21847,17619,13518,19321,21512,21358,22179,21090,18775,13591,19134,21210,21564,21862,20457,19029,13929,19615,21215,21189,21665,21543,18755,12626,18929,21179,21353,21362,20427,18322,13568,18525,21735,21221,21591,20709,18182,13615,18375,21033,20347,21205,20210,18840,12750,17964,19840,20457,20215,14911,15605,10829,11480,19605,20730,21503,20220,19060,13387,19112,23507,22825
97,Fully Accessible,London Overground,2023-05-23,POINT Z (537024.3452 188812.5206 0),,,,,Walthamstow Queens Road,1553,25,1448,1660,1616,1562,1609,1473,947,1464,1549,1552,1564,1589,1416,924,1463,1546,1629,1671,1400,1361,727,1514,1687,1621,1682,1689,1457,1109,1354,1605,1755,1674,1676,1475,967,1301,1476,1304,1534,1545,1484,880,1402,1282,1366,1492,1185,1162,741,818,1558,1985,1680,1653,1485,948,1635,1855,1859,1949,1,1560,1658,1667,1536,1734,1493,982,1521,1619,1627,1674,1605,1440,836,1580,1690,1704,1668,1321,1350,706,1611,1765,1748,1732,1729,1348,1074,1384,1629,1759,1744,1686,1465,974,1319,1544,1370,1468,1529,1501,812,1326,1343,1456,1448,1238,1173,730,859,1647,1700,1710,1722,1535,937,1663,1774,1828
60,Not Accessible,London Overground,2023-05-23,POINT Z (529395.5048 176197.938999999 0),,,,,Wandsworth Road,722,471,708,963,974,1003,959,768,413,738,951,931,933,936,1,0,807,950,1063,855,918,740,441,872,930,955,1012,972,733,0,848,958,941,975,918,873,495,595,929,841,982,917,819,488,755,912,890,881,0,0,0,0,735,902,954,916,788,896,836,959,928,649,480,727,939,935,968,887,670,413,766,928,882,891,882,0,0,785,944,944,799,894,665,442,858,931,852,836,874,734,0,804,874,866,936,865,760,484,644,792,794,812,795,726,485,770,809,771,783,0,0,0,0,692,887,874,826,717,558,795,898,846
117,Not Accessible,London Underground,2021-11-29,POINT Z (540673.1526 188253.507300001 0),Central,940GZZLUWSD,"bus, tube",Yes,Wanstead,2633,1772,2843,3126,3290,3478,2919,2754,1845,2942,3271,3171,3365,2871,4149,2840,2735,3180,3335,3366,2963,2683,1755,2855,3246,3386,3524,3025,2807,1963,2800,3225,3311,3434,2942,2913,1664,2763,3056,3063,3191,2904,2523,1638,2613,2993,2985,3011,2297,2473,1470,1624,3056,3236,3342,2970,3022,2177,2710,3347,3372,2599,1751,2840,3340,3207,3357,3090,2785,2012,3219,3329,3181,3433,3036,4799,3315,2498,3249,3396,3457,3116,2659,1887,2889,3472,3532,3685,3150,2911,2172,3114,3196,3539,3616,3009,2933,1876,2903,3097,3160,3254,3079,2685,1704,2611,2875,3111,2941,2320,2472,1467,1684,3096,3310,3339,2949,2932,2390,3070,3415,3445
20,Not Accessible,London Overground,2023-05-23,POINT Z (540545.8452 185601.3862 0),,,,,Wanstead Park,1780,0,2055,2218,2297,2041,2244,1942,1354,2060,2161,2269,2282,2164,1789,1168,2215,2184,2213,2309,1852,1854,1069,2104,2225,2297,2305,2219,1797,1408,1973,2212,2314,2285,2332,1917,1326,1901,2082,1948,2135,2027,1935,1199,1826,1813,2009,2010,1600,1586,971,1262,2164,2197,2202,2188,1954,1214,2206,2229,2227,1827,0,2126,2381,2328,2114,2352,1977,1402,2122,2259,2318,2268,2308,1833,1309,2156,2219,2387,2386,1717,1972,1093,2170,2346,2376,2347,2341,1852,1543,2006,2257,2331,2324,2361,1889,1381,1907,2209,2056,2079,2129,1957,1254,1843,1866,2087,2007,1615,1570,1012,1235,2149,2188,2246,2272,1941,1209,2237,2353,2297
15,Not Accessible,London Overground,2023-05-23,POINT Z (535024.3542 180174.089600001 0),,,,,Wapping,3330,2330,2545,3145,3121,3224,3239,3876,2512,2307,3144,3091,3216,3043,0,0,2778,3148,3194,3356,3077,3721,2190,2743,3199,3207,3276,3341,3415,2051,2631,3193,3200,3335,3386,3931,2422,2641,3191,2992,3197,3125,3304,2092,2564,3151,3137,3176,2535,2419,1707,1641,2713,3073,3222,3140,3497,5836,2807,3330,3347,3308,2233,2519,3052,3067,3063,3012,3710,2513,2532,3076,3032,3100,2889,0,0,2690,3075,3029,3138,2878,3498,2261,2623,3089,3077,3092,3099,3229,2017,2527,3029,3079,3096,3136,3901,2513,2518,3015,2967,2943,3027,3232,2101,2462,2949,2991,2804,2318,2315,1596,1788,2743,3005,3129,3113,3421,7407,2696,3188,3212
189,Not Accessible,London Underground,2021-11-29,POINT Z (529248.7448 182266.0339 0),"Northern, Victoria",940GZZLUWRR,"tube, bus",Yes,Warren Street,12538,8433,22297,26208,25793,26139,21756,12751,8621,22390,27405,25823,26473,21239,12284,8077,22415,25943,25414,25768,20858,12093,8280,21707,25081,25279,25181,20577,12308,8539,19620,24432,23904,23765,18828,11274,8110,19580,22783,22329,23541,18689,12155,7897,19405,22628,21594,19536,8876,8830,6012,6701,19845,22720,24247,19165,11385,9093,20594,24349,24366,13017,9483,23523,27529,27319,27480,23024,13011,8636,23482,27614,27311,27972,22537,12673,7981,23420,27323,28683,27539,22132,12515,8082,23060,26597,26598,27042,21912,12257,8318,20961,25686,24954,26631,20805,11530,8120,21265,24939,24504,25054,20055,11934,8059,20398,23937,22898,20995,8764,8919,5975,6767,21294,23397,25587,20767,11748,9619,21870,25297,25624
397,Not Accessible,London Underground,2021-11-29,POINT Z (526112.4036 182039.408 0),Bakerloo,940GZZLUWKA,"bus, tube",No,Warwick Avenue,4007,2937,4702,5065,5153,5319,4633,4276,2925,4612,5169,5016,5218,4967,3999,3006,4650,5051,5167,5400,4831,4045,2710,4463,5014,5068,5405,4914,4408,2962,4219,5026,4994,5099,4724,4062,2952,4198,4706,4748,4925,4529,4171,2907,4131,4711,4743,4686,3509,3458,2458,2512,4436,5049,5292,4879,4317,2670,4500,5058,5335,4223,3253,4799,5067,5024,5191,4854,4455,3245,4533,4983,4964,5014,4792,4151,3302,4477,4906,5024,4996,4685,4059,2988,4409,4800,5030,5310,4778,4613,3393,4177,4887,4948,4810,4568,4333,3391,4215,4615,4801,4919,4458,4388,3066,4318,4561,4796,4453,3700,3618,2841,2875,4569,4762,5299,4889,4252,3091,4544,4961,5293
286,Partially Accessible,London Underground,2021-11-29,POINT Z (530968.1802 179961.9154 0),"Waterloo & City, Bakerloo, Northern, Jubilee",940GZZLUWLO,tube,Yes,Waterloo,83573,41074,80960,99651,102013,106712,83961,89678,56690,81594,99511,100593,107046,83057,77501,50242,80879,97482,102207,109769,86198,85142,50234,82480,100003,100192,104551,85486,78765,49718,78143,95240,97219,103453,81821,81390,58939,78717,97460,98597,103675,86464,83640,50094,80225,97687,97583,94550,65835,72803,42177,50243,87474,101281,106230,84024,90580,74930,81331,101137,103397,82048,42736,80313,98883,102250,110418,84243,88634,60457,81893,99851,102791,108527,83683,79089,52517,83490,100725,103700,112852,87761,86335,51899,84054,102572,102779,107822,86272,79970,50137,78602,97357,100544,105248,81008,82912,58693,79565,97786,100189,104835,86018,81578,52660,81042,96234,97077,97187,69832,73492,43345,44454,88325,101868,109672,85023,88022,64307,81751,102235,104218
55,Not Accessible,London Overground,2023-05-23,POINT Z (511346.7212 196083.897500001 0),,,,,Watford High Street,1798,1229,1820,2081,2090,2050,2158,2886,1238,1923,2125,2553,2040,2116,1967,1572,1941,2060,2053,2025,2168,1828,1151,2004,2101,2084,2031,2149,2673,1325,1959,2065,2102,2161,2382,1933,1280,1750,2254,1867,1828,1959,1854,1396,1715,1717,1780,1885,2526,1771,0,922,2151,2015,1950,2136,1880,1501,2001,2087,2126,1813,1194,1731,1898,1999,1882,2037,2769,1211,1763,1950,2267,1933,2054,1936,1484,1862,1982,1967,1979,2108,1898,1136,1886,1938,1927,1951,2107,2666,1306,1918,1987,2088,2062,2163,1925,1265,1707,2089,1821,1787,1917,1900,1358,1675,1617,1770,1891,2518,1868,0,861,1932,1848,1989,2054,1893,1439,1889,1971,2010
54,Fully Accessible,London Overground,2023-05-23,POINT Z (511047.384 197268.3751 0),,,,,Watford Junction,5125,3527,6210,7116,7243,7032,6684,6362,3283,6142,7377,7198,7795,6640,6057,4162,6346,7363,7009,7356,6970,5534,2926,6598,7263,7123,7091,6638,5691,3389,5890,7053,6712,7348,6754,5587,3497,6144,7273,7108,6971,6215,5552,3993,6230,7318,7241,6990,4721,3355,5,2356,6974,7286,7439,6555,5978,4460,6219,6864,7258,4626,3201,5860,6774,6628,6552,6187,5946,2861,5995,6976,7275,6954,6123,5002,3349,6292,7099,6430,6895,6507,4809,2456,6218,6845,6647,6647,6180,5071,2900,5725,6716,6386,6987,6067,4645,3118,5608,6836,6886,6435,5732,4702,3493,5895,7078,6917,6293,4284,3108,3,1939,6637,7197,7339,6045,4838,4005,6073,6668,7025
478,Not Accessible,London Underground,2021-11-29,POINT Z (509569.47 196595.9617 0),Metropolitan,940GZZLUWAF,tube,No,Watford Met,1680,1086,2816,3185,3041,3211,2862,2420,1231,2827,3199,3303,2869,2513,1714,1458,2686,3177,3163,3294,2983,1656,1011,3147,3120,3128,3165,2719,2054,1054,2512,3080,3156,3108,2381,1816,1348,2214,2740,2559,2652,2306,1862,1520,2162,2354,2518,2421,1856,2420,2090,1774,2791,2984,3204,2864,1247,1847,2875,3228,3220,1760,1088,2775,2990,3133,3157,2799,2381,1202,2833,3152,3342,2847,2541,1709,1579,2737,3074,3170,3184,2968,1583,1031,3136,3107,3017,3197,2683,2043,1151,2481,3026,3126,3094,2270,1802,1320,2245,2726,2499,2585,2252,1868,1537,2212,2267,2516,2321,1865,2468,2233,1844,2808,2937,3127,2841,953,1881,2923,3162,3181
263,Fully Accessible,London Underground,2021-11-29,POINT Z (518182.8112 185084.709899999 0),Bakerloo,940GZZLUWYC,tube,No,Wembley Central,6096,4391,7217,7524,7535,7706,7698,10103,4550,7386,7681,7660,7677,7568,6500,6897,7378,7694,7600,7812,9788,6992,4541,9610,7778,7800,7728,7601,7066,4773,7165,7899,7966,7990,8195,6864,4781,7278,7243,7311,7339,7728,6785,5814,7005,6885,7289,7264,6344,6155,3717,4598,6931,6959,7224,7155,8499,6793,7431,7655,7846,6246,4900,7632,8244,8177,8382,8481,10138,4798,7936,8262,7892,8177,8127,6482,9497,7833,8273,8386,8513,11703,6961,4862,11085,8300,8352,8314,8125,7182,5003,7587,8491,8613,8754,8801,7065,5113,7660,7748,7859,7576,8035,7121,6553,7387,7259,7696,7539,6284,6032,3704,4643,7394,7364,7792,7641,9127,7120,7812,8316,8371
312,Fully Accessible,London Underground,2021-11-29,POINT Z (519315.8795 186388.4845 0),"Metropolitan, Jubilee",940GZZLUWYP,"bus, tube",Yes,Wembley Park,21459,20701,22871,23604,23830,30165,30545,58234,17869,22006,23488,24530,25144,23376,24248,60839,22644,23539,25270,28407,56233,21457,14805,54824,24559,24222,25052,24001,27299,17824,20802,22921,26210,28964,29237,25036,17411,20465,22485,23002,23566,24582,28257,43204,20340,20111,23184,25887,24457,20439,18532,15550,19991,22014,23359,21918,53014,48045,21537,23557,24014,21170,21939,21838,23374,23541,30855,31149,64180,17582,22029,23351,25051,24519,22885,24121,66314,21707,23609,25584,28692,62503,20677,14743,61408,23655,24111,25220,23367,27322,17034,21093,23155,27179,29295,29782,24333,17058,20606,22455,23089,23200,24515,28262,45671,19639,20305,22860,26605,24412,19811,18629,15662,20056,22145,23013,21732,60614,52973,21167,23790,23695
316,Not Accessible,London Underground,2021-11-29,POINT Z (519372.862 181295.9254 0),Central,940GZZLUWTA,"bus, tube",Yes,West Acton,1311,976,1664,1648,1810,1824,1666,1331,931,1791,1736,1775,1802,1633,1440,865,1597,1798,1755,1918,1819,1508,1169,1676,1847,1800,1813,1845,1312,793,1562,1878,1841,1815,1649,1224,727,1820,1527,1530,1590,1492,1323,912,1387,1531,1484,1608,1451,1232,924,1103,1874,1748,1830,1862,1316,1035,1593,1758,1666,1443,1069,1602,1658,1742,1760,1661,1381,1021,1713,1706,1728,1778,1696,1449,875,1565,1685,1824,1854,1806,1509,1204,1642,1778,1789,1801,1781,1264,868,1617,1794,1805,1738,1685,1190,763,1742,1553,1548,1496,1604,1277,1020,1422,1578,1452,1654,1397,1315,988,1235,1892,1793,1824,1990,1348,933,1574,1691,1691
306,Partially Accessible,London Underground,2021-11-29,POINT Z (525380.8439 178024.490700001 0),District,940GZZLUWBN,tube,No,West Brompton,6348,3687,6084,6522,6936,7196,7334,6318,5155,6292,6582,7264,8237,7437,5919,4133,6007,6410,6925,7161,7315,5971,4047,6007,6951,7088,7443,7491,5959,3518,5859,6964,7111,8029,7667,6287,4134,5594,6329,6475,6798,7113,5367,5243,5544,6102,6908,7386,5107,4701,3368,2908,6060,6907,7104,7246,8085,5023,6919,7270,7382,5691,3464,6097,6639,6943,7174,7180,5746,4552,6327,6610,7145,7898,7191,5256,3749,6003,6670,7086,7092,7013,5287,3590,6166,7006,7141,7448,7187,5300,3222,6053,6987,7134,8244,7198,5572,3681,5820,6625,6606,6743,6599,4614,4384,5535,6272,6756,7342,4419,4318,3073,2874,6505,6753,6990,7097,6601,4289,6785,7420,7542
84,Fully Accessible,London Overground,2023-05-23,POINT Z (532200.998 166180.250700001 0),,,,,West Croydon,4663,2792,5965,6450,6695,6651,6217,5226,2925,6003,6651,6704,6461,6305,3325,1550,6239,6696,6725,6681,6210,4525,3110,6225,6727,6500,6537,6341,5018,3220,6165,6589,6690,6546,6383,4500,2851,5825,6198,5593,5909,5070,4763,2755,5621,5699,6170,5957,3626,2940,2414,2921,5832,5988,6114,6041,4562,3366,6063,6481,6524,4267,2752,5442,6044,6381,6278,5839,4834,2784,5530,6356,6245,6191,5932,2875,1520,5886,6288,6277,6258,5777,4143,2861,5893,6432,6177,6190,5969,4483,3019,5823,6184,6356,6213,5855,4553,2773,5478,5943,5092,4560,4417,4485,2468,5341,5347,5860,5506,3587,2850,2318,2965,5468,5418,5571,5702,4194,3005,5601,6087,6186
424,Fully Accessible,TfL Rail,2022-05-26,POINT Z (506153.978 180102.356799999 0),Elizabeth Line,,,,West Drayton,3973,2276,4741,5404,4544,5287,5076,4342,2578,5044,5568,5530,5655,5121,4347,2593,4939,5450,5518,5267,4967,4586,2167,4866,5376,5408,5543,5190,4349,3123,4919,4875,5422,5647,5391,4480,3260,4989,5430,5261,5190,5062,4496,2720,4672,5003,5169,5153,3247,3578,2449,2402,4375,5254,5435,4761,4387,2593,5011,5533,5659,3557,1973,4646,5136,4911,5113,4712,3835,2385,4743,5016,5184,5306,4663,3798,2510,4770,5174,5474,4797,4684,3665,2000,4658,5191,5069,5189,4748,3901,2911,4560,5087,5306,5390,4796,3816,2997,4845,5242,5037,5012,4659,4092,1900,4616,4768,4930,4881,2863,2875,2121,2170,4565,4895,5121,4258,3827,2268,4982,5404,5306
508,Fully Accessible,TfL Rail,2022-05-26,POINT Z (516594.9246 180729.661900001 0),Elizabeth Line,,,,West Ealing,3354,1852,3962,4433,4552,4728,4196,3643,1679,4016,4586,4534,4738,3959,3544,1897,3733,4567,4474,4772,2058,3401,0,3927,4376,4481,4641,4166,3529,2091,3821,4441,3800,4699,4068,3446,2115,3829,4389,4293,4358,4015,3553,1341,3608,4195,4342,3941,84,77,0,53,1447,4071,4461,3863,3311,0,3819,4562,4477,2921,2011,3553,4030,4051,3872,3563,3060,1792,3668,4166,4131,3929,3489,3040,1976,3556,4157,3961,4117,2080,2922,0,3508,3904,4022,3904,3508,2889,2064,3373,3907,3745,4117,3451,2999,2062,3455,3937,3794,3844,3286,3031,1271,3309,3799,3764,3222,124,130,0,50,2825,3629,4007,3394,2862,0,3460,4104,3747
336,Fully Accessible,London Underground,2021-11-29,POINT Z (525546.1518 191626.9482 0),Northern,940GZZLUWFN,tube,Yes,West Finchley,1632,987,2179,2524,2436,2874,2240,1576,1202,2142,2432,2301,2497,2131,1686,1093,2130,2439,2499,2590,2181,1546,987,2114,2485,2564,2454,2138,1620,1063,2040,2518,2315,2484,2179,1654,1122,1937,2217,2158,2201,1858,1565,959,1779,2018,2099,2039,1304,1396,864,1008,2115,2333,2515,2106,1659,1313,2197,2452,2497,1555,986,2044,2255,2260,2440,2128,1533,1144,2003,2260,2247,2319,2038,1466,1046,1956,2276,2366,2415,1932,1378,984,1973,2302,2312,2282,2025,1567,1061,1967,2338,2228,2180,2002,1560,1075,1788,2062,1912,1958,1697,1400,978,1623,1911,1966,1828,1233,1267,846,985,1952,2189,2307,1982,1526,1224,2018,2234,2327
288,Fully Accessible,London Underground,2021-11-29,POINT Z (539130.9809 182944.644300001 0),"District, Hammersmith & City, Jubilee",940GZZLUWHM,tube,Yes,West Ham,6183,4474,8207,8890,8856,9166,8528,6565,4450,8702,8798,8752,8781,8353,5922,3591,7958,8772,8901,8942,8484,6276,3012,8202,8490,8552,8702,8578,6420,4826,8180,9068,9124,8821,8735,6839,4032,7933,8774,8844,8483,8522,5954,3801,7656,8058,8358,8244,4621,5715,3327,3989,8148,8462,8608,8129,5651,3856,8078,8585,8838,6246,4458,8021,8528,8612,9026,8134,6434,4431,8288,8589,8480,8621,8016,5662,3611,7487,8301,8058,8032,8136,6444,2987,7908,8455,8569,8520,8107,6403,4766,7799,8849,8797,8757,8417,6809,3890,7637,8325,8568,8228,8356,6169,3790,7569,7840,8085,8047,4524,5536,3208,3880,7990,8284,8340,7942,5761,4105,7781,8198,8381
219,Not Accessible,London Underground,2021-11-29,POINT Z (525592.1984 184652.8993 0),Jubilee,940GZZLUWHP,tube,Yes,West Hampstead,9488,6134,11684,12870,13150,14029,12742,10461,7008,11874,13324,13188,13403,12275,10190,7117,11376,13547,12248,12120,13235,9744,6486,12922,12924,12977,13685,12256,9693,6842,11265,12903,12686,13009,12105,8506,5906,10721,12084,11961,12009,11687,9358,5958,10086,11153,11445,11210,7752,7462,5234,5543,11279,12305,12661,11576,10882,11215,11648,12941,13156,8999,6237,11105,12077,12658,13166,11882,10174,7105,11344,12239,12511,12460,11827,9420,6852,10845,12906,12024,13008,12489,9217,6579,12250,12516,12307,12786,11658,9483,6775,11055,11726,13046,12501,11639,8469,5984,10208,11351,11621,11489,10703,8843,5972,9563,10720,11213,9872,7110,7026,4969,5656,10863,11837,12018,11167,10068,9896,10989,12182,12679
67,Not Accessible,London Overground,2023-05-23,POINT Z (525511.9959 184725.1393 0),,,,,West Hampstead LO,5540,3455,6389,6844,7195,7374,7102,6193,4128,6560,6832,7244,7192,6885,5588,3608,6527,7130,7072,7578,7408,5997,3593,6955,7092,7267,7398,7002,5595,3046,6675,7373,7248,7420,7430,5926,2941,6138,6740,6464,6561,6664,5602,2911,5743,5995,6312,6130,4508,4891,3185,3574,6533,6934,7068,7066,6553,4780,6554,7523,7179,5361,3569,6276,7022,7174,7400,7114,5973,4319,6504,6781,7301,7308,6790,5371,3785,6464,7247,7166,7650,7471,5818,3684,6972,7116,7397,7386,7135,5156,3027,6445,7370,7225,7270,7435,5748,2697,5990,6763,6278,6546,6832,5624,2971,5809,6053,6226,6357,4569,4780,3111,3318,6455,6940,7030,6988,6261,5250,6672,7649,6741
324,Not Accessible,London Underground,2021-11-29,POINT Z (514199.9396 188029.3693 0),Metropolitan,940GZZLUWHW,tube,No,West Harrow,1157,875,1452,1712,1657,1655,1557,1301,883,1522,1572,1665,1666,1399,1151,904,1518,1658,1647,1780,1639,1263,796,1532,1675,1644,1750,1601,1367,911,1486,1709,1670,1795,1657,1326,928,1495,1644,1589,1596,1526,1305,916,1348,1521,1536,1532,1063,1107,745,791,1571,1598,1655,1592,1168,992,1552,1727,1737,1050,818,1441,1548,1592,1609,1457,1166,865,1485,1601,1611,1797,1408,1086,863,1477,1619,1555,1758,1503,1048,763,1478,1626,1607,1673,1406,1199,840,1405,1646,1671,1777,1543,1186,854,1447,1497,1462,1481,1473,1178,817,1291,1382,1475,1414,906,964,704,730,1490,1490,1629,1472,1095,914,1486,1653,1661
340,Fully Accessible,DLR,2021-09-23,POINT Z (537495.0331 180585.9209 0),,,,,West India Quay,1340,1039,1041,1139,1204,1304,1297,47,25,1106,1184,1199,1265,1158,793,479,1086,1151,1166,1281,1182,33,14,1016,1125,1307,1343,1205,1280,1076,1243,1219,1394,1423,1312,50,25,1053,1302,1287,1354,1356,1523,1058,1126,1262,1356,1381,615,614,530,454,1065,1115,1152,1245,1406,2543,1094,1300,1489,1485,1049,1088,1147,1309,1289,1366,28,11,1183,1269,1277,1255,1427,925,518,1212,1221,1292,1332,1266,15,2,1128,1341,1309,1343,1281,1300,1135,1224,1342,1335,1376,1418,16,10,1201,1358,1407,1415,1370,1688,1051,1180,1379,1419,1565,774,689,592,463,1128,1243,1283,1373,1352,2116,1207,1367,1508
179,Not Accessible,London Underground,2021-11-29,POINT Z (524684.9763 178398.058900001 0),District,940GZZLUWKN,"tube, bus",No,West Kensington,5375,4187,5485,6361,6521,6618,6199,6059,4737,5485,6935,7217,7303,6402,5829,4366,5564,6174,6227,6404,6417,4761,3166,5598,6310,6348,6492,6091,6020,4474,5269,5998,6291,6475,6109,5774,4049,5100,5669,6132,6246,5884,5542,4604,5176,5617,6144,6242,4706,4648,3643,2989,4881,5709,6242,6123,6342,4847,5453,6569,7178,4544,3779,5346,6004,6108,6018,5476,5200,4198,5276,6728,6939,6806,5706,5200,4148,5249,5678,6124,5867,5946,4352,3502,5351,5947,6005,5986,5545,5405,4255,5189,5745,5852,6034,5365,5316,3920,4742,5373,5718,5645,4903,4775,4248,4858,5111,5601,5500,4128,4084,3253,3156,4840,5622,5927,5517,5728,4257,5256,6229,6487
132,Not Accessible,London Underground,2021-11-29,POINT Z (508378.6627 186795.997400001 0),Central,940GZZLUWRP,tube,No,West Ruislip,108,71,1830,1927,2189,2066,1888,1824,1098,1828,2404,2186,2677,2114,1876,959,1830,2031,2085,2251,1881,1821,1079,2015,2189,2190,2019,1936,1524,895,1915,2093,2128,2191,1968,1906,827,1887,2167,2069,2131,1748,1774,886,1698,1815,1907,1933,1310,1576,849,1271,1938,1855,2090,1853,1945,1076,1708,1930,2095,74,78,1879,2011,2102,2022,1825,1647,964,1833,2103,2144,2295,1832,1715,969,1713,2053,2179,2171,1859,1744,1065,1923,2155,2145,2050,1856,1541,891,1862,2064,2085,2104,1962,1877,878,1894,2096,2003,2005,1685,1661,868,1736,1852,1892,1778,1340,1616,856,1259,1868,1886,2031,1877,1823,1129,1688,1963,2094
392,Not Accessible,London Underground,2021-11-29,POINT Z (524901.4238 181755.9263 0),"Hammersmith & City, Circle",940GZZLUWSP,"bus, tube",No,Westbourne Park,5917,3490,5983,6513,6484,6590,6605,6014,3626,5814,6300,6328,6388,6180,5795,3439,5790,6334,6492,6821,6431,5349,3464,5795,6381,6587,6606,6477,5673,3440,5406,6204,6246,6433,6367,5541,3583,5367,6149,5994,6468,6200,5733,3557,5495,5994,6059,6281,4511,4946,3120,2923,5727,6142,6544,6542,5963,3816,6052,6587,6286,4993,3340,5522,6092,6086,6248,6115,5276,3391,5545,5923,6127,6049,5920,5174,3313,5616,5923,6327,6401,6018,4311,3230,5497,5984,6191,6094,6023,4978,3168,5088,5829,6014,6070,6034,4841,3435,5091,5607,5673,6027,5520,4868,3268,5162,5551,5653,5607,3971,3919,2742,2979,5614,5849,6009,6104,4986,3396,5639,6142,6020
341,Fully Accessible,DLR,2021-09-23,POINT Z (537023.0143 180797.926000001 0),,,,,Westferry,3154,2531,3743,4180,4139,4325,3975,21,3,3866,4275,4330,4313,4202,3633,2830,3949,4150,4305,4368,3860,49,7,3556,4121,4024,3947,3894,3133,2442,3462,4292,4476,4470,4450,41,12,3760,4253,4133,4539,4196,3812,2998,3793,4190,4149,4278,2957,2836,2180,2019,3695,4133,4386,4094,3907,10055,4009,4266,4425,2783,2170,3285,3756,3560,3729,3411,1,0,3288,3730,3737,3757,3536,2973,2520,3351,3777,3698,3738,3200,1,0,3187,3712,3542,3440,3206,2626,2025,3171,3720,4009,3659,3613,2,2,3118,3749,3625,3927,3385,3134,2744,3345,3638,3522,3673,2413,2154,1799,1699,3342,3663,3713,3561,3579,6772,3342,3770,3719
283,Fully Accessible,London Underground,2021-11-29,POINT Z (530195.6727 179668.226399999 0),"District, Circle, Jubilee",940GZZLUWSM,tube,Yes,Westminster,26924,21183,27612,30846,30092,29328,26613,15912,19544,26210,28724,29012,28415,25599,28488,19379,26830,30339,28889,29272,25569,27114,17727,26444,29584,30080,29010,24745,25648,19022,26676,28596,28148,27767,23191,22575,25858,26634,28648,27811,28168,28280,26966,20877,30062,29495,34131,32268,26590,32672,22126,16760,27841,32597,32577,29501,32052,19734,29588,30346,32014,29457,22777,29215,33187,31103,31526,28064,28991,21681,28372,30719,30331,30273,27095,29351,19417,28754,32376,31173,31297,26576,28634,18101,28520,31351,31879,31438,26503,29568,19630,28549,30898,28513,29495,24741,23757,26844,28894,31018,29817,31139,29607,29517,22575,31480,32063,36486,36094,27702,42151,22968,17554,29857,34400,35588,31647,39850,61067,31838,33251,33712
181,Not Accessible,London Underground,2021-11-29,POINT Z (523307.8235 180748.416200001 0),Central,940GZZLUWCY,"bus, tube",Yes,White City,9844,4977,12381,13738,14257,14703,11199,8267,5588,12370,14032,14499,14854,11840,11488,5618,11144,13846,14269,14668,11163,9885,5879,12410,13660,13929,14129,10993,8560,5532,11973,13487,14022,14200,11440,11286,5445,12337,13417,14061,14110,10824,10339,5574,11591,13080,13326,12045,7470,7336,4679,8734,11492,13112,14010,11525,11312,5588,12186,14915,14504,9675,5039,12225,13157,14011,14313,11170,8653,5813,11921,14001,14138,14757,11745,11386,5687,14255,13890,14248,14453,10899,10838,6082,12150,13195,13718,14395,10920,8688,5780,11762,13205,13706,13635,11426,11579,6980,12478,13125,13493,13584,10651,10996,5550,11776,12822,13203,11800,7322,7219,4855,9088,11381,12721,13639,11459,12060,5676,12718,14879,13853
24,Not Accessible,London Overground,2023-05-23,POINT Z (533682.0154 191341.0341 0),,,,,White Hart Lane,2078,1169,3144,3369,3340,3325,3358,2255,9610,3142,3271,3453,8833,3313,2340,1397,3144,3322,3589,3631,3160,5166,4367,3101,3294,3269,3404,3151,2023,1489,2880,3169,3290,3489,3199,2226,8910,2717,2808,2826,7974,2841,2203,1171,2609,2743,2858,2783,1859,1973,1180,1556,28,2967,3117,3007,4388,1393,2995,3153,2861,1793,1211,2948,3149,3050,3215,3081,1973,11152,3024,3095,3321,12424,3116,2083,1355,2918,3108,3386,3385,2941,12284,4297,2840,3057,3038,3233,2877,1889,1459,2708,2992,3039,3243,2991,1914,9665,2492,2610,2685,11965,2581,2019,1205,2438,2507,2647,2508,1575,1700,1102,9252,142,2638,2956,2858,10315,1350,2843,2999,2805
310,Not Accessible,London Underground,2021-11-29,POINT Z (534644.6261 181850.3379 0),"District, Hammersmith & City",940GZZLUWPL,tube,No,Whitechapel,22076,14888,26534,29000,29563,29696,28763,22880,15063,28444,29961,29380,29357,28733,19952,14632,29417,30363,29922,30483,28250,24262,16527,28523,30429,30214,30680,29913,24693,21283,25701,29403,29846,29596,28366,22221,16445,27073,29225,28841,29636,28120,21669,15564,26877,27752,28807,27646,19653,18591,13995,14533,26724,27884,28533,27350,21269,20544,28290,29880,30059,22403,15125,26466,28646,29109,29500,28692,23643,15284,28619,29792,29221,29229,28682,21920,15624,29046,30236,29698,30457,28229,24832,16843,28843,30473,30376,30238,29964,24834,21188,25882,29576,29099,29195,28081,22774,16826,27346,29238,28233,29083,27951,22539,15807,26870,27501,28390,26811,19465,18517,13796,15486,27281,27922,28612,27412,21844,17636,28451,29585,29661
439,Not Accessible,London Underground,2021-11-29,POINT Z (523328.566 184883.4222 0),Jubilee,940GZZLUWIG,"bus, tube",Yes,Willesden Green,7176,5388,8106,8777,8825,9131,9093,7740,5896,8430,8892,8984,9036,8943,7403,5879,8328,8938,8768,9116,9320,7084,5097,8473,8686,8980,9247,9039,7159,5873,8141,8648,8706,9054,8899,6970,5564,7804,8481,8462,8673,8591,7310,5356,7571,7906,8371,8543,6194,5919,4741,4653,7743,8522,8851,8692,7569,5912,8541,9151,9446,7208,5674,8252,8907,8948,8801,8987,7483,6014,8490,8843,9108,8919,8762,7388,5912,8358,9016,8470,9038,9099,7020,5328,8742,8756,8988,8899,8922,7188,6086,8216,8079,8830,8930,8812,6925,5565,7942,8507,8555,8547,8313,7139,5012,7640,7834,8339,8148,6037,5722,4662,4968,7909,8550,8580,8597,7399,5766,8520,9364,10090
470,Fully Accessible,London Underground,2021-11-29,POINT Z (521858.4876 182959.8201 0),Bakerloo,940GZZLUWJN,tube,No,Willesden Junction,5356,3643,7263,7683,7667,7853,7478,5677,3903,7273,7541,7696,7694,7415,5501,3857,7191,7772,7841,7871,7730,5562,3573,7327,7694,7683,7864,7551,5639,3981,7011,7579,7806,7740,7537,5594,4135,6843,7220,7099,7195,7253,5381,3810,6621,6919,7084,7282,4964,4653,3127,3473,6825,7213,7658,7536,5561,3917,7282,7710,7893,5011,3776,6961,7515,7368,7479,7030,5220,3798,7060,7390,7481,7401,6897,5155,3877,7002,7464,7446,7560,7260,5257,3575,7101,7557,7422,7503,6925,5328,4024,6751,7422,7388,7360,7050,5014,4193,6627,7012,6790,6897,6678,5358,3756,6433,6764,6841,7059,4694,4380,3089,3518,6633,6852,7400,7004,5172,3858,6978,7438,7580
335,Fully Accessible,London Underground,2021-11-29,POINT Z (524800.3804 170683.6656 0),District,940GZZLUWIM,tube,No,Wimbledon,21164,11835,22592,25855,26241,26838,24826,21376,14441,23530,25927,25910,27110,24677,20409,14433,23053,25938,26109,26029,24278,19673,12418,23447,26430,26775,28943,25445,23534,13758,22339,25596,26137,28375,23822,21252,14551,21040,23855,23588,24184,23137,20938,19224,20999,22690,23324,24265,16408,15729,10504,11881,23114,24671,26315,24669,21956,15584,23579,26555,26286,20935,10820,23379,25445,25932,26506,24355,21474,14289,23217,25342,25799,26702,24008,20380,14285,22374,25708,25782,25591,23473,19748,12568,23192,25999,26624,27086,24703,22838,14007,21922,25418,25491,29629,23103,20600,14114,20602,23544,23657,23908,21411,19777,17492,20576,23080,23220,23986,16017,15329,10537,11571,22502,24318,25662,24002,21601,15266,22634,25690,25990
177,Not Accessible,London Underground,2021-11-29,POINT Z (525282.3792 172099.7465 0),District,940GZZLUWIP,tube,No,Wimbledon Park,2642,1774,2831,3209,3230,3324,3082,2874,1958,2785,3407,3239,3286,2821,2398,1745,2855,3025,3173,3215,2862,2635,1481,2859,3081,3192,3278,3013,2752,1748,2800,3198,3100,3443,2962,2515,1751,2660,2902,2939,2919,2701,2430,1982,2562,2736,2915,3130,2187,1820,1376,1436,2875,3048,3261,2970,2968,1689,2853,3257,3193,2627,1929,2865,3208,3196,3285,2980,2824,2006,2794,3430,3187,3232,2738,2475,1840,2874,3042,3124,3162,2786,2451,1612,2888,3108,3181,3309,2937,2770,1950,2827,3116,3062,3413,2754,2520,1822,2599,2865,2917,2908,2594,2356,2036,2494,2775,2886,2934,2042,1850,1396,1571,2889,3048,3242,2902,2893,1884,2872,3223,3138
281,Not Accessible,London Underground,2021-11-29,POINT Z (531014.9221 190428.396500001 0),Piccadilly,940GZZLUWOG,"tube, bus",Yes,Wood Green,11446,8408,12595,13491,13512,13731,14195,17265,12505,12673,13317,13468,13841,13626,12586,8920,12602,13904,13710,13278,13569,12898,6488,12043,13359,13676,13835,13763,12023,8909,12537,13366,13450,13504,13694,11472,8579,12491,13237,13283,13825,14402,11810,8404,11976,12670,13260,13001,10020,10071,6829,7787,12770,12911,13453,14943,13844,9068,12542,13606,13828,11335,8290,12519,13211,13087,13365,14234,18428,13077,12653,13043,13032,13548,13185,12387,8863,12329,13422,13390,13568,13656,12631,6822,12266,13013,13111,13200,13579,11743,8704,12557,12846,13065,13119,13392,11019,8397,12209,13213,13050,13823,14625,11321,8366,11771,12359,12765,13241,9483,9868,6577,7669,12431,12953,13184,14821,13393,10219,12375,13302,13663
241,Fully Accessible,London Underground,2021-11-29,POINT Z (523373.9519 180519.177100001 0),"Hammersmith & City, Circle",940GZZLUWLA,tube,No,Wood Lane,7317,4003,7133,7758,8059,8134,7094,6275,4121,6962,7675,8284,8543,7551,7662,4169,9511,7625,7997,8286,6841,6022,4474,7200,7392,7740,8956,6940,6576,3794,6689,7449,7765,7691,6922,7406,5942,7320,7624,7842,7628,6605,7001,4266,6998,7620,7756,7271,5503,5512,3102,5739,6702,7231,7708,7157,7907,3999,7904,7884,7625,8340,4361,7568,8509,8259,8611,7214,6719,4396,7453,7970,8625,8839,7683,8234,4635,7497,8197,8316,8344,6989,6507,4714,7587,7906,8094,9004,7365,7001,3968,7348,7849,8211,8125,7196,7850,5519,7460,7893,8274,8106,6583,7232,4629,7267,8208,8071,7462,5822,5845,3355,6155,7084,7789,8132,7637,8518,4291,7946,8182,7872
17,Not Accessible,London Overground,2023-05-23,POINT Z (538507.655 189432.6556 0),,,,,Wood Street,2758,1273,2872,3495,3373,3552,3156,2700,1893,2971,3437,3481,3555,3307,2887,1744,3017,3426,3386,3709,3355,2553,1643,3106,3451,3506,3841,3428,2762,1870,2786,3294,3376,3442,3132,2772,1798,2800,3254,3094,3238,2799,2700,1336,2560,3098,3049,3083,1952,2179,1326,1473,3132,3536,3657,3238,2625,1946,3104,3603,3588,2633,1522,2885,3327,3333,3397,2957,2518,1838,2905,3386,3469,3567,3087,2601,1773,3114,3410,3272,3511,3121,2233,1670,2972,3322,3302,3643,3217,2413,1883,2767,3169,3100,3193,2880,2437,1804,2736,3086,3076,2983,2543,2496,1534,2555,2995,2985,2871,1796,1949,1438,1525,3049,3333,3517,3043,2478,1865,3005,3552,3249
122,Fully Accessible,London Underground,2021-11-29,POINT Z (540949.981 191740.0184 0),Central,940GZZLUWOF,"tube, bus",Yes,Woodford,5854,3701,6735,7366,7667,7926,7207,6207,3989,7108,7741,7670,7924,7216,0,0,6671,7577,7604,7932,7297,5583,3682,6885,7734,7696,7919,7321,6271,4012,6415,7481,7472,7782,7232,6281,3746,6445,7270,7113,7162,7081,5668,3732,6301,6860,7073,7085,5225,5555,3259,3585,6966,7451,7943,6989,6297,4806,6838,7842,7718,5544,3723,6510,7421,7530,7778,6955,6002,3913,7031,7609,7574,7715,6987,0,0,5639,7392,7438,7624,6982,5366,3618,6670,7596,7406,7830,7176,5939,3942,6164,7410,7264,7588,6977,5963,3912,6220,7046,7063,7012,6734,5264,3717,6139,6712,6954,6785,4990,5270,3274,3480,6753,7227,7548,6745,6006,4472,6681,7449,7601
19,Not Accessible,London Overground,2023-05-23,POINT Z (541856.5753 185349.448000001 0),,,,,Woodgrange Park,1179,152,1487,1588,1603,1483,1588,1225,871,1494,1605,1499,1531,1543,1286,804,1493,1585,1626,1612,1401,1289,863,1497,1607,1560,1595,1534,1195,906,1347,1570,1585,1585,1610,1322,923,1370,1407,1409,1420,1497,1301,797,1292,1307,1309,1393,1136,1162,653,894,1562,1520,1521,1561,1239,870,1601,1572,1560,1013,365,1280,1366,1416,1211,1349,1007,828,1335,1368,1320,1383,1362,1102,818,1342,1448,1424,1426,1086,1112,966,1376,1424,1396,1452,1393,1042,882,1183,1417,1432,1438,1419,1134,807,1207,1235,1165,1231,1274,1071,705,1157,1123,1115,1205,931,927,675,779,1335,1338,1331,1326,1076,828,1398,1366,1341
486,Fully Accessible,London Underground,2021-11-29,POINT Z (525718.4454 192588.1262 0),Northern,940GZZLUWOP,"tube, bus",No,Woodside Park,3210,2129,3879,4486,4603,4619,4049,3407,2299,3954,4573,3958,4435,4057,3196,2109,3964,4553,4463,4666,3959,3178,1950,4151,4566,4448,4455,3946,3101,2349,3930,4565,4241,4385,3622,3083,2290,3588,4123,3925,3969,3516,3013,2010,3302,3715,3815,3849,2541,2741,1807,1765,4049,4262,4512,3935,3285,2446,4103,4325,4630,2610,1828,3443,3956,3950,3910,3457,2830,1983,3404,3783,3658,3808,3528,2691,1787,3389,3975,3915,3952,3275,2649,1783,3574,3978,3806,3807,3337,2592,2067,3373,3974,3701,3649,3358,2570,2026,3053,3465,3122,3268,2971,2566,1702,2814,3224,3223,3157,2045,2173,1485,1620,3501,3711,3953,3386,2689,2032,3522,3653,4010
498,Fully Accessible,DLR,2021-09-23,POINT Z (543730.8839 178811.001 0),,,,,Woolwich Arsenal,1793,1004,8563,8859,8692,9079,8996,6751,9858,8811,8797,8553,8535,8530,7071,4915,8384,8774,8685,8930,8910,6581,4493,8077,8941,8762,8740,8753,1942,1059,8530,8633,8666,8911,8911,7449,5105,8306,8602,8242,9011,8629,7320,5114,7966,8016,9116,8517,6362,6494,4522,4971,8501,8012,8319,8456,6947,7940,8007,8435,8601,1838,1000,8643,8855,8766,9156,8838,6940,7281,8737,8888,8455,8660,8703,6956,5162,8551,8820,8780,9071,8932,6873,4830,8089,8856,8863,8985,8941,2036,1133,8582,8627,8906,9113,8844,7744,5408,8142,8736,8491,8977,8762,7520,5518,8061,8210,8653,8552,6302,6379,5103,5223,8466,8484,8673,8836,7127,7722,8074,8751,9089
407,Fully Accessible,TfL Rail,2022-05-26,POINT Z (543951.5249 179004.5274 0),Elizabeth Line,,,,Woolwich EL,19176,13892,18978,21182,20814,21530,20058,18334,5878,18879,20647,21007,21276,20037,16661,11582,18901,20977,21110,21515,19687,17096,11830,20055,21135,21225,21781,20768,21595,15867,19662,21311,21569,22318,20293,18062,12806,19119,21595,21014,22211,20507,18665,12829,18671,20295,20110,20880,15226,14657,11395,11242,19041,20221,21143,19875,17607,14650,19438,21328,21862,17617,13528,18881,21141,20633,21073,19061,17336,8729,18686,20528,20788,20765,18838,15432,11363,18638,20712,20899,20765,18836,15785,11695,19481,20908,21158,21132,19632,19546,15010,18647,21146,21237,21480,19191,16733,12205,18901,20855,20680,20935,19213,17387,12227,18456,19904,20550,19558,13618,13805,10647,11411,19194,19722,20920,19152,16552,14144,19297,21130,21482
