{
"type": "FeatureCollection",
"name": "TfL_Rail_Stations",
"crs": { "type": "name", "properties": { "name": "urn:ogc:def:crs:EPSG::27700" } },
"features": [
{ "type": "Feature", "properties": { "OBJECTID": 337, "NAME": "Phipps Bridge", "ACCESSIBIL": "Fully Accessible", "NETWORK": "Tramlink", "DATASET_LA": "2021-09-23T00:00:00", "FULL_NAME": "Phipps Bridge station", "LINES": null, "ATCOCODE": null, "MODES": null, "NIGHT_TUBE": null }, "geometry": { "type": "Point", "coordinates": [ 526528.989799999981187, 168725.173, -45.520499999998698 ] } },
{ "type": "Feature", "properties": { "OBJECTID": 338, "NAME": "Mitcham", "ACCESSIBIL": "Fully Accessible", "NETWORK": "Tramlink", "DATASET_LA": "2021-09-23T00:00:00", "FULL_NAME": "Mitcham station", "LINES": null, "ATCOCODE": null, "MODES": null, "NIGHT_TUBE": null }, "geometry": { "type": "Point", "coordinates": [ 527330.891399999964051, 168085.5403, -45.5023999999976 ] } },
{ "type": "Feature", "properties": { "OBJECTID": 339, "NAME": "Mitcham Junction (Tramlink)", "ACCESSIBIL": "Fully Accessible", "NETWORK": "Tramlink", "DATASET_LA": "2021-09-23T00:00:00", "FULL_NAME": "Mitcham Junction (Tramlink) station", "LINES": null, "ATCOCODE": null, "MODES": null, "NIGHT_TUBE": null }, "geometry": { "type": "Point", "coordinates": [ 528300.348, 167568.189200001012068, -45.4814000000042 ] } },
{ "type": "Feature", "properties": { "OBJECTID": 347, "NAME": "Dundonald Road", "ACCESSIBIL": "Fully Accessible", "NETWORK": "Tramlink", "DATASET_LA": "2021-09-23T00:00:00", "FULL_NAME": "Dundonald Road station", "LINES": null, "ATCOCODE": null, "MODES": null, "NIGHT_TUBE": null }, "geometry": { "type": "Point", "coordinates": [ 524727.699099999968894, 170255.823799998994218, -45.5647999999928 ] } },
{ "type": "Feature", "properties": { "OBJECTID": 348, "NAME": "Merton Park", "ACCESSIBIL": "Fully Accessible", "NETWORK": "Tramlink", "DATASET_LA": "2021-09-23T00:00:00", "FULL_NAME": "Merton Park station", "LINES": null, "ATCOCODE": null, "MODES": null, "NIGHT_TUBE": null }, "geometry": { "type": "Point", "coordinates": [ 525179.3724, 169835.2169, -45.5528000000049 ] } },
{ "type": "Feature", "properties": { "OBJECTID": 349, "NAME": "Morden Road", "ACCESSIBIL": "Fully Accessible", "NETWORK": "Tramlink", "DATASET_LA": "2021-09-23T00:00:00", "FULL_NAME": "Morden Road station", "LINES": null, "ATCOCODE": null, "MODES": null, "NIGHT_TUBE": null }, "geometry": { "type": "Point", "coordinates": [ 525779.014199999975972, 169309.243500000011409, -45.538000000000501 ] } },
{ "type": "Feature", "properties": { "OBJECTID": 350, "NAME": "Beddington Lane", "ACCESSIBIL": "Fully Accessible", "NETWORK": "Tramlink", "DATASET_LA": "2021-09-23T00:00:00", "FULL_NAME": "Beddington Lane station", "LINES": null, "ATCOCODE": null, "MODES": null, "NIGHT_TUBE": null }, "geometry": { "type": "Point", "coordinates": [ 529316.18480000004638, 167235.538299999985611, -45.461299999995397 ] } },
{ "type": "Feature", "properties": { "OBJECTID": 351, "NAME": "Therapia Lane", "ACCESSIBIL": "Fully Accessible", "NETWORK": "Tramlink", "DATASET_LA": "2021-09-23T00:00:00", "FULL_NAME": "Therapia Lane station", "LINES": null, "ATCOCODE": null, "MODES": null, "NIGHT_TUBE": null }, "geometry": { "type": "Point", "coordinates": [ 530283.1067, 166842.137499998993007, -45.4424 ] } },
{ "type": "Feature", "properties": { "OBJECTID": 352, "NAME": "Ampere Way", "ACCESSIBIL": "Fully Accessible", "NETWORK": "Tramlink", "DATASET_LA": "2021-09-23T00:00:00", "FULL_NAME": "Ampere Way station", "LINES": null, "ATCOCODE": null, "MODES": null, "NIGHT_TUBE": null }, "geometry": { "type": "Point", "coordinates": [ 530664.198800000012852, 166484.574400000012247, -45.433699999994097 ] } },
{ "type": "Feature", "properties": { "OBJECTID": 353, "NAME": "Wandle Park", "ACCESSIBIL": "Fully Accessible", "NETWORK": "Tramlink", "DATASET_LA": "2021-09-23T00:00:00", "FULL_NAME": "Wandle Park station", "LINES": null, "ATCOCODE": null, "MODES": null, "NIGHT_TUBE": null }, "geometry": { "type": "Point", "coordinates": [ 531413.5085, 165511.9375, -45.415900000007198 ] } },
{ "type": "Feature", "properties": { "OBJECTID": 354, "NAME": "Reeves Corner", "ACCESSIBIL": "Fully Accessible", "NETWORK": "Tramlink", "DATASET_LA": "2021-09-23T00:00:00", "FULL_NAME": "Reeves Corner station", "LINES": null, "ATCOCODE": null, "MODES": null, "NIGHT_TUBE": null }, "geometry": { "type": "Point", "coordinates": [ 531902.535200000042096, 165671.917500000010477, -45.409599999999003 ] } },
{ "type": "Feature", "properties": { "OBJECTID": 355, "NAME": "Centrale", "ACCESSIBIL": "Fully Accessible", "NETWORK": "Tramlink", "DATASET_LA": "2021-09-23T00:00:00", "FULL_NAME": "Centrale station", "LINES": null, "ATCOCODE": null, "MODES": null, "NIGHT_TUBE": null }, "geometry": { "type": "Point", "coordinates": [ 532066.1779, 165786.4583, -45.407800000000897 ] } },
{ "type": "Feature", "properties": { "OBJECTID": 356, "NAME": "West Croydon (Tramlink)", "ACCESSIBIL": "Fully Accessible", "NETWORK": "Tramlink", "DATASET_LA": "2021-09-23T00:00:00", "FULL_NAME": "West Croydon (Tramlink) station", "LINES": null, "ATCOCODE": null, "MODES": null, "NIGHT_TUBE": null }, "geometry": { "type": "Point", "coordinates": [ 532210.18480000004638, 166141.78959999998915, -45.408100000000601 ] } },
{ "type": "Feature", "properties": { "OBJECTID": 443, "NAME": "Wellesley Road", "ACCESSIBIL": "Fully Accessible", "NETWORK": "Tramlink", "DATASET_LA": "2021-09-23T00:00:00", "FULL_NAME": "Wellesley Road station", "LINES": null, "ATCOCODE": null, "MODES": null, "NIGHT_TUBE": null }, "geometry": { "type": "Point", "coordinates": [ 532506.4937, 165769.387499998993007, -45.401899999997099 ] } },
{ "type": "Feature", "properties": { "OBJECTID": 444, "NAME": "Church Street", "ACCESSIBIL": "Fully Accessible", "NETWORK": "Tramlink", "DATASET_LA": "2021-09-23T00:00:00", "FULL_NAME": "Church Street station", "LINES": null, "ATCOCODE": null, "MODES": null, "NIGHT_TUBE": null }, "geometry": { "type": "Point", "coordinates": [ 532037.309499999973923, 165556.572699999000179, -45.407099999996703 ] } },
{ "type": "Feature", "properties": { "OBJECTID": 445, "NAME": "George Street", "ACCESSIBIL": "Fully Accessible", "NETWORK": "Tramlink", "DATASET_LA": "2021-09-23T00:00:00", "FULL_NAME": "George Street station", "LINES": null, "ATCOCODE": null, "MODES": null, "NIGHT_TUBE": null }, "geometry": { "type": "Point", "coordinates": [ 532408.143399999942631, 165586.881400000012945, -45.402199999996803 ] } },
{ "type": "Feature", "properties": { "OBJECTID": 446, "NAME": "Lebanon Road", "ACCESSIBIL": "Fully Accessible", "NETWORK": "Tramlink", "DATASET_LA": "2021-09-23T00:00:00", "FULL_NAME": "Lebanon Road station", "LINES": null, "ATCOCODE": null, "MODES": null, "NIGHT_TUBE": null }, "geometry": { "type": "Point", "coordinates": [ 533348.1753, 165756.157500000990694, -45.390799999993803 ] } },
{ "type": "Feature", "properties": { "OBJECTID": 447, "NAME": "Sandilands", "ACCESSIBIL": "Fully Accessible", "NETWORK": "Tramlink", "DATASET_LA": "2021-09-23T00:00:00", "FULL_NAME": "Sandilands station", "LINES": null, "ATCOCODE": null, "MODES": null, "NIGHT_TUBE": null }, "geometry": { "type": "Point", "coordinates": [ 533889.770099999965169, 165740.5582, -45.383799999996 ] } },
{ "type": "Feature", "properties": { "OBJECTID": 448, "NAME": "Lloyd Park", "ACCESSIBIL": "Fully Accessible", "NETWORK": "Tramlink", "DATASET_LA": "2021-09-23T00:00:00", "FULL_NAME": "Lloyd Park station", "LINES": null, "ATCOCODE": null, "MODES": null, "NIGHT_TUBE": null }, "geometry": { "type": "Point", "coordinates": [ 533714.864300000015646, 164540.532700000010664, -45.380499999999302 ] } },
{ "type": "Feature", "properties": { "OBJECTID": 449, "NAME": "Coombe Lane", "ACCESSIBIL": "Fully Accessible", "NETWORK": "Tramlink", "DATASET_LA": "2021-09-23T00:00:00", "FULL_NAME": "Coombe Lane station", "LINES": null, "ATCOCODE": null, "MODES": null, "NIGHT_TUBE": null }, "geometry": { "type": "Point", "coordinates": [ 535159.37, 164089.8519, -45.360799999994903 ] } },
{ "type": "Feature", "properties": { "OBJECTID": 450, "NAME": "Gravel Hill", "ACCESSIBIL": "Fully Accessible", "NETWORK": "Tramlink", "DATASET_LA": "2021-09-23T00:00:00", "FULL_NAME": "Gravel Hill station", "LINES": null, "ATCOCODE": null, "MODES": null, "NIGHT_TUBE": null }, "geometry": { "type": "Point", "coordinates": [ 536373.441400000010617, 163536.805, -45.342000000004198 ] } },
{ "type": "Feature", "properties": { "OBJECTID": 451, "NAME": "Addington Village", "ACCESSIBIL": "Fully Accessible", "NETWORK": "Tramlink", "DATASET_LA": "2021-09-23T00:00:00", "FULL_NAME": "Addington Village station", "LINES": null, "ATCOCODE": null, "MODES": null, "NIGHT_TUBE": null }, "geometry": { "type": "Point", "coordinates": [ 537065.976200000033714, 163743.6538, -45.332899999993998 ] } },
{ "type": "Feature", "properties": { "OBJECTID": 452, "NAME": "New Addington", "ACCESSIBIL": "Fully Accessible", "NETWORK": "Tramlink", "DATASET_LA": "2021-09-23T00:00:00", "FULL_NAME": "New Addington station", "LINES": null, "ATCOCODE": null, "MODES": null, "NIGHT_TUBE": null }, "geometry": { "type": "Point", "coordinates": [ 538198.0, 162243.929899999988265, -45.313699999998803 ] } },
{ "type": "Feature", "properties": { "OBJECTID": 453, "NAME": "Fieldway", "ACCESSIBIL": "Fully Accessible", "NETWORK": "Tramlink", "DATASET_LA": "2021-09-23T00:00:00", "FULL_NAME": "Fieldway station", "LINES": null, "ATCOCODE": null, "MODES": null, "NIGHT_TUBE": null }, "geometry": { "type": "Point", "coordinates": [ 537683.571899999980815, 163172.85040000101435, -45.323199999998899 ] } },
{ "type": "Feature", "properties": { "OBJECTID": 454, "NAME": "Addiscombe", "ACCESSIBIL": "Fully Accessible", "NETWORK": "Tramlink", "DATASET_LA": "2021-09-23T00:00:00", "FULL_NAME": "Addiscombe station", "LINES": null, "ATCOCODE": null, "MODES": null, "NIGHT_TUBE": null }, "geometry": { "type": "Point", "coordinates": [ 534188.4362, 166296.607500000012806, -45.382599999997197 ] } },
{ "type": "Feature", "properties": { "OBJECTID": 455, "NAME": "Blackhorse Lane", "ACCESSIBIL": "Fully Accessible", "NETWORK": "Tramlink", "DATASET_LA": "2021-09-23T00:00:00", "FULL_NAME": "Blackhorse Lane station", "LINES": null, "ATCOCODE": null, "MODES": null, "NIGHT_TUBE": null }, "geometry": { "type": "Point", "coordinates": [ 534376.90769999998156, 166865.037099999986822, -45.382599999997197 ] } },
{ "type": "Feature", "properties": { "OBJECTID": 456, "NAME": "Woodside", "ACCESSIBIL": "Fully Accessible", "NETWORK": "Tramlink", "DATASET_LA": "2021-09-23T00:00:00", "FULL_NAME": "Woodside station", "LINES": null, "ATCOCODE": null, "MODES": null, "NIGHT_TUBE": null }, "geometry": { "type": "Point", "coordinates": [ 534700.525200000032783, 167101.352600001002429, -45.378800000005903 ] } },
{ "type": "Feature", "properties": { "OBJECTID": 457, "NAME": "Arena", "ACCESSIBIL": "Fully Accessible", "NETWORK": "Tramlink", "DATASET_LA": "2021-09-23T00:00:00", "FULL_NAME": "Arena station", "LINES": null, "ATCOCODE": null, "MODES": null, "NIGHT_TUBE": null }, "geometry": { "type": "Point", "coordinates": [ 535193.87210000003688, 167626.604400000011083, -45.373500000001499 ] } },
{ "type": "Feature", "properties": { "OBJECTID": 458, "NAME": "Elmers End (Tramlink)", "ACCESSIBIL": "Fully Accessible", "NETWORK": "Tramlink", "DATASET_LA": "2021-09-23T00:00:00", "FULL_NAME": "Elmers End (Tramlink) station", "LINES": null, "ATCOCODE": null, "MODES": null, "NIGHT_TUBE": null }, "geometry": { "type": "Point", "coordinates": [ 535779.12, 168391.399900001008064, -45.369399999995899 ] } },
{ "type": "Feature", "properties": { "OBJECTID": 459, "NAME": "Birkbeck (Tramlink)", "ACCESSIBIL": "Fully Accessible", "NETWORK": "Tramlink", "DATASET_LA": "2021-09-23T00:00:00", "FULL_NAME": "Birkbeck (Tramlink) station", "LINES": null, "ATCOCODE": null, "MODES": null, "NIGHT_TUBE": null }, "geometry": { "type": "Point", "coordinates": [ 535304.531100000021979, 168963.199400000012247, -45.381599999993298 ] } },
{ "type": "Feature", "properties": { "OBJECTID": 460, "NAME": "Avenue Road", "ACCESSIBIL": "Fully Accessible", "NETWORK": "Tramlink", "DATASET_LA": "2021-09-23T00:00:00", "FULL_NAME": "Avenue Road station", "LINES": null, "ATCOCODE": null, "MODES": null, "NIGHT_TUBE": null }, "geometry": { "type": "Point", "coordinates": [ 535744.692999999970198, 169321.692199999000877, -45.376600000003201 ] } },
{ "type": "Feature", "properties": { "OBJECTID": 461, "NAME": "Beckenham Road", "ACCESSIBIL": "Fully Accessible", "NETWORK": "Tramlink", "DATASET_LA": "2021-09-23T00:00:00", "FULL_NAME": "Beckenham Road station", "LINES": null, "ATCOCODE": null, "MODES": null, "NIGHT_TUBE": null }, "geometry": { "type": "Point", "coordinates": [ 536189.685999999986961, 169660.326400001009461, -45.371499999993802 ] } },
{ "type": "Feature", "properties": { "OBJECTID": 462, "NAME": "Beckenham Junction (Tramlink)", "ACCESSIBIL": "Fully Accessible", "NETWORK": "Tramlink", "DATASET_LA": "2021-09-23T00:00:00", "FULL_NAME": "Beckenham Junction (Tramlink) station", "LINES": null, "ATCOCODE": null, "MODES": null, "NIGHT_TUBE": null }, "geometry": { "type": "Point", "coordinates": [ 537364.75, 169842.699899998988258, -45.354500000001302 ] } },
{ "type": "Feature", "properties": { "OBJECTID": 488, "NAME": "Belgrave Walk", "ACCESSIBIL": "Fully Accessible", "NETWORK": "Tramlink", "DATASET_LA": "2021-09-23T00:00:00", "FULL_NAME": "Belgrave Walk station", "LINES": null, "ATCOCODE": null, "MODES": null, "NIGHT_TUBE": null }, "geometry": { "type": "Point", "coordinates": [ 526809.161500000045635, 168455.700999999011401, -45.5139000000054 ] } },
{ "type": "Feature", "properties": { "OBJECTID": 491, "NAME": "Wimbledon (Tramlink)", "ACCESSIBIL": "Fully Accessible", "NETWORK": "Tramlink", "DATASET_LA": "2021-09-23T00:00:00", "FULL_NAME": "Wimbledon (Tramlink) station", "LINES": null, "ATCOCODE": null, "MODES": null, "NIGHT_TUBE": null }, "geometry": { "type": "Point", "coordinates": [ 524838.060000000055879, 170637.1699, -45.566800000000498 ] } },
{ "type": "Feature", "properties": { "OBJECTID": 492, "NAME": "Waddon Marsh", "ACCESSIBIL": "Fully Accessible", "NETWORK": "Tramlink", "DATASET_LA": "2021-09-23T00:00:00", "FULL_NAME": "Waddon Marsh station", "LINES": null, "ATCOCODE": null, "MODES": null, "NIGHT_TUBE": null }, "geometry": { "type": "Point", "coordinates": [ 531089.626000000047497, 165897.4362, -45.422999999995199 ] } },
{ "type": "Feature", "properties": { "OBJECTID": 493, "NAME": "East Croydon (Tramlink)", "ACCESSIBIL": "Fully Accessible", "NETWORK": "Tramlink", "DATASET_LA": "2021-09-23T00:00:00", "FULL_NAME": "East Croydon (Tramlink) station", "LINES": null, "ATCOCODE": null, "MODES": null, "NIGHT_TUBE": null }, "geometry": { "type": "Point", "coordinates": [ 532850.63890000001993, 165702.399900001008064, -45.396999999997199 ] } },
{ "type": "Feature", "properties": { "OBJECTID": 494, "NAME": "King Henry's Drive", "ACCESSIBIL": "Fully Accessible", "NETWORK": "Tramlink", "DATASET_LA": "2021-09-23T00:00:00", "FULL_NAME": "King Henry's Drive station", "LINES": null, "ATCOCODE": null, "MODES": null, "NIGHT_TUBE": null }, "geometry": { "type": "Point", "coordinates": [ 537977.074999999953434, 162559.9449, -45.317500000004699 ] } },
{ "type": "Feature", "properties": { "OBJECTID": 495, "NAME": "Harrington Road", "ACCESSIBIL": "Fully Accessible", "NETWORK": "Tramlink", "DATASET_LA": "2021-09-23T00:00:00", "FULL_NAME": "Harrington Road station", "LINES": null, "ATCOCODE": null, "MODES": null, "NIGHT_TUBE": null }, "geometry": { "type": "Point", "coordinates": [ 535016.606900000013411, 168522.4529, -45.382700000001897 ] } },
{ "type": "Feature", "properties": { "OBJECTID": 111, "NAME": "St. Paul's", "ACCESSIBIL": "Not Accessible", "NETWORK": "London Underground", "DATASET_LA": "2021-11-29T00:00:00", "FULL_NAME": "St. Paul's station", "LINES": "Central", "ATCOCODE": "940GZZLUSPU", "MODES": "bus, tube", "NIGHT_TUBE": "Yes" }, "geometry": { "type": "Point", "coordinates": [ 532108.351200000033714, 181274.18849999998929, 0.0 ] } },
{ "type": "Feature", "properties": { "OBJECTID": 112, "NAME": "Mile End", "ACCESSIBIL": "Partially Accessible - Interchange Only", "NETWORK": "London Underground", "DATASET_LA": "2021-11-29T00:00:00", "FULL_NAME": "Mile End station", "LINES": "District, Hammersmith & City, Central", "ATCOCODE": "940GZZLUMED", "MODES": "bus, tube", "NIGHT_TUBE": "Yes" }, "geometry": { "type": "Point", "coordinates": [ 536500.7831, 182534.493500000011409, 0.0 ] } },
{ "type": "Feature", "properties": { "OBJECTID": 113, "NAME": "Bethnal Green", "ACCESSIBIL": "Not Accessible", "NETWORK": "London Underground", "DATASET_LA": "2021-11-29T00:00:00", "FULL_NAME": "Bethnal Green station", "LINES": "Central", "ATCOCODE": "940GZZLUBLG", "MODES": "bus, tube", "NIGHT_TUBE": "Yes" }, "geometry": { "type": "Point", "coordinates": [ 535043.541699999943376, 182718.410700000997167, 0.0 ] } },
{ "type": "Feature", "properties": { "OBJECTID": 114, "NAME": "Leyton", "ACCESSIBIL": "Not Accessible", "NETWORK": "London Underground", "DATASET_LA": "2021-11-29T00:00:00", "FULL_NAME": "Leyton station", "LINES": "Central", "ATCOCODE": "940GZZLULYN", "MODES": "bus, tube", "NIGHT_TUBE": "Yes" }, "geometry": { "type": "Point", "coordinates": [ 538367.437400000053458, 186075.853599999012658, 0.0 ] } },
{ "type": "Feature", "properties": { "OBJECTID": 115, "NAME": "Snaresbrook", "ACCESSIBIL": "Not Accessible", "NETWORK": "London Underground", "DATASET_LA": "2021-11-29T00:00:00", "FULL_NAME": "Snaresbrook station", "LINES": "Central", "ATCOCODE": "940GZZLUSNB", "MODES": "bus, tube", "NIGHT_TUBE": "Yes" }, "geometry": { "type": "Point", "coordinates": [ 540156.771300000022165, 188804.041300001001218, 0.0 ] } },
{ "type": "Feature", "properties": { "OBJECTID": 116, "NAME": "Leytonstone", "ACCESSIBIL": "Not Accessible", "NETWORK": "London Underground", "DATASET_LA": "2021-11-29T00:00:00", "FULL_NAME": "Leytonstone station", "LINES": "Central", "ATCOCODE": "940GZZLULYS", "MODES": "bus, tube", "NIGHT_TUBE": "Yes" }, "geometry": { "type": "Point", "coordinates": [ 539279.276300000026822, 187404.735400000994559, 0.0 ] } },
{ "type": "Feature", "properties": { "OBJECTID": 117, "NAME": "Wanstead", "ACCESSIBIL": "Not Accessible", "NETWORK": "London Underground", "DATASET_LA": "2021-11-29T00:00:00", "FULL_NAME": "Wanstead station", "LINES": "Central", "ATCOCODE": "940GZZLUWSD", "MODES": "bus, tube", "NIGHT_TUBE": "Yes" }, "geometry": { "type": "Point", "coordinates": [ 540673.152600000030361, 188253.507300000987016, 0.0 ] } },
{ "type": "Feature", "properties": { "OBJECTID": 118, "NAME": "South Woodford", "ACCESSIBIL": "Partially Accessible", "NETWORK": "London Underground", "DATASET_LA": "2021-11-29T00:00:00", "FULL_NAME": "South Woodford station", "LINES": "Central", "ATCOCODE": "940GZZLUSWF", "MODES": "bus, tube", "NIGHT_TUBE": "Yes" }, "geometry": { "type": "Point", "coordinates": [ 540535.736200000043027, 190062.669600001012441, 0.0 ] } },
{ "type": "Feature", "properties": { "OBJECTID": 119, "NAME": "Newbury Park", "ACCESSIBIL": "Not Accessible", "NETWORK": "London Underground", "DATASET_LA": "2021-11-29T00:00:00", "FULL_NAME": "Newbury Park station", "LINES": "Central", "ATCOCODE": "940GZZLUNBP", "MODES": "tube, bus", "NIGHT_TUBE": "Yes" }, "geometry": { "type": "Point", "coordinates": [ 544920.292099999962375, 188384.718599999003345, 0.0 ] } },
{ "type": "Feature", "properties": { "OBJECTID": 120, "NAME": "Barkingside", "ACCESSIBIL": "Partially Accessible", "NETWORK": "London Underground", "DATASET_LA": "2021-11-29T00:00:00", "FULL_NAME": "Barkingside station", "LINES": "Central", "ATCOCODE": "940GZZLUBKE", "MODES": "tube, bus", "NIGHT_TUBE": "Yes" }, "geometry": { "type": "Point", "coordinates": [ 544798.755699999979697, 189493.9487, 0.0 ] } },
{ "type": "Feature", "properties": { "OBJECTID": 121, "NAME": "Fairlop", "ACCESSIBIL": "Not Accessible", "NETWORK": "London Underground", "DATASET_LA": "2021-11-29T00:00:00", "FULL_NAME": "Fairlop station", "LINES": "Central", "ATCOCODE": "940GZZLUFLP", "MODES": "tube", "NIGHT_TUBE": "Yes" }, "geometry": { "type": "Point", "coordinates": [ 544935.597900000051595, 190594.5734, 0.0 ] } },
{ "type": "Feature", "properties": { "OBJECTID": 122, "NAME": "Woodford", "ACCESSIBIL": "Fully Accessible", "NETWORK": "London Underground", "DATASET_LA": "2021-11-29T00:00:00", "FULL_NAME": "Woodford station", "LINES": "Central", "ATCOCODE": "940GZZLUWOF", "MODES": "tube, bus", "NIGHT_TUBE": "Yes" }, "geometry": { "type": "Point", "coordinates": [ 540949.981000000028871, 191740.0184, 0.0 ] } },
{ "type": "Feature", "properties": { "OBJECTID": 123, "NAME": "Roding Valley", "ACCESSIBIL": "Fully Accessible", "NETWORK": "London Underground", "DATASET_LA": "2021-11-29T00:00:00", "FULL_NAME": "Roding Valley station", "LINES": "Central", "ATCOCODE": "940GZZLURVY", "MODES": "tube", "NIGHT_TUBE": "No" }, "geometry": { "type": "Point", "coordinates": [ 541589.703100000042468, 192894.9639, 0.0 ] } },
{ "type": "Feature", "properties": { "OBJECTID": 124, "NAME": "Chigwell", "ACCESSIBIL": "Not Accessible", "NETWORK": "London Underground", "DATASET_LA": "2021-11-29T00:00:00", "FULL_NAME": "Chigwell station", "LINES": "Central", "ATCOCODE": "940GZZLUCWL", "MODES": "bus, tube", "NIGHT_TUBE": "No" }, "geometry": { "type": "Point", "coordinates": [ 543795.200900000054389, 193021.03900000100839, 0.0 ] } },
{ "type": "Feature", "properties": { "OBJECTID": 125, "NAME": "Paddington", "ACCESSIBIL": "Partially Accessible", "NETWORK": "London Underground", "DATASET_LA": "2021-11-29T00:00:00", "FULL_NAME": "Paddington station", "LINES": "Hammersmith & City, District, Circle, Bakerloo", "ATCOCODE": "940GZZLUPAC", "MODES": "tube", "NIGHT_TUBE": "No" }, "geometry": { "type": "Point", "coordinates": [ 526659.209799999953248, 181314.446900000999449, 0.0 ] } },
{ "type": "Feature", "properties": { "OBJECTID": 126, "NAME": "Plaistow", "ACCESSIBIL": "Not Accessible", "NETWORK": "London Underground", "DATASET_LA": "2021-11-29T00:00:00", "FULL_NAME": "Plaistow station", "LINES": "District, Hammersmith & City", "ATCOCODE": "940GZZLUPLW", "MODES": "tube, bus", "NIGHT_TUBE": "No" }, "geometry": { "type": "Point", "coordinates": [ 540003.24620000005234, 183297.1438, 0.0 ] } },
{ "type": "Feature", "properties": { "OBJECTID": 127, "NAME": "Upton Park", "ACCESSIBIL": "Not Accessible", "NETWORK": "London Underground", "DATASET_LA": "2021-11-29T00:00:00", "FULL_NAME": "Upton Park station", "LINES": "District, Hammersmith & City", "ATCOCODE": "940GZZLUUPK", "MODES": "bus, tube", "NIGHT_TUBE": "No" }, "geometry": { "type": "Point", "coordinates": [ 541254.20609999995213, 183793.485200001014164, 0.0 ] } },
{ "type": "Feature", "properties": { "OBJECTID": 128, "NAME": "East Ham", "ACCESSIBIL": "Fully Accessible", "NETWORK": "London Underground", "DATASET_LA": "2021-11-29T00:00:00", "FULL_NAME": "East Ham station", "LINES": "District, Hammersmith & City", "ATCOCODE": "940GZZLUEHM", "MODES": "bus, tube", "NIGHT_TUBE": "No" }, "geometry": { "type": "Point", "coordinates": [ 542463.356299999984913, 184275.4352, 0.0 ] } },
{ "type": "Feature", "properties": { "OBJECTID": 129, "NAME": "Ruislip Gardens", "ACCESSIBIL": "Not Accessible", "NETWORK": "London Underground", "DATASET_LA": "2021-11-29T00:00:00", "FULL_NAME": "Ruislip Gardens station", "LINES": "Central", "ATCOCODE": "940GZZLURSG", "MODES": "tube, bus", "NIGHT_TUBE": "No" }, "geometry": { "type": "Point", "coordinates": [ 510266.397999999986496, 185851.599300000991207, 0.0 ] } },
{ "type": "Feature", "properties": { "OBJECTID": 130, "NAME": "South Ruislip", "ACCESSIBIL": "Not Accessible", "NETWORK": "London Underground", "DATASET_LA": "2021-11-29T00:00:00", "FULL_NAME": "South Ruislip station", "LINES": "Central", "ATCOCODE": "940GZZLUSRP", "MODES": "tube", "NIGHT_TUBE": "No" }, "geometry": { "type": "Point", "coordinates": [ 511097.3834, 185434.104699999006698, 0.0 ] } },
{ "type": "Feature", "properties": { "OBJECTID": 131, "NAME": "Northolt", "ACCESSIBIL": "Not Accessible", "NETWORK": "London Underground", "DATASET_LA": "2021-11-29T00:00:00", "FULL_NAME": "Northolt station", "LINES": "Central", "ATCOCODE": "940GZZLUNHT", "MODES": "tube, bus", "NIGHT_TUBE": "No" }, "geometry": { "type": "Point", "coordinates": [ 513213.331599999975879, 184523.897600000986131, 0.0 ] } },
{ "type": "Feature", "properties": { "OBJECTID": 132, "NAME": "West Ruislip", "ACCESSIBIL": "Not Accessible", "NETWORK": "London Underground", "DATASET_LA": "2021-11-29T00:00:00", "FULL_NAME": "West Ruislip station", "LINES": "Central", "ATCOCODE": "940GZZLUWRP", "MODES": "tube", "NIGHT_TUBE": "No" }, "geometry": { "type": "Point", "coordinates": [ 508378.662699999986216, 186795.997400001011556, 0.0 ] } },
{ "type": "Feature", "properties": { "OBJECTID": 133, "NAME": "Upney", "ACCESSIBIL": "Fully Accessible", "NETWORK": "London Underground", "DATASET_LA": "2021-11-29T00:00:00", "FULL_NAME": "Upney station", "LINES": "District", "ATCOCODE": "940GZZLUUPY", "MODES": "tube, bus", "NIGHT_TUBE": "No" }, "geometry": { "type": "Point", "coordinates": [ 545845.680799999972805, 184254.344900000985945, 0.0 ] } },
{ "type": "Feature", "properties": { "OBJECTID": 134, "NAME": "Brent Cross", "ACCESSIBIL": "Not Accessible", "NETWORK": "London Underground", "DATASET_LA": "2021-11-29T00:00:00", "FULL_NAME": "Brent Cross station", "LINES": "Northern", "ATCOCODE": "940GZZLUBTX", "MODES": "bus, tube", "NIGHT_TUBE": "Yes" }, "geometry": { "type": "Point", "coordinates": [ 523873.700599999981932, 187934.037000000011176, 0.0 ] } },
{ "type": "Feature", "properties": { "OBJECTID": 135, "NAME": "Colindale", "ACCESSIBIL": "Not Accessible", "NETWORK": "London Underground", "DATASET_LA": "2021-11-29T00:00:00", "FULL_NAME": "Colindale station", "LINES": "Northern", "ATCOCODE": "940GZZLUCND", "MODES": "tube, bus", "NIGHT_TUBE": "Yes" }, "geometry": { "type": "Point", "coordinates": [ 521318.6301, 189961.520300000993302, 0.0 ] } },
{ "type": "Feature", "properties": { "OBJECTID": 136, "NAME": "Burnt Oak", "ACCESSIBIL": "Not Accessible", "NETWORK": "London Underground", "DATASET_LA": "2021-11-29T00:00:00", "FULL_NAME": "Burnt Oak station", "LINES": "Northern", "ATCOCODE": "940GZZLUBTK", "MODES": "bus, tube", "NIGHT_TUBE": "Yes" }, "geometry": { "type": "Point", "coordinates": [ 520325.589199999987613, 190759.991599998989841, 0.0 ] } },
{ "type": "Feature", "properties": { "OBJECTID": 137, "NAME": "Mill Hill East", "ACCESSIBIL": "Not Accessible", "NETWORK": "London Underground", "DATASET_LA": "2021-11-29T00:00:00", "FULL_NAME": "Mill Hill East station", "LINES": "Northern", "ATCOCODE": "940GZZLUMHL", "MODES": "tube, bus", "NIGHT_TUBE": "Yes" }, "geometry": { "type": "Point", "coordinates": [ 524045.74920000002021, 191450.480699998995988, 0.0 ] } },
{ "type": "Feature", "properties": { "OBJECTID": 138, "NAME": "Golders Green", "ACCESSIBIL": "Fully Accessible", "NETWORK": "London Underground", "DATASET_LA": "2021-11-29T00:00:00", "FULL_NAME": "Golders Green station", "LINES": "Northern", "ATCOCODE": "940GZZLUGGN", "MODES": "tube, bus", "NIGHT_TUBE": "Yes" }, "geometry": { "type": "Point", "coordinates": [ 525255.092599999974482, 187480.2837, 0.0 ] } },
{ "type": "Feature", "properties": { "OBJECTID": 139, "NAME": "Finchley Central", "ACCESSIBIL": "Fully Accessible", "NETWORK": "London Underground", "DATASET_LA": "2021-11-29T00:00:00", "FULL_NAME": "Finchley Central station", "LINES": "Northern", "ATCOCODE": "940GZZLUFYC", "MODES": "tube, bus", "NIGHT_TUBE": "Yes" }, "geometry": { "type": "Point", "coordinates": [ 525278.0259, 190668.344000001001405, 0.0 ] } },
{ "type": "Feature", "properties": { "OBJECTID": 140, "NAME": "Sudbury Hill", "ACCESSIBIL": "Not Accessible", "NETWORK": "London Underground", "DATASET_LA": "2021-11-29T00:00:00", "FULL_NAME": "Sudbury Hill station", "LINES": "Piccadilly", "ATCOCODE": "940GZZLUSUH", "MODES": "tube", "NIGHT_TUBE": "No" }, "geometry": { "type": "Point", "coordinates": [ 515411.871600000013132, 185542.0623, 0.0 ] } },
{ "type": "Feature", "properties": { "OBJECTID": 141, "NAME": "Sudbury Town", "ACCESSIBIL": "Fully Accessible", "NETWORK": "London Underground", "DATASET_LA": "2021-11-29T00:00:00", "FULL_NAME": "Sudbury Town station", "LINES": "Piccadilly", "ATCOCODE": "940GZZLUSUT", "MODES": "tube, bus", "NIGHT_TUBE": "No" }, "geometry": { "type": "Point", "coordinates": [ 516874.900100000028033, 184890.215999999985797, 0.0 ] } },
{ "type": "Feature", "properties": { "OBJECTID": 142, "NAME": "South Ealing", "ACCESSIBIL": "Not Accessible", "NETWORK": "London Underground", "DATASET_LA": "2021-11-29T00:00:00", "FULL_NAME": "South Ealing station", "LINES": "Piccadilly", "ATCOCODE": "940GZZLUSEA", "MODES": "tube, bus", "NIGHT_TUBE": "Yes" }, "geometry": { "type": "Point", "coordinates": [ 517574.6349, 179353.532600000995444, 0.0 ] } },
{ "type": "Feature", "properties": { "OBJECTID": 143, "NAME": "Park Royal", "ACCESSIBIL": "Not Accessible", "NETWORK": "London Underground", "DATASET_LA": "2021-11-29T00:00:00", "FULL_NAME": "Park Royal station", "LINES": "Piccadilly", "ATCOCODE": "940GZZLUPKR", "MODES": "tube, bus", "NIGHT_TUBE": "No" }, "geometry": { "type": "Point", "coordinates": [ 519141.607499999983702, 182236.241800001007505, 0.0 ] } },
{ "type": "Feature", "properties": { "OBJECTID": 144, "NAME": "Alperton", "ACCESSIBIL": "Not Accessible", "NETWORK": "London Underground", "DATASET_LA": "2021-11-29T00:00:00", "FULL_NAME": "Alperton station", "LINES": "Piccadilly", "ATCOCODE": "940GZZLUALP", "MODES": "tube, bus", "NIGHT_TUBE": "No" }, "geometry": { "type": "Point", "coordinates": [ 517996.163999999989755, 183795.16400000100839, 0.0 ] } },
{ "type": "Feature", "properties": { "OBJECTID": 145, "NAME": "Hyde Park Corner", "ACCESSIBIL": "Not Accessible", "NETWORK": "London Underground", "DATASET_LA": "2021-11-29T00:00:00", "FULL_NAME": "Hyde Park Corner station", "LINES": "Piccadilly", "ATCOCODE": "940GZZLUHPC", "MODES": "tube, bus", "NIGHT_TUBE": "Yes" }, "geometry": { "type": "Point", "coordinates": [ 528213.238299999968149, 179816.724099999002647, 0.0 ] } },
{ "type": "Feature", "properties": { "OBJECTID": 146, "NAME": "Knightsbridge", "ACCESSIBIL": "Not Accessible", "NETWORK": "London Underground", "DATASET_LA": "2021-11-29T00:00:00", "FULL_NAME": "Knightsbridge station", "LINES": "Piccadilly", "ATCOCODE": "940GZZLUKNB", "MODES": "tube, bus", "NIGHT_TUBE": "Yes" }, "geometry": { "type": "Point", "coordinates": [ 527709.677000000025146, 179635.9859, 0.0 ] } },
{ "type": "Feature", "properties": { "OBJECTID": 147, "NAME": "Leicester Square", "ACCESSIBIL": "Not Accessible", "NETWORK": "London Underground", "DATASET_LA": "2021-11-29T00:00:00", "FULL_NAME": "Leicester Square station", "LINES": "Piccadilly, Northern", "ATCOCODE": "940GZZLULSQ", "MODES": "tube, bus", "NIGHT_TUBE": "Yes" }, "geometry": { "type": "Point", "coordinates": [ 529980.429600000032224, 180824.482000001007691, 0.0 ] } },
{ "type": "Feature", "properties": { "OBJECTID": 148, "NAME": "Covent Garden", "ACCESSIBIL": "Not Accessible", "NETWORK": "London Underground", "DATASET_LA": "2021-11-29T00:00:00", "FULL_NAME": "Covent Garden station", "LINES": "Piccadilly", "ATCOCODE": "940GZZLUCGN", "MODES": "tube", "NIGHT_TUBE": "Yes" }, "geometry": { "type": "Point", "coordinates": [ 530250.60620000003837, 181025.003399999986868, 0.0 ] } },
{ "type": "Feature", "properties": { "OBJECTID": 149, "NAME": "Russell Square", "ACCESSIBIL": "Not Accessible", "NETWORK": "London Underground", "DATASET_LA": "2021-11-29T00:00:00", "FULL_NAME": "Russell Square station", "LINES": "Piccadilly", "ATCOCODE": "940GZZLURSQ", "MODES": "tube, bus", "NIGHT_TUBE": "Yes" }, "geometry": { "type": "Point", "coordinates": [ 530229.092700000037439, 182127.723399999988033, 0.0 ] } },
{ "type": "Feature", "properties": { "OBJECTID": 150, "NAME": "Holloway Road", "ACCESSIBIL": "Not Accessible", "NETWORK": "London Underground", "DATASET_LA": "2021-11-29T00:00:00", "FULL_NAME": "Holloway Road station", "LINES": "Piccadilly", "ATCOCODE": "940GZZLUHWY", "MODES": "tube, bus", "NIGHT_TUBE": "Yes" }, "geometry": { "type": "Point", "coordinates": [ 530907.443399999989197, 185449.7238, 0.0 ] } },
{ "type": "Feature", "properties": { "OBJECTID": 151, "NAME": "Arsenal", "ACCESSIBIL": "Not Accessible", "NETWORK": "London Underground", "DATASET_LA": "2021-11-29T00:00:00", "FULL_NAME": "Arsenal station", "LINES": "Piccadilly", "ATCOCODE": "940GZZLUASL", "MODES": "tube", "NIGHT_TUBE": "Yes" }, "geometry": { "type": "Point", "coordinates": [ 531305.025299999979325, 186112.096899998985464, 0.0 ] } },
{ "type": "Feature", "properties": { "OBJECTID": 152, "NAME": "Arnos Grove", "ACCESSIBIL": "Not Accessible", "NETWORK": "London Underground", "DATASET_LA": "2021-11-29T00:00:00", "FULL_NAME": "Arnos Grove station", "LINES": "Piccadilly", "ATCOCODE": "940GZZLUASG", "MODES": "tube, bus", "NIGHT_TUBE": "Yes" }, "geometry": { "type": "Point", "coordinates": [ 529355.1742, 192497.914799999009119, 0.0 ] } },
{ "type": "Feature", "properties": { "OBJECTID": 153, "NAME": "Southgate", "ACCESSIBIL": "Not Accessible", "NETWORK": "London Underground", "DATASET_LA": "2021-11-29T00:00:00", "FULL_NAME": "Southgate station", "LINES": "Piccadilly", "ATCOCODE": "940GZZLUSGT", "MODES": "tube, bus", "NIGHT_TUBE": "Yes" }, "geometry": { "type": "Point", "coordinates": [ 529675.850300000049174, 194264.99110000001383, 0.0 ] } },
{ "type": "Feature", "properties": { "OBJECTID": 154, "NAME": "Cockfosters", "ACCESSIBIL": "Not Accessible", "NETWORK": "London Underground", "DATASET_LA": "2021-11-29T00:00:00", "FULL_NAME": "Cockfosters station", "LINES": "Piccadilly", "ATCOCODE": "940GZZLUCKS", "MODES": "bus, tube", "NIGHT_TUBE": "Yes" }, "geometry": { "type": "Point", "coordinates": [ 528140.521599999978207, 196370.205600001005223, 0.0 ] } },
{ "type": "Feature", "properties": { "OBJECTID": 155, "NAME": "Oakwood", "ACCESSIBIL": "Fully Accessible", "NETWORK": "London Underground", "DATASET_LA": "2021-11-29T00:00:00", "FULL_NAME": "Oakwood station", "LINES": "Piccadilly", "ATCOCODE": "910GENFCOAK", "MODES": "bus, national-rail, tube", "NIGHT_TUBE": "Yes" }, "geometry": { "type": "Point", "coordinates": [ 529390.305999999982305, 195935.214400000986643, 0.0 ] } },
{ "type": "Feature", "properties": { "OBJECTID": 156, "NAME": "Manor House", "ACCESSIBIL": "Not Accessible", "NETWORK": "London Underground", "DATASET_LA": "2021-11-29T00:00:00", "FULL_NAME": "Manor House station", "LINES": "Piccadilly", "ATCOCODE": "940GZZLUMRH", "MODES": "bus, tube", "NIGHT_TUBE": "Yes" }, "geometry": { "type": "Point", "coordinates": [ 532047.661300000036135, 187481.789999998989515, 0.0 ] } },
{ "type": "Feature", "properties": { "OBJECTID": 157, "NAME": "Temple", "ACCESSIBIL": "Not Accessible", "NETWORK": "London Underground", "DATASET_LA": "2021-11-29T00:00:00", "FULL_NAME": "Temple station", "LINES": "District, Circle", "ATCOCODE": "940GZZLUTMP", "MODES": "tube, bus", "NIGHT_TUBE": "No" }, "geometry": { "type": "Point", "coordinates": [ 530958.660999999963678, 180802.829600000986829, 0.0 ] } },
{ "type": "Feature", "properties": { "OBJECTID": 158, "NAME": "Blackfriars", "ACCESSIBIL": "Fully Accessible", "NETWORK": "London Underground", "DATASET_LA": "2021-11-29T00:00:00", "FULL_NAME": "Blackfriars station", "LINES": "District, Circle", "ATCOCODE": "940GZZLUBKF", "MODES": "tube", "NIGHT_TUBE": "No" }, "geometry": { "type": "Point", "coordinates": [ 531693.8776, 180893.085499999986496, 0.0 ] } },
{ "type": "Feature", "properties": { "OBJECTID": 159, "NAME": "Mansion House", "ACCESSIBIL": "Not Accessible", "NETWORK": "London Underground", "DATASET_LA": "2021-11-29T00:00:00", "FULL_NAME": "Mansion House station", "LINES": "District, Circle", "ATCOCODE": "940GZZLUMSH", "MODES": "tube, bus", "NIGHT_TUBE": "No" }, "geometry": { "type": "Point", "coordinates": [ 532354.168399999965914, 180931.563200000993675, 0.0 ] } },
{ "type": "Feature", "properties": { "OBJECTID": 160, "NAME": "Cannon Street", "ACCESSIBIL": "Partially Accessible", "NETWORK": "London Underground", "DATASET_LA": "2021-11-29T00:00:00", "FULL_NAME": "Cannon Street station", "LINES": "District, Circle", "ATCOCODE": "940GZZLUCST", "MODES": "tube", "NIGHT_TUBE": "No" }, "geometry": { "type": "Point", "coordinates": [ 532611.475699999951757, 180900.064999999012798, 0.0 ] } },
{ "type": "Feature", "properties": { "OBJECTID": 161, "NAME": "Tower Hill", "ACCESSIBIL": "Not Accessible", "NETWORK": "London Underground", "DATASET_LA": "2021-11-29T00:00:00", "FULL_NAME": "Tower Hill station", "LINES": "District, Circle", "ATCOCODE": "940GZZLUTWH", "MODES": "tube", "NIGHT_TUBE": "No" }, "geometry": { "type": "Point", "coordinates": [ 533579.447700000018813, 180755.3849, 0.0 ] } },
{ "type": "Feature", "properties": { "OBJECTID": 162, "NAME": "Aldgate", "ACCESSIBIL": "Not Accessible", "NETWORK": "London Underground", "DATASET_LA": "2021-11-29T00:00:00", "FULL_NAME": "Aldgate station", "LINES": "Metropolitan, Circle", "ATCOCODE": "940GZZLUALD", "MODES": "bus, tube", "NIGHT_TUBE": "No" }, "geometry": { "type": "Point", "coordinates": [ 533613.1509, 181262.295499998988817, 0.0 ] } },
{ "type": "Feature", "properties": { "OBJECTID": 163, "NAME": "Liverpool Street", "ACCESSIBIL": "Partially Accessible", "NETWORK": "London Underground", "DATASET_LA": "2021-11-29T00:00:00", "FULL_NAME": "Liverpool Street station", "LINES": "Metropolitan, Central, Circle, Hammersmith & City", "ATCOCODE": "940GZZLULVT", "MODES": "tube", "NIGHT_TUBE": "Yes" }, "geometry": { "type": "Point", "coordinates": [ 533093.853, 181566.9186, 0.0 ] } },
{ "type": "Feature", "properties": { "OBJECTID": 164, "NAME": "Moorgate", "ACCESSIBIL": "Not Accessible", "NETWORK": "London Underground", "DATASET_LA": "2021-11-29T00:00:00", "FULL_NAME": "Moorgate station", "LINES": "Metropolitan, Northern, Circle, Hammersmith & City", "ATCOCODE": "940GZZLUMGT", "MODES": "tube", "NIGHT_TUBE": "No" }, "geometry": { "type": "Point", "coordinates": [ 532667.825199999962933, 181668.244999999005813, 0.0 ] } },
{ "type": "Feature", "properties": { "OBJECTID": 165, "NAME": "Barbican", "ACCESSIBIL": "Not Accessible", "NETWORK": "London Underground", "DATASET_LA": "2021-11-29T00:00:00", "FULL_NAME": "Barbican station", "LINES": "Metropolitan, Circle, Hammersmith & City", "ATCOCODE": "940GZZLUBBN", "MODES": "tube, bus", "NIGHT_TUBE": "No" }, "geometry": { "type": "Point", "coordinates": [ 532004.20250000001397, 181856.329700000991579, 0.0 ] } },
{ "type": "Feature", "properties": { "OBJECTID": 166, "NAME": "Farringdon", "ACCESSIBIL": "Fully Accessible", "NETWORK": "London Underground", "DATASET_LA": "2021-11-29T00:00:00", "FULL_NAME": "Farringdon station", "LINES": "Metropolitan, Circle, Hammersmith & City", "ATCOCODE": "940GZZLUFCN", "MODES": "tube", "NIGHT_TUBE": "No" }, "geometry": { "type": "Point", "coordinates": [ 531559.9989, 181873.926700000010896, 0.0 ] } },
{ "type": "Feature", "properties": { "OBJECTID": 167, "NAME": "King's Cross St. Pancras", "ACCESSIBIL": "Fully Accessible", "NETWORK": "London Underground", "DATASET_LA": "2021-11-29T00:00:00", "FULL_NAME": "King's Cross St. Pancras station", "LINES": "Metropolitan, Northern, Piccadilly, Circle, Victoria, Hammersmith & City", "ATCOCODE": "940GZZLUKSX", "MODES": "tube", "NIGHT_TUBE": "Yes" }, "geometry": { "type": "Point", "coordinates": [ 530174.797600000048988, 182874.774700000998564, 0.0 ] } },
{ "type": "Feature", "properties": { "OBJECTID": 168, "NAME": "Euston Square", "ACCESSIBIL": "Partially Accessible - Interchange Only", "NETWORK": "London Underground", "DATASET_LA": "2021-11-29T00:00:00", "FULL_NAME": "Euston Square station", "LINES": "Metropolitan, Circle, Hammersmith & City", "ATCOCODE": "940GZZLUESQ", "MODES": "tube, bus", "NIGHT_TUBE": "No" }, "geometry": { "type": "Point", "coordinates": [ 529416.599900000030175, 182393.381999998993706, 0.0 ] } },
{ "type": "Feature", "properties": { "OBJECTID": 169, "NAME": "Baker Street", "ACCESSIBIL": "Partially Accessible - Interchange Only", "NETWORK": "London Underground", "DATASET_LA": "2021-11-29T00:00:00", "FULL_NAME": "Baker Street station", "LINES": "Metropolitan, Bakerloo, Circle, Jubilee, Hammersmith & City", "ATCOCODE": "940GZZLUBST", "MODES": "bus, tube", "NIGHT_TUBE": "Yes" }, "geometry": { "type": "Point", "coordinates": [ 527954.6729, 182063.567500000994187, 0.0 ] } },
{ "type": "Feature", "properties": { "OBJECTID": 170, "NAME": "Edgware Road (Circle Line)", "ACCESSIBIL": "Partially Accessible - Interchange Only", "NETWORK": "London Underground", "DATASET_LA": "2021-11-29T00:00:00", "FULL_NAME": "Edgware Road (Circle Line) station", "LINES": "Circle", "ATCOCODE": "940GZZLUERC", "MODES": "bus, tube", "NIGHT_TUBE": "No" }, "geometry": { "type": "Point", "coordinates": [ 527220.0675, 181696.881400000012945, 0.0 ] } },
{ "type": "Feature", "properties": { "OBJECTID": 171, "NAME": "Paddington", "ACCESSIBIL": "Partially Accessible", "NETWORK": "London Underground", "DATASET_LA": "2021-11-29T00:00:00", "FULL_NAME": "Paddington station", "LINES": "Hammersmith & City, District, Circle, Bakerloo", "ATCOCODE": "940GZZLUPAC", "MODES": "tube", "NIGHT_TUBE": "No" }, "geometry": { "type": "Point", "coordinates": [ 526703.690700000035577, 181197.8431, 0.0 ] } },
{ "type": "Feature", "properties": { "OBJECTID": 172, "NAME": "Bayswater", "ACCESSIBIL": "Not Accessible", "NETWORK": "London Underground", "DATASET_LA": "2021-11-29T00:00:00", "FULL_NAME": "Bayswater station", "LINES": "District, Circle", "ATCOCODE": "940GZZLUBWT", "MODES": "tube, bus", "NIGHT_TUBE": "No" }, "geometry": { "type": "Point", "coordinates": [ 525842.957000000053085, 180822.646199998998782, 0.0 ] } },
{ "type": "Feature", "properties": { "OBJECTID": 173, "NAME": "High Street Kensington", "ACCESSIBIL": "Partially Accessible - Interchange Only", "NETWORK": "London Underground", "DATASET_LA": "2021-11-29T00:00:00", "FULL_NAME": "High Street Kensington station", "LINES": "District, Circle", "ATCOCODE": "940GZZLUHSK", "MODES": "tube, bus", "NIGHT_TUBE": "No" }, "geometry": { "type": "Point", "coordinates": [ 525578.354599999962375, 179494.316500001004897, 0.0 ] } },
{ "type": "Feature", "properties": { "OBJECTID": 174, "NAME": "Gloucester Road", "ACCESSIBIL": "Not Accessible", "NETWORK": "London Underground", "DATASET_LA": "2021-11-29T00:00:00", "FULL_NAME": "Gloucester Road station", "LINES": "District, Piccadilly, Circle", "ATCOCODE": "940GZZLUGTR", "MODES": "bus, tube", "NIGHT_TUBE": "Yes" }, "geometry": { "type": "Point", "coordinates": [ 526182.758900000015274, 178846.489499999006512, 0.0 ] } },
{ "type": "Feature", "properties": { "OBJECTID": 175, "NAME": "South Kensington", "ACCESSIBIL": "Partially Accessible - Interchange Only", "NETWORK": "London Underground", "DATASET_LA": "2021-11-29T00:00:00", "FULL_NAME": "South Kensington station", "LINES": "District, Piccadilly, Circle", "ATCOCODE": "940GZZLUSKS", "MODES": "bus, tube", "NIGHT_TUBE": "Yes" }, "geometry": { "type": "Point", "coordinates": [ 526917.564000000013039, 178820.259, 0.0 ] } },
{ "type": "Feature", "properties": { "OBJECTID": 176, "NAME": "Chiswick Park", "ACCESSIBIL": "Not Accessible", "NETWORK": "London Underground", "DATASET_LA": "2021-11-29T00:00:00", "FULL_NAME": "Chiswick Park station", "LINES": "District", "ATCOCODE": "940GZZLUCWP", "MODES": "bus, tube", "NIGHT_TUBE": "No" }, "geometry": { "type": "Point", "coordinates": [ 520293.280099999974482, 178723.680199999012984, 0.0 ] } },
{ "type": "Feature", "properties": { "OBJECTID": 177, "NAME": "Wimbledon Park", "ACCESSIBIL": "Not Accessible", "NETWORK": "London Underground", "DATASET_LA": "2021-11-29T00:00:00", "FULL_NAME": "Wimbledon Park station", "LINES": "District", "ATCOCODE": "940GZZLUWIP", "MODES": "tube", "NIGHT_TUBE": "No" }, "geometry": { "type": "Point", "coordinates": [ 525282.379199999966659, 172099.7465, 0.0 ] } },
{ "type": "Feature", "properties": { "OBJECTID": 178, "NAME": "East Putney", "ACCESSIBIL": "Not Accessible", "NETWORK": "London Underground", "DATASET_LA": "2021-11-29T00:00:00", "FULL_NAME": "East Putney station", "LINES": "District", "ATCOCODE": "940GZZLUEPY", "MODES": "tube, bus", "NIGHT_TUBE": "No" }, "geometry": { "type": "Point", "coordinates": [ 524381.716499999980442, 174869.93, 0.0 ] } },
{ "type": "Feature", "properties": { "OBJECTID": 179, "NAME": "West Kensington", "ACCESSIBIL": "Not Accessible", "NETWORK": "London Underground", "DATASET_LA": "2021-11-29T00:00:00", "FULL_NAME": "West Kensington station", "LINES": "District", "ATCOCODE": "940GZZLUWKN", "MODES": "tube, bus", "NIGHT_TUBE": "No" }, "geometry": { "type": "Point", "coordinates": [ 524684.976299999980256, 178398.058900000993162, 0.0 ] } },
{ "type": "Feature", "properties": { "OBJECTID": 180, "NAME": "Parsons Green", "ACCESSIBIL": "Not Accessible", "NETWORK": "London Underground", "DATASET_LA": "2021-11-29T00:00:00", "FULL_NAME": "Parsons Green station", "LINES": "District", "ATCOCODE": "940GZZLUPSG", "MODES": "tube", "NIGHT_TUBE": "No" }, "geometry": { "type": "Point", "coordinates": [ 524984.54949999996461, 176646.7489, 0.0 ] } },
{ "type": "Feature", "properties": { "OBJECTID": 181, "NAME": "White City", "ACCESSIBIL": "Not Accessible", "NETWORK": "London Underground", "DATASET_LA": "2021-11-29T00:00:00", "FULL_NAME": "White City station", "LINES": "Central", "ATCOCODE": "940GZZLUWCY", "MODES": "bus, tube", "NIGHT_TUBE": "Yes" }, "geometry": { "type": "Point", "coordinates": [ 523307.8235, 180748.416200000996469, 0.0 ] } },
{ "type": "Feature", "properties": { "OBJECTID": 182, "NAME": "Shepherd's Bush", "ACCESSIBIL": "Not Accessible", "NETWORK": "London Underground", "DATASET_LA": "2021-11-29T00:00:00", "FULL_NAME": "Shepherd's Bush station", "LINES": "Central", "ATCOCODE": "940GZZLUSBC", "MODES": "tube", "NIGHT_TUBE": "Yes" }, "geometry": { "type": "Point", "coordinates": [ 523719.570599999977276, 179883.5582, 0.0 ] } },
{ "type": "Feature", "properties": { "OBJECTID": 183, "NAME": "Holland Park", "ACCESSIBIL": "Not Accessible", "NETWORK": "London Underground", "DATASET_LA": "2021-11-29T00:00:00", "FULL_NAME": "Holland Park station", "LINES": "Central", "ATCOCODE": "940GZZLUHPK", "MODES": "bus, tube", "NIGHT_TUBE": "Yes" }, "geometry": { "type": "Point", "coordinates": [ 524626.247699999948964, 180217.3517, 0.0 ] } },
{ "type": "Feature", "properties": { "OBJECTID": 184, "NAME": "Becontree", "ACCESSIBIL": "Not Accessible", "NETWORK": "London Underground", "DATASET_LA": "2021-11-29T00:00:00", "FULL_NAME": "Becontree station", "LINES": "District", "ATCOCODE": "940GZZLUBEC", "MODES": "tube, bus", "NIGHT_TUBE": "No" }, "geometry": { "type": "Point", "coordinates": [ 547627.543799999984913, 184527.340999999985797, 0.0 ] } },
{ "type": "Feature", "properties": { "OBJECTID": 185, "NAME": "Victoria", "ACCESSIBIL": "Partially Accessible", "NETWORK": "London Underground", "DATASET_LA": "2021-11-29T00:00:00", "FULL_NAME": "Victoria station", "LINES": "District, Circle, Victoria", "ATCOCODE": "940GZZLUVIC", "MODES": "tube", "NIGHT_TUBE": "Yes" }, "geometry": { "type": "Point", "coordinates": [ 528998.771500000031665, 179129.9345, 0.0 ] } },
{ "type": "Feature", "properties": { "OBJECTID": 186, "NAME": "Brixton", "ACCESSIBIL": "Fully Accessible", "NETWORK": "London Underground", "DATASET_LA": "2021-11-29T00:00:00", "FULL_NAME": "Brixton station", "LINES": "Victoria", "ATCOCODE": "940GZZLUBXN", "MODES": "tube", "NIGHT_TUBE": "Yes" }, "geometry": { "type": "Point", "coordinates": [ 531052.381700000027195, 175428.6555, 0.0 ] } },
{ "type": "Feature", "properties": { "OBJECTID": 187, "NAME": "Pimlico", "ACCESSIBIL": "Not Accessible", "NETWORK": "London Underground", "DATASET_LA": "2021-11-29T00:00:00", "FULL_NAME": "Pimlico station", "LINES": "Victoria", "ATCOCODE": "940GZZLUPCO", "MODES": "tube, bus", "NIGHT_TUBE": "Yes" }, "geometry": { "type": "Point", "coordinates": [ 529670.646399999968708, 178332.5964, 0.0 ] } },
{ "type": "Feature", "properties": { "OBJECTID": 188, "NAME": "Vauxhall", "ACCESSIBIL": "Not Accessible", "NETWORK": "London Underground", "DATASET_LA": "2021-11-29T00:00:00", "FULL_NAME": "Vauxhall station", "LINES": "Victoria", "ATCOCODE": "940GZZLUVXL", "MODES": "tube", "NIGHT_TUBE": "Yes" }, "geometry": { "type": "Point", "coordinates": [ 530336.7953, 177973.004799999005627, 0.0 ] } },
{ "type": "Feature", "properties": { "OBJECTID": 189, "NAME": "Warren Street", "ACCESSIBIL": "Not Accessible", "NETWORK": "London Underground", "DATASET_LA": "2021-11-29T00:00:00", "FULL_NAME": "Warren Street station", "LINES": "Northern, Victoria", "ATCOCODE": "940GZZLUWRR", "MODES": "tube, bus", "NIGHT_TUBE": "Yes" }, "geometry": { "type": "Point", "coordinates": [ 529248.744799999985844, 182266.0339, 0.0 ] } },
{ "type": "Feature", "properties": { "OBJECTID": 190, "NAME": "Dagenham East", "ACCESSIBIL": "Not Accessible", "NETWORK": "London Underground", "DATASET_LA": "2021-11-29T00:00:00", "FULL_NAME": "Dagenham East station", "LINES": "District", "ATCOCODE": "940GZZLUDGE", "MODES": "tube, bus", "NIGHT_TUBE": "No" }, "geometry": { "type": "Point", "coordinates": [ 550293.974900000030175, 185030.270500001002802, 0.0 ] } },
{ "type": "Feature", "properties": { "OBJECTID": 191, "NAME": "Elm Park", "ACCESSIBIL": "Fully Accessible", "NETWORK": "London Underground", "DATASET_LA": "2021-11-29T00:00:00", "FULL_NAME": "Elm Park station", "LINES": "District", "ATCOCODE": "940GZZLUEPK", "MODES": "bus, tube", "NIGHT_TUBE": "No" }, "geometry": { "type": "Point", "coordinates": [ 552542.005400000023656, 185716.105799999000737, 0.0 ] } },
{ "type": "Feature", "properties": { "OBJECTID": 192, "NAME": "Hornchurch", "ACCESSIBIL": "Not Accessible", "NETWORK": "London Underground", "DATASET_LA": "2021-11-29T00:00:00", "FULL_NAME": "Hornchurch station", "LINES": "District", "ATCOCODE": "940GZZLUHCH", "MODES": "tube, bus", "NIGHT_TUBE": "No" }, "geometry": { "type": "Point", "coordinates": [ 553944.49800000002142, 186240.2941, 0.0 ] } },
{ "type": "Feature", "properties": { "OBJECTID": 193, "NAME": "Upminster Bridge", "ACCESSIBIL": "Not Accessible", "NETWORK": "London Underground", "DATASET_LA": "2021-11-29T00:00:00", "FULL_NAME": "Upminster Bridge station", "LINES": "District", "ATCOCODE": "940GZZLUUPB", "MODES": "tube, bus", "NIGHT_TUBE": "No" }, "geometry": { "type": "Point", "coordinates": [ 555088.410999999963678, 186770.1083, 0.0 ] } },
{ "type": "Feature", "properties": { "OBJECTID": 194, "NAME": "Shepherd's Bush Market", "ACCESSIBIL": "Not Accessible", "NETWORK": "London Underground", "DATASET_LA": "2021-11-29T00:00:00", "FULL_NAME": "Shepherd's Bush Market station", "LINES": "Hammersmith & City, Circle", "ATCOCODE": "940GZZLUSBM", "MODES": "tube", "NIGHT_TUBE": "No" }, "geometry": { "type": "Point", "coordinates": [ 523197.0859, 180064.2324, 0.0 ] } },
{ "type": "Feature", "properties": { "OBJECTID": 195, "NAME": "Goldhawk Road", "ACCESSIBIL": "Not Accessible", "NETWORK": "London Underground", "DATASET_LA": "2021-11-29T00:00:00", "FULL_NAME": "Goldhawk Road station", "LINES": "Hammersmith & City, Circle", "ATCOCODE": "940GZZLUGHK", "MODES": "bus, tube", "NIGHT_TUBE": "No" }, "geometry": { "type": "Point", "coordinates": [ 523183.913, 179607.8456, 0.0 ] } },
{ "type": "Feature", "properties": { "OBJECTID": 196, "NAME": "Latimer Road", "ACCESSIBIL": "Not Accessible", "NETWORK": "London Underground", "DATASET_LA": "2021-11-29T00:00:00", "FULL_NAME": "Latimer Road station", "LINES": "Hammersmith & City, Circle", "ATCOCODE": "940GZZLULRD", "MODES": "tube, bus", "NIGHT_TUBE": "No" }, "geometry": { "type": "Point", "coordinates": [ 523762.9916, 180897.8333, 0.0 ] } },
{ "type": "Feature", "properties": { "OBJECTID": 197, "NAME": "Ladbroke Grove", "ACCESSIBIL": "Not Accessible", "NETWORK": "London Underground", "DATASET_LA": "2021-11-29T00:00:00", "FULL_NAME": "Ladbroke Grove station", "LINES": "Hammersmith & City, Circle", "ATCOCODE": "940GZZLULAD", "MODES": "bus, tube", "NIGHT_TUBE": "No" }, "geometry": { "type": "Point", "coordinates": [ 524234.8749, 181339.06150000001071, 0.0 ] } },
{ "type": "Feature", "properties": { "OBJECTID": 198, "NAME": "Royal Oak", "ACCESSIBIL": "Not Accessible", "NETWORK": "London Underground", "DATASET_LA": "2021-11-29T00:00:00", "FULL_NAME": "Royal Oak station", "LINES": "Hammersmith & City, Circle", "ATCOCODE": "940GZZLURYO", "MODES": "bus, tube", "NIGHT_TUBE": "No" }, "geometry": { "type": "Point", "coordinates": [ 525833.894300000043586, 181570.6391, 0.0 ] } },
{ "type": "Feature", "properties": { "OBJECTID": 199, "NAME": "Earl's Court", "ACCESSIBIL": "Fully Accessible", "NETWORK": "London Underground", "DATASET_LA": "2021-11-29T00:00:00", "FULL_NAME": "Earl's Court station", "LINES": "District, Piccadilly", "ATCOCODE": "940GZZLUECT", "MODES": "tube, bus", "NIGHT_TUBE": "Yes" }, "geometry": { "type": "Point", "coordinates": [ 525534.301199999987148, 178551.8071, 0.0 ] } },
{ "type": "Feature", "properties": { "OBJECTID": 200, "NAME": "Queen's Park", "ACCESSIBIL": "Partially Accessible - Interchange Only", "NETWORK": "London Underground", "DATASET_LA": "2021-11-29T00:00:00", "FULL_NAME": "Queen's Park station", "LINES": "Bakerloo", "ATCOCODE": "940GZZLUQPS", "MODES": "tube", "NIGHT_TUBE": "No" }, "geometry": { "type": "Point", "coordinates": [ 524547.474900000030175, 183200.2402, 0.0 ] } },
{ "type": "Feature", "properties": { "OBJECTID": 201, "NAME": "Notting Hill Gate", "ACCESSIBIL": "Not Accessible", "NETWORK": "London Underground", "DATASET_LA": "2021-11-29T00:00:00", "FULL_NAME": "Notting Hill Gate station", "LINES": "District, Central, Circle", "ATCOCODE": "940GZZLUNHG", "MODES": "bus, tube", "NIGHT_TUBE": "Yes" }, "geometry": { "type": "Point", "coordinates": [ 525284.914600000018254, 180456.3574, 0.0 ] } },
{ "type": "Feature", "properties": { "OBJECTID": 202, "NAME": "Lancaster Gate", "ACCESSIBIL": "Not Accessible", "NETWORK": "London Underground", "DATASET_LA": "2021-11-29T00:00:00", "FULL_NAME": "Lancaster Gate station", "LINES": "Central", "ATCOCODE": "940GZZLULGT", "MODES": "tube, bus", "NIGHT_TUBE": "Yes" }, "geometry": { "type": "Point", "coordinates": [ 526710.508200000040233, 180773.3476, 0.0 ] } },
{ "type": "Feature", "properties": { "OBJECTID": 203, "NAME": "Marble Arch", "ACCESSIBIL": "Not Accessible", "NETWORK": "London Underground", "DATASET_LA": "2021-11-29T00:00:00", "FULL_NAME": "Marble Arch station", "LINES": "Central", "ATCOCODE": "940GZZLUMBA", "MODES": "tube, bus", "NIGHT_TUBE": "Yes" }, "geometry": { "type": "Point", "coordinates": [ 527960.131199999945238, 181017.4747, 0.0 ] } },
{ "type": "Feature", "properties": { "OBJECTID": 204, "NAME": "Bond Street", "ACCESSIBIL": "Fully Accessible", "NETWORK": "London Underground", "DATASET_LA": "2021-11-29T00:00:00", "FULL_NAME": "Bond Street station", "LINES": "Central, Jubilee", "ATCOCODE": "940GZZLUBND", "MODES": "tube, bus", "NIGHT_TUBE": "Yes" }, "geometry": { "type": "Point", "coordinates": [ 528490.674, 181117.635, 0.0 ] } },
{ "type": "Feature", "properties": { "OBJECTID": 205, "NAME": "Perivale", "ACCESSIBIL": "Not Accessible", "NETWORK": "London Underground", "DATASET_LA": "2021-11-29T00:00:00", "FULL_NAME": "Perivale station", "LINES": "Central", "ATCOCODE": "940GZZLUPVL", "MODES": "bus, tube", "NIGHT_TUBE": "No" }, "geometry": { "type": "Point", "coordinates": [ 516378.350099999981467, 183314.9891, 0.0 ] } },
{ "type": "Feature", "properties": { "OBJECTID": 206, "NAME": "Greenford", "ACCESSIBIL": "Partially Accessible - Interchange Only", "NETWORK": "London Underground", "DATASET_LA": "2021-11-29T00:00:00", "FULL_NAME": "Greenford station", "LINES": "Central", "ATCOCODE": "940GZZLUGFD", "MODES": "tube", "NIGHT_TUBE": "No" }, "geometry": { "type": "Point", "coordinates": [ 514763.0955, 183928.051899999001762, 0.0 ] } },
{ "type": "Feature", "properties": { "OBJECTID": 207, "NAME": "North Acton", "ACCESSIBIL": "Not Accessible", "NETWORK": "London Underground", "DATASET_LA": "2021-11-29T00:00:00", "FULL_NAME": "North Acton station", "LINES": "Central", "ATCOCODE": "940GZZLUNAN", "MODES": "bus, tube", "NIGHT_TUBE": "No" }, "geometry": { "type": "Point", "coordinates": [ 520828.4021, 181956.9398, 0.0 ] } },
{ "type": "Feature", "properties": { "OBJECTID": 208, "NAME": "Putney Bridge", "ACCESSIBIL": "Not Accessible", "NETWORK": "London Underground", "DATASET_LA": "2021-11-29T00:00:00", "FULL_NAME": "Putney Bridge station", "LINES": "District", "ATCOCODE": "940GZZLUPYB", "MODES": "tube, bus", "NIGHT_TUBE": "No" }, "geometry": { "type": "Point", "coordinates": [ 524519.274100000038743, 175886.505999999004416, 0.0 ] } },
{ "type": "Feature", "properties": { "OBJECTID": 209, "NAME": "Bank", "ACCESSIBIL": "Not Accessible", "NETWORK": "London Underground", "DATASET_LA": "2021-11-29T00:00:00", "FULL_NAME": "Bank station", "LINES": "Waterloo & City, Northern, Central", "ATCOCODE": "940GZZLUBNK", "MODES": "tube", "NIGHT_TUBE": "Yes" }, "geometry": { "type": "Point", "coordinates": [ 532710.155099999974482, 181119.8978, 0.0 ] } },
{ "type": "Feature", "properties": { "OBJECTID": 210, "NAME": "Oxford Circus", "ACCESSIBIL": "Partially Accessible - Interchange Only", "NETWORK": "London Underground", "DATASET_LA": "2021-11-29T00:00:00", "FULL_NAME": "Oxford Circus station", "LINES": "Central, Bakerloo, Victoria", "ATCOCODE": "940GZZLUOXC", "MODES": "tube, bus", "NIGHT_TUBE": "Yes" }, "geometry": { "type": "Point", "coordinates": [ 529046.6139, 181236.3369, 0.0 ] } },
{ "type": "Feature", "properties": { "OBJECTID": 211, "NAME": "Holborn", "ACCESSIBIL": "Not Accessible", "NETWORK": "London Underground", "DATASET_LA": "2021-11-29T00:00:00", "FULL_NAME": "Holborn station", "LINES": "Central, Piccadilly", "ATCOCODE": "940GZZLUHBN", "MODES": "tube, bus", "NIGHT_TUBE": "Yes" }, "geometry": { "type": "Point", "coordinates": [ 530512.061499999952503, 181525.070900001010159, 0.0 ] } },
{ "type": "Feature", "properties": { "OBJECTID": 212, "NAME": "Chancery Lane", "ACCESSIBIL": "Not Accessible", "NETWORK": "London Underground", "DATASET_LA": "2021-11-29T00:00:00", "FULL_NAME": "Chancery Lane station", "LINES": "Central", "ATCOCODE": "940GZZLUCHL", "MODES": "tube, bus", "NIGHT_TUBE": "Yes" }, "geometry": { "type": "Point", "coordinates": [ 531123.946499999961816, 181615.465500001009787, 0.0 ] } },
{ "type": "Feature", "properties": { "OBJECTID": 213, "NAME": "Canada Water", "ACCESSIBIL": "Fully Accessible", "NETWORK": "London Underground", "DATASET_LA": "2021-11-29T00:00:00", "FULL_NAME": "Canada Water station", "LINES": "Jubilee", "ATCOCODE": "940GZZLUCWR", "MODES": "tube", "NIGHT_TUBE": "Yes" }, "geometry": { "type": "Point", "coordinates": [ 535456.641900000046007, 179467.0078, 0.0 ] } },
{ "type": "Feature", "properties": { "OBJECTID": 214, "NAME": "Bermondsey", "ACCESSIBIL": "Fully Accessible", "NETWORK": "London Underground", "DATASET_LA": "2021-11-29T00:00:00", "FULL_NAME": "Bermondsey station", "LINES": "Jubilee", "ATCOCODE": "940GZZLUBMY", "MODES": "tube, bus", "NIGHT_TUBE": "Yes" }, "geometry": { "type": "Point", "coordinates": [ 534459.7378, 179416.223200000997167, 0.0 ] } },
{ "type": "Feature", "properties": { "OBJECTID": 215, "NAME": "Canary Wharf", "ACCESSIBIL": "Fully Accessible", "NETWORK": "London Underground", "DATASET_LA": "2021-11-29T00:00:00", "FULL_NAME": "Canary Wharf station", "LINES": "Jubilee", "ATCOCODE": "940GZZLUCYF", "MODES": "tube", "NIGHT_TUBE": "Yes" }, "geometry": { "type": "Point", "coordinates": [ 537677.339799999957904, 180139.731799998990027, 0.0 ] } },
{ "type": "Feature", "properties": { "OBJECTID": 216, "NAME": "North Greenwich", "ACCESSIBIL": "Fully Accessible", "NETWORK": "London Underground", "DATASET_LA": "2021-11-29T00:00:00", "FULL_NAME": "North Greenwich station", "LINES": "Jubilee", "ATCOCODE": "940GZZLUNGW", "MODES": "tube", "NIGHT_TUBE": "Yes" }, "geometry": { "type": "Point", "coordinates": [ 539215.821899999980815, 179859.374399999011075, 0.0 ] } },
{ "type": "Feature", "properties": { "OBJECTID": 217, "NAME": "Canning Town", "ACCESSIBIL": "Fully Accessible", "NETWORK": "London Underground", "DATASET_LA": "2021-11-29T00:00:00", "FULL_NAME": "Canning Town station", "LINES": "Jubilee", "ATCOCODE": "940GZZLUCGT", "MODES": "tube", "NIGHT_TUBE": "No" }, "geometry": { "type": "Point", "coordinates": [ 539428.325599999981932, 181377.274, 0.0 ] } },
{ "type": "Feature", "properties": { "OBJECTID": 218, "NAME": "Kilburn", "ACCESSIBIL": "Fully Accessible", "NETWORK": "London Underground", "DATASET_LA": "2021-11-29T00:00:00", "FULL_NAME": "Kilburn station", "LINES": "Jubilee", "ATCOCODE": "940GZZLUKBN", "MODES": "tube, bus", "NIGHT_TUBE": "Yes" }, "geometry": { "type": "Point", "coordinates": [ 524583.275099999969825, 184644.8518, 0.0 ] } },
{ "type": "Feature", "properties": { "OBJECTID": 219, "NAME": "West Hampstead", "ACCESSIBIL": "Not Accessible", "NETWORK": "London Underground", "DATASET_LA": "2021-11-29T00:00:00", "FULL_NAME": "West Hampstead station", "LINES": "Jubilee", "ATCOCODE": "940GZZLUWHP", "MODES": "tube", "NIGHT_TUBE": "Yes" }, "geometry": { "type": "Point", "coordinates": [ 525592.1984, 184652.8993, 0.0 ] } },
{ "type": "Feature", "properties": { "OBJECTID": 220, "NAME": "Swiss Cottage", "ACCESSIBIL": "Not Accessible", "NETWORK": "London Underground", "DATASET_LA": "2021-11-29T00:00:00", "FULL_NAME": "Swiss Cottage station", "LINES": "Jubilee", "ATCOCODE": "940GZZLUSWC", "MODES": "bus, tube", "NIGHT_TUBE": "Yes" }, "geometry": { "type": "Point", "coordinates": [ 526663.691400000010617, 184334.9639, 0.0 ] } },
{ "type": "Feature", "properties": { "OBJECTID": 221, "NAME": "Finchley Road", "ACCESSIBIL": "Partially Accessible - Interchange Only", "NETWORK": "London Underground", "DATASET_LA": "2021-11-29T00:00:00", "FULL_NAME": "Finchley Road station", "LINES": "Metropolitan, Jubilee", "ATCOCODE": "940GZZLUFYR", "MODES": "bus, tube", "NIGHT_TUBE": "Yes" }, "geometry": { "type": "Point", "coordinates": [ 526220.4473, 184716.2096, 0.0 ] } },
{ "type": "Feature", "properties": { "OBJECTID": 222, "NAME": "Colliers Wood", "ACCESSIBIL": "Not Accessible", "NETWORK": "London Underground", "DATASET_LA": "2021-11-29T00:00:00", "FULL_NAME": "Colliers Wood station", "LINES": "Northern", "ATCOCODE": "940GZZLUCSD", "MODES": "bus, tube", "NIGHT_TUBE": "Yes" }, "geometry": { "type": "Point", "coordinates": [ 526787.952799999970011, 170368.2575, 0.0 ] } },
{ "type": "Feature", "properties": { "OBJECTID": 223, "NAME": "Archway", "ACCESSIBIL": "Not Accessible", "NETWORK": "London Underground", "DATASET_LA": "2021-11-29T00:00:00", "FULL_NAME": "Archway station", "LINES": "Northern", "ATCOCODE": "940GZZLUACY", "MODES": "bus, tube", "NIGHT_TUBE": "Yes" }, "geometry": { "type": "Point", "coordinates": [ 529363.517600000021048, 186721.242300000012619, 0.0 ] } },
{ "type": "Feature", "properties": { "OBJECTID": 224, "NAME": "Tooting Broadway", "ACCESSIBIL": "Not Accessible", "NETWORK": "London Underground", "DATASET_LA": "2021-11-29T00:00:00", "FULL_NAME": "Tooting Broadway station", "LINES": "Northern", "ATCOCODE": "940GZZLUTBY", "MODES": "tube, bus", "NIGHT_TUBE": "Yes" }, "geometry": { "type": "Point", "coordinates": [ 527433.739900000044145, 171443.250700000993675, 0.0 ] } },
{ "type": "Feature", "properties": { "OBJECTID": 225, "NAME": "Tooting Bec", "ACCESSIBIL": "Not Accessible", "NETWORK": "London Underground", "DATASET_LA": "2021-11-29T00:00:00", "FULL_NAME": "Tooting Bec station", "LINES": "Northern", "ATCOCODE": "940GZZLUTBC", "MODES": "tube, bus", "NIGHT_TUBE": "Yes" }, "geometry": { "type": "Point", "coordinates": [ 528047.274500000057742, 172373.650499999988824, 0.0 ] } },
{ "type": "Feature", "properties": { "OBJECTID": 226, "NAME": "Clapham South", "ACCESSIBIL": "Not Accessible", "NETWORK": "London Underground", "DATASET_LA": "2021-11-29T00:00:00", "FULL_NAME": "Clapham South station", "LINES": "Northern", "ATCOCODE": "940GZZLUCPS", "MODES": "tube, bus", "NIGHT_TUBE": "Yes" }, "geometry": { "type": "Point", "coordinates": [ 528834.0333999999566, 174322.707400000013877, 0.0 ] } },
{ "type": "Feature", "properties": { "OBJECTID": 227, "NAME": "Clapham Common", "ACCESSIBIL": "Not Accessible", "NETWORK": "London Underground", "DATASET_LA": "2021-11-29T00:00:00", "FULL_NAME": "Clapham Common station", "LINES": "Northern", "ATCOCODE": "940GZZLUCPC", "MODES": "tube, bus", "NIGHT_TUBE": "Yes" }, "geometry": { "type": "Point", "coordinates": [ 529504.810399999958463, 175338.249199999001576, 0.0 ] } },
{ "type": "Feature", "properties": { "OBJECTID": 228, "NAME": "Clapham North", "ACCESSIBIL": "Partially Accessible - Interchange Only", "NETWORK": "London Underground", "DATASET_LA": "2021-11-29T00:00:00", "FULL_NAME": "Clapham North station", "LINES": "Northern", "ATCOCODE": "940GZZLUCPN", "MODES": "tube, bus", "NIGHT_TUBE": "Yes" }, "geometry": { "type": "Point", "coordinates": [ 530038.966099999961443, 175743.4515, 0.0 ] } },
{ "type": "Feature", "properties": { "OBJECTID": 229, "NAME": "Goodge Street", "ACCESSIBIL": "Not Accessible", "NETWORK": "London Underground", "DATASET_LA": "2021-11-29T00:00:00", "FULL_NAME": "Goodge Street station", "LINES": "Northern", "ATCOCODE": "940GZZLUGDG", "MODES": "tube, bus", "NIGHT_TUBE": "Yes" }, "geometry": { "type": "Point", "coordinates": [ 529537.2731, 181836.5931, 0.0 ] } },
{ "type": "Feature", "properties": { "OBJECTID": 230, "NAME": "Tottenham Court Road", "ACCESSIBIL": "Fully Accessible", "NETWORK": "London Underground", "DATASET_LA": "2021-11-29T00:00:00", "FULL_NAME": "Tottenham Court Road station", "LINES": "Central, Northern", "ATCOCODE": "940GZZLUTCR", "MODES": "bus, tube", "NIGHT_TUBE": "Yes" }, "geometry": { "type": "Point", "coordinates": [ 529815.381000000052154, 181382.496200001012767, 0.0 ] } },
{ "type": "Feature", "properties": { "OBJECTID": 231, "NAME": "Hampstead", "ACCESSIBIL": "Not Accessible", "NETWORK": "London Underground", "DATASET_LA": "2021-11-29T00:00:00", "FULL_NAME": "Hampstead station", "LINES": "Northern", "ATCOCODE": "940GZZLUHTD", "MODES": "tube, bus", "NIGHT_TUBE": "Yes" }, "geometry": { "type": "Point", "coordinates": [ 526372.613200000021607, 185761.412099999986822, 0.0 ] } },
{ "type": "Feature", "properties": { "OBJECTID": 232, "NAME": "Mornington Crescent", "ACCESSIBIL": "Not Accessible", "NETWORK": "London Underground", "DATASET_LA": "2021-11-29T00:00:00", "FULL_NAME": "Mornington Crescent station", "LINES": "Northern", "ATCOCODE": "940GZZLUMTC", "MODES": "bus, tube", "NIGHT_TUBE": "Yes" }, "geometry": { "type": "Point", "coordinates": [ 529191.648900000029244, 183397.127499999012798, 0.0 ] } },
{ "type": "Feature", "properties": { "OBJECTID": 233, "NAME": "Chalk Farm", "ACCESSIBIL": "Not Accessible", "NETWORK": "London Underground", "DATASET_LA": "2021-11-29T00:00:00", "FULL_NAME": "Chalk Farm station", "LINES": "Northern", "ATCOCODE": "940GZZLUCFM", "MODES": "bus, tube", "NIGHT_TUBE": "Yes" }, "geometry": { "type": "Point", "coordinates": [ 528202.4569, 184390.607000001007691, 0.0 ] } },
{ "type": "Feature", "properties": { "OBJECTID": 234, "NAME": "Kentish Town", "ACCESSIBIL": "Not Accessible", "NETWORK": "London Underground", "DATASET_LA": "2021-11-29T00:00:00", "FULL_NAME": "Kentish Town station", "LINES": "Northern", "ATCOCODE": "940GZZLUKSH", "MODES": "tube", "NIGHT_TUBE": "No" }, "geometry": { "type": "Point", "coordinates": [ 529009.010499999974854, 185127.159000000014203, 0.0 ] } },
{ "type": "Feature", "properties": { "OBJECTID": 235, "NAME": "Tufnell Park", "ACCESSIBIL": "Not Accessible", "NETWORK": "London Underground", "DATASET_LA": "2021-11-29T00:00:00", "FULL_NAME": "Tufnell Park station", "LINES": "Northern", "ATCOCODE": "940GZZLUTFP", "MODES": "bus, tube", "NIGHT_TUBE": "Yes" }, "geometry": { "type": "Point", "coordinates": [ 529148.7021, 185859.620100000989623, 0.0 ] } },
{ "type": "Feature", "properties": { "OBJECTID": 236, "NAME": "Oval", "ACCESSIBIL": "Not Accessible", "NETWORK": "London Underground", "DATASET_LA": "2021-11-29T00:00:00", "FULL_NAME": "Oval station", "LINES": "Northern", "ATCOCODE": "940GZZLUOVL", "MODES": "bus, tube", "NIGHT_TUBE": "Yes" }, "geometry": { "type": "Point", "coordinates": [ 531170.299099999945611, 177564.902200000011362, 0.0 ] } },
{ "type": "Feature", "properties": { "OBJECTID": 237, "NAME": "Kennington", "ACCESSIBIL": "Partially Accessible - Interchange Only", "NETWORK": "London Underground", "DATASET_LA": "2021-11-29T00:00:00", "FULL_NAME": "Kennington station", "LINES": "Northern", "ATCOCODE": "940GZZLUKNG", "MODES": "tube, bus", "NIGHT_TUBE": "Yes" }, "geometry": { "type": "Point", "coordinates": [ 531598.804099999950267, 178299.556299999007024, 0.0 ] } },
{ "type": "Feature", "properties": { "OBJECTID": 238, "NAME": "East Acton", "ACCESSIBIL": "Not Accessible", "NETWORK": "London Underground", "DATASET_LA": "2021-11-29T00:00:00", "FULL_NAME": "East Acton station", "LINES": "Central", "ATCOCODE": "940GZZLUEAN", "MODES": "bus, tube", "NIGHT_TUBE": "Yes" }, "geometry": { "type": "Point", "coordinates": [ 521720.99910000001546, 181197.768999999010703, 0.0 ] } },
{ "type": "Feature", "properties": { "OBJECTID": 239, "NAME": "Chalfont & Latimer", "ACCESSIBIL": "Fully Accessible", "NETWORK": "London Underground", "DATASET_LA": "2021-11-29T00:00:00", "FULL_NAME": "Chalfont & Latimer station", "LINES": "Metropolitan", "ATCOCODE": "940GZZLUCAL", "MODES": "tube", "NIGHT_TUBE": "No" }, "geometry": { "type": "Point", "coordinates": [ 499633.533799999975599, 197564.355000000010477, 0.0 ] } },
{ "type": "Feature", "properties": { "OBJECTID": 240, "NAME": "Chorleywood", "ACCESSIBIL": "Fully Accessible", "NETWORK": "London Underground", "DATASET_LA": "2021-11-29T00:00:00", "FULL_NAME": "Chorleywood station", "LINES": "Metropolitan", "ATCOCODE": "940GZZLUCYD", "MODES": "tube", "NIGHT_TUBE": "No" }, "geometry": { "type": "Point", "coordinates": [ 502580.7743, 196094.9067, 0.0 ] } },
{ "type": "Feature", "properties": { "OBJECTID": 241, "NAME": "Wood Lane", "ACCESSIBIL": "Fully Accessible", "NETWORK": "London Underground", "DATASET_LA": "2021-11-29T00:00:00", "FULL_NAME": "Wood Lane station", "LINES": "Hammersmith & City, Circle", "ATCOCODE": "940GZZLUWLA", "MODES": "tube", "NIGHT_TUBE": "No" }, "geometry": { "type": "Point", "coordinates": [ 523373.951899999985471, 180519.177100000990322, 0.0 ] } },
{ "type": "Feature", "properties": { "OBJECTID": 242, "NAME": "Highbury & Islington", "ACCESSIBIL": "Partially Accessible", "NETWORK": "London Underground", "DATASET_LA": "2021-11-29T00:00:00", "FULL_NAME": "Highbury & Islington station", "LINES": "Victoria", "ATCOCODE": "940GZZLUHAI", "MODES": "tube", "NIGHT_TUBE": "Yes" }, "geometry": { "type": "Point", "coordinates": [ 531583.268999999971129, 184873.934800001006806, 0.0 ] } },
{ "type": "Feature", "properties": { "OBJECTID": 243, "NAME": "Blackhorse Road", "ACCESSIBIL": "Not Accessible", "NETWORK": "London Underground", "DATASET_LA": "2021-11-29T00:00:00", "FULL_NAME": "Blackhorse Road station", "LINES": "Victoria", "ATCOCODE": "940GZZLUBLR", "MODES": "tube", "NIGHT_TUBE": "Yes" }, "geometry": { "type": "Point", "coordinates": [ 535760.627800000016578, 189370.298100000014529, 0.0 ] } },
{ "type": "Feature", "properties": { "OBJECTID": 244, "NAME": "Tottenham Hale", "ACCESSIBIL": "Fully Accessible", "NETWORK": "London Underground", "DATASET_LA": "2021-11-29T00:00:00", "FULL_NAME": "Tottenham Hale station", "LINES": "Victoria", "ATCOCODE": "940GZZLUTMH", "MODES": "tube", "NIGHT_TUBE": "Yes" }, "geometry": { "type": "Point", "coordinates": [ 534484.451699999975972, 189470.7161, 0.0 ] } },
{ "type": "Feature", "properties": { "OBJECTID": 245, "NAME": "Queensway", "ACCESSIBIL": "Not Accessible", "NETWORK": "London Underground", "DATASET_LA": "2021-11-29T00:00:00", "FULL_NAME": "Queensway station", "LINES": "Central", "ATCOCODE": "940GZZLUQWY", "MODES": "bus, tube", "NIGHT_TUBE": "Yes" }, "geometry": { "type": "Point", "coordinates": [ 525903.079799999948591, 180593.604, 0.0 ] } },
{ "type": "Feature", "properties": { "OBJECTID": 246, "NAME": "Buckhurst Hill", "ACCESSIBIL": "Not Accessible", "NETWORK": "London Underground", "DATASET_LA": "2021-11-29T00:00:00", "FULL_NAME": "Buckhurst Hill station", "LINES": "Central", "ATCOCODE": "940GZZLUBKH", "MODES": "tube, bus", "NIGHT_TUBE": "Yes" }, "geometry": { "type": "Point", "coordinates": [ 541777.566600000020117, 193891.179, 0.0 ] } },
{ "type": "Feature", "properties": { "OBJECTID": 247, "NAME": "Loughton", "ACCESSIBIL": "Not Accessible", "NETWORK": "London Underground", "DATASET_LA": "2021-11-29T00:00:00", "FULL_NAME": "Loughton station", "LINES": "Central", "ATCOCODE": "940GZZLULGN", "MODES": "tube, bus", "NIGHT_TUBE": "Yes" }, "geometry": { "type": "Point", "coordinates": [ 542318.88910000002943, 195612.3879, 0.0 ] } },
{ "type": "Feature", "properties": { "OBJECTID": 248, "NAME": "Hainault", "ACCESSIBIL": "Fully Accessible", "NETWORK": "London Underground", "DATASET_LA": "2021-11-29T00:00:00", "FULL_NAME": "Hainault station", "LINES": "Central", "ATCOCODE": "940GZZLUHLT", "MODES": "tube, bus", "NIGHT_TUBE": "Yes" }, "geometry": { "type": "Point", "coordinates": [ 545079.892299999948591, 191498.182200000010198, 0.0 ] } },
{ "type": "Feature", "properties": { "OBJECTID": 249, "NAME": "Grange Hill", "ACCESSIBIL": "Not Accessible", "NETWORK": "London Underground", "DATASET_LA": "2021-11-29T00:00:00", "FULL_NAME": "Grange Hill station", "LINES": "Central", "ATCOCODE": "940GZZLUGGH", "MODES": "tube, bus", "NIGHT_TUBE": "No" }, "geometry": { "type": "Point", "coordinates": [ 544967.310300000011921, 192558.691299998987233, 0.0 ] } },
{ "type": "Feature", "properties": { "OBJECTID": 250, "NAME": "Debden", "ACCESSIBIL": "Partially Accessible", "NETWORK": "London Underground", "DATASET_LA": "2021-11-29T00:00:00", "FULL_NAME": "Debden station", "LINES": "Central", "ATCOCODE": "940GZZLUDBN", "MODES": "tube", "NIGHT_TUBE": "No" }, "geometry": { "type": "Point", "coordinates": [ 544272.9229, 196121.782099998992635, 0.0 ] } },
{ "type": "Feature", "properties": { "OBJECTID": 251, "NAME": "Epping", "ACCESSIBIL": "Fully Accessible", "NETWORK": "London Underground", "DATASET_LA": "2021-11-29T00:00:00", "FULL_NAME": "Epping station", "LINES": "Central", "ATCOCODE": "940GZZLUEPG", "MODES": "tube", "NIGHT_TUBE": "No" }, "geometry": { "type": "Point", "coordinates": [ 546209.430599999963306, 201538.4, 0.0 ] } },
{ "type": "Feature", "properties": { "OBJECTID": 252, "NAME": "Redbridge", "ACCESSIBIL": "Not Accessible", "NETWORK": "London Underground", "DATASET_LA": "2021-11-29T00:00:00", "FULL_NAME": "Redbridge station", "LINES": "Central", "ATCOCODE": "940GZZLURBG", "MODES": "bus, tube", "NIGHT_TUBE": "Yes" }, "geometry": { "type": "Point", "coordinates": [ 541834.486200000043027, 188358.000499999005115, 0.0 ] } },
{ "type": "Feature", "properties": { "OBJECTID": 253, "NAME": "Dollis Hill", "ACCESSIBIL": "Not Accessible", "NETWORK": "London Underground", "DATASET_LA": "2021-11-29T00:00:00", "FULL_NAME": "Dollis Hill station", "LINES": "Jubilee", "ATCOCODE": "940GZZLUDOH", "MODES": "bus, tube", "NIGHT_TUBE": "Yes" }, "geometry": { "type": "Point", "coordinates": [ 522189.8506, 185144.020099999004742, 0.0 ] } },
{ "type": "Feature", "properties": { "OBJECTID": 254, "NAME": "Kingsbury", "ACCESSIBIL": "Fully Accessible", "NETWORK": "London Underground", "DATASET_LA": "2021-11-29T00:00:00", "FULL_NAME": "Kingsbury station", "LINES": "Jubilee", "ATCOCODE": "940GZZLUKBY", "MODES": "tube, bus", "NIGHT_TUBE": "Yes" }, "geometry": { "type": "Point", "coordinates": [ 519358.6236, 188712.7984, 0.0 ] } },
{ "type": "Feature", "properties": { "OBJECTID": 255, "NAME": "Queensbury", "ACCESSIBIL": "Not Accessible", "NETWORK": "London Underground", "DATASET_LA": "2021-11-29T00:00:00", "FULL_NAME": "Queensbury station", "LINES": "Jubilee", "ATCOCODE": "940GZZLUQBY", "MODES": "bus, tube", "NIGHT_TUBE": "Yes" }, "geometry": { "type": "Point", "coordinates": [ 518808.782400000025518, 189763.201899999985471, 0.0 ] } },
{ "type": "Feature", "properties": { "OBJECTID": 256, "NAME": "South Kenton", "ACCESSIBIL": "Not Accessible", "NETWORK": "London Underground", "DATASET_LA": "2021-11-29T00:00:00", "FULL_NAME": "South Kenton station", "LINES": "Bakerloo", "ATCOCODE": "940GZZLUSKT", "MODES": "tube", "NIGHT_TUBE": "No" }, "geometry": { "type": "Point", "coordinates": [ 517336.159800000023097, 187060.212900000013178, 0.0 ] } },
{ "type": "Feature", "properties": { "OBJECTID": 257, "NAME": "Harrow & Wealdstone", "ACCESSIBIL": "Fully Accessible", "NETWORK": "London Underground", "DATASET_LA": "2021-11-29T00:00:00", "FULL_NAME": "Harrow & Wealdstone station", "LINES": "Bakerloo", "ATCOCODE": "940GZZLUHAW", "MODES": "tube", "NIGHT_TUBE": "No" }, "geometry": { "type": "Point", "coordinates": [ 515443.490800000028685, 189445.8062, 0.0 ] } },
{ "type": "Feature", "properties": { "OBJECTID": 258, "NAME": "Stonebridge Park", "ACCESSIBIL": "Not Accessible", "NETWORK": "London Underground", "DATASET_LA": "2021-11-29T00:00:00", "FULL_NAME": "Stonebridge Park station", "LINES": "Bakerloo", "ATCOCODE": "940GZZLUSGP", "MODES": "tube", "NIGHT_TUBE": "No" }, "geometry": { "type": "Point", "coordinates": [ 519615.513800000015181, 184218.2261, 0.0 ] } },
{ "type": "Feature", "properties": { "OBJECTID": 259, "NAME": "Embankment", "ACCESSIBIL": "Not Accessible", "NETWORK": "London Underground", "DATASET_LA": "2021-11-29T00:00:00", "FULL_NAME": "Embankment station", "LINES": "District, Bakerloo, Northern, Circle", "ATCOCODE": "940GZZLUEMB", "MODES": "tube", "NIGHT_TUBE": "Yes" }, "geometry": { "type": "Point", "coordinates": [ 530419.325399999972433, 180395.871400000993162, 0.0 ] } },
{ "type": "Feature", "properties": { "OBJECTID": 260, "NAME": "South Harrow", "ACCESSIBIL": "Not Accessible", "NETWORK": "London Underground", "DATASET_LA": "2021-11-29T00:00:00", "FULL_NAME": "South Harrow station", "LINES": "Piccadilly", "ATCOCODE": "940GZZLUSHH", "MODES": "tube, bus", "NIGHT_TUBE": "No" }, "geometry": { "type": "Point", "coordinates": [ 514320.544600000022911, 186361.227299999009119, 0.0 ] } },
{ "type": "Feature", "properties": { "OBJECTID": 261, "NAME": "Kensal Green", "ACCESSIBIL": "Not Accessible", "NETWORK": "London Underground", "DATASET_LA": "2021-11-29T00:00:00", "FULL_NAME": "Kensal Green station", "LINES": "Bakerloo", "ATCOCODE": "940GZZLUKSL", "MODES": "tube", "NIGHT_TUBE": "No" }, "geometry": { "type": "Point", "coordinates": [ 523257.1398, 182789.724500000011176, 0.0 ] } },
{ "type": "Feature", "properties": { "OBJECTID": 262, "NAME": "Harlesden", "ACCESSIBIL": "Not Accessible", "NETWORK": "London Underground", "DATASET_LA": "2021-11-29T00:00:00", "FULL_NAME": "Harlesden station", "LINES": "Bakerloo", "ATCOCODE": "940GZZLUHSN", "MODES": "tube", "NIGHT_TUBE": "No" }, "geometry": { "type": "Point", "coordinates": [ 520874.9265, 183414.186899999011075, 0.0 ] } },
{ "type": "Feature", "properties": { "OBJECTID": 263, "NAME": "Wembley Central", "ACCESSIBIL": "Fully Accessible", "NETWORK": "London Underground", "DATASET_LA": "2021-11-29T00:00:00", "FULL_NAME": "Wembley Central station", "LINES": "Bakerloo", "ATCOCODE": "940GZZLUWYC", "MODES": "tube", "NIGHT_TUBE": "No" }, "geometry": { "type": "Point", "coordinates": [ 518182.8112, 185084.709899998997571, 0.0 ] } },
{ "type": "Feature", "properties": { "OBJECTID": 264, "NAME": "North Wembley", "ACCESSIBIL": "Not Accessible", "NETWORK": "London Underground", "DATASET_LA": "2021-11-29T00:00:00", "FULL_NAME": "North Wembley station", "LINES": "Bakerloo", "ATCOCODE": "940GZZLUNWY", "MODES": "tube", "NIGHT_TUBE": "No" }, "geometry": { "type": "Point", "coordinates": [ 517667.547199999971781, 186197.873500001005596, 0.0 ] } },
{ "type": "Feature", "properties": { "OBJECTID": 265, "NAME": "Paddington (H&C Line)", "ACCESSIBIL": "Partially Accessible", "NETWORK": "London Underground", "DATASET_LA": "2021-11-29T00:00:00", "FULL_NAME": "Paddington (H&C Line) station", "LINES": "Hammersmith & City", "ATCOCODE": "940GZZLUPAH", "MODES": "tube", "NIGHT_TUBE": "No" }, "geometry": { "type": "Point", "coordinates": [ 526459.01410000002943, 181526.643200001009973, 0.0 ] } },
{ "type": "Feature", "properties": { "OBJECTID": 266, "NAME": "Kew Gardens", "ACCESSIBIL": "Fully Accessible", "NETWORK": "London Underground", "DATASET_LA": "2021-11-29T00:00:00", "FULL_NAME": "Kew Gardens station", "LINES": "District", "ATCOCODE": "940GZZLUKWG", "MODES": "tube", "NIGHT_TUBE": "No" }, "geometry": { "type": "Point", "coordinates": [ 519196.069499999983236, 176731.8028, 0.0 ] } },
{ "type": "Feature", "properties": { "OBJECTID": 267, "NAME": "Gunnersbury", "ACCESSIBIL": "Partially Accessible - Interchange Only", "NETWORK": "London Underground", "DATASET_LA": "2021-11-29T00:00:00", "FULL_NAME": "Gunnersbury station", "LINES": "District", "ATCOCODE": "940GZZLUGBY", "MODES": "tube", "NIGHT_TUBE": "No" }, "geometry": { "type": "Point", "coordinates": [ 519845.254499999980908, 178387.583799999003531, 0.0 ] } },
{ "type": "Feature", "properties": { "OBJECTID": 268, "NAME": "Piccadilly Circus", "ACCESSIBIL": "Not Accessible", "NETWORK": "London Underground", "DATASET_LA": "2021-11-29T00:00:00", "FULL_NAME": "Piccadilly Circus station", "LINES": "Bakerloo, Piccadilly", "ATCOCODE": "940GZZLUPCC", "MODES": "bus, tube", "NIGHT_TUBE": "Yes" }, "geometry": { "type": "Point", "coordinates": [ 529612.6446, 180665.529899999004556, 0.0 ] } },
{ "type": "Feature", "properties": { "OBJECTID": 269, "NAME": "Charing Cross", "ACCESSIBIL": "Fully Accessible", "NETWORK": "London Underground", "DATASET_LA": "2021-11-29T00:00:00", "FULL_NAME": "Charing Cross station", "LINES": "Bakerloo, Northern", "ATCOCODE": "940GZZLUCHX", "MODES": "tube", "NIGHT_TUBE": "Yes" }, "geometry": { "type": "Point", "coordinates": [ 530057.699200000031851, 180378.381899998988956, 0.0 ] } },
{ "type": "Feature", "properties": { "OBJECTID": 270, "NAME": "Elephant & Castle", "ACCESSIBIL": "Partially Accessible", "NETWORK": "London Underground", "DATASET_LA": "2021-11-29T00:00:00", "FULL_NAME": "Elephant & Castle station", "LINES": "Northern, Bakerloo", "ATCOCODE": "940GZZLUEAC", "MODES": "tube", "NIGHT_TUBE": "No" }, "geometry": { "type": "Point", "coordinates": [ 531908.964599999948405, 179141.886900000012247, 0.0 ] } },
{ "type": "Feature", "properties": { "OBJECTID": 271, "NAME": "Lambeth North", "ACCESSIBIL": "Not Accessible", "NETWORK": "London Underground", "DATASET_LA": "2021-11-29T00:00:00", "FULL_NAME": "Lambeth North station", "LINES": "Bakerloo", "ATCOCODE": "940GZZLULBN", "MODES": "bus, tube", "NIGHT_TUBE": "No" }, "geometry": { "type": "Point", "coordinates": [ 531133.581499999971129, 179456.1932, 0.0 ] } },
{ "type": "Feature", "properties": { "OBJECTID": 272, "NAME": "Edgware Road (Bakerloo)", "ACCESSIBIL": "Not Accessible", "NETWORK": "London Underground", "DATASET_LA": "2021-11-29T00:00:00", "FULL_NAME": "Edgware Road (Bakerloo) station", "LINES": "Bakerloo", "ATCOCODE": "940GZZLUERB", "MODES": "tube, bus", "NIGHT_TUBE": "No" }, "geometry": { "type": "Point", "coordinates": [ 527046.704400000046007, 181758.946300000010524, 0.0 ] } },
{ "type": "Feature", "properties": { "OBJECTID": 273, "NAME": "Maida Vale", "ACCESSIBIL": "Not Accessible", "NETWORK": "London Underground", "DATASET_LA": "2021-11-29T00:00:00", "FULL_NAME": "Maida Vale station", "LINES": "Bakerloo", "ATCOCODE": "940GZZLUMVL", "MODES": "tube", "NIGHT_TUBE": "No" }, "geometry": { "type": "Point", "coordinates": [ 525940.215100000030361, 182761.773700001009274, 0.0 ] } },
{ "type": "Feature", "properties": { "OBJECTID": 274, "NAME": "Kilburn Park", "ACCESSIBIL": "Not Accessible", "NETWORK": "London Underground", "DATASET_LA": "2021-11-29T00:00:00", "FULL_NAME": "Kilburn Park station", "LINES": "Bakerloo", "ATCOCODE": "940GZZLUKPK", "MODES": "tube, bus", "NIGHT_TUBE": "No" }, "geometry": { "type": "Point", "coordinates": [ 525357.748600000049919, 183328.0363, 0.0 ] } },
{ "type": "Feature", "properties": { "OBJECTID": 275, "NAME": "Marylebone", "ACCESSIBIL": "Not Accessible", "NETWORK": "London Underground", "DATASET_LA": "2021-11-29T00:00:00", "FULL_NAME": "Marylebone station", "LINES": "Bakerloo", "ATCOCODE": "940GZZLUMYB", "MODES": "tube", "NIGHT_TUBE": "No" }, "geometry": { "type": "Point", "coordinates": [ 527458.7894, 181957.287599998991936, 0.0 ] } },
{ "type": "Feature", "properties": { "OBJECTID": 276, "NAME": "Regent's Park", "ACCESSIBIL": "Not Accessible", "NETWORK": "London Underground", "DATASET_LA": "2021-11-29T00:00:00", "FULL_NAME": "Regent's Park station", "LINES": "Bakerloo", "ATCOCODE": "940GZZLURGP", "MODES": "tube, bus", "NIGHT_TUBE": "No" }, "geometry": { "type": "Point", "coordinates": [ 528699.295799999963492, 182113.1305, 0.0 ] } },
{ "type": "Feature", "properties": { "OBJECTID": 277, "NAME": "Sloane Square", "ACCESSIBIL": "Not Accessible", "NETWORK": "London Underground", "DATASET_LA": "2021-11-29T00:00:00", "FULL_NAME": "Sloane Square station", "LINES": "District, Circle", "ATCOCODE": "940GZZLUSSQ", "MODES": "bus, tube", "NIGHT_TUBE": "No" }, "geometry": { "type": "Point", "coordinates": [ 528090.717199999955483, 178654.757600000011735, 0.0 ] } },
{ "type": "Feature", "properties": { "OBJECTID": 278, "NAME": "Ravenscourt Park", "ACCESSIBIL": "Not Accessible", "NETWORK": "London Underground", "DATASET_LA": "2021-11-29T00:00:00", "FULL_NAME": "Ravenscourt Park station", "LINES": "District", "ATCOCODE": "940GZZLURVP", "MODES": "bus, tube", "NIGHT_TUBE": "No" }, "geometry": { "type": "Point", "coordinates": [ 522571.18670000002021, 178722.460000001010485, 0.0 ] } },
{ "type": "Feature", "properties": { "OBJECTID": 279, "NAME": "Hammersmith (Dist&Picc Line)", "ACCESSIBIL": "Fully Accessible", "NETWORK": "London Underground", "DATASET_LA": "2021-11-29T00:00:00", "FULL_NAME": "Hammersmith (Dist&Picc Line) station", "LINES": "District, Piccadilly", "ATCOCODE": "940GZZLUHSD", "MODES": "tube", "NIGHT_TUBE": "Yes" }, "geometry": { "type": "Point", "coordinates": [ 523460.948900000017602, 178502.723399999988033, 0.0 ] } },
{ "type": "Feature", "properties": { "OBJECTID": 280, "NAME": "Belsize Park", "ACCESSIBIL": "Not Accessible", "NETWORK": "London Underground", "DATASET_LA": "2021-11-29T00:00:00", "FULL_NAME": "Belsize Park station", "LINES": "Northern", "ATCOCODE": "940GZZLUBZP", "MODES": "bus, tube", "NIGHT_TUBE": "Yes" }, "geometry": { "type": "Point", "coordinates": [ 527353.798300000024028, 185088.897399998997571, 0.0 ] } },
{ "type": "Feature", "properties": { "OBJECTID": 281, "NAME": "Wood Green", "ACCESSIBIL": "Not Accessible", "NETWORK": "London Underground", "DATASET_LA": "2021-11-29T00:00:00", "FULL_NAME": "Wood Green station", "LINES": "Piccadilly", "ATCOCODE": "940GZZLUWOG", "MODES": "tube, bus", "NIGHT_TUBE": "Yes" }, "geometry": { "type": "Point", "coordinates": [ 531014.922099999967031, 190428.396500000992091, 0.0 ] } },
{ "type": "Feature", "properties": { "OBJECTID": 282, "NAME": "Bounds Green", "ACCESSIBIL": "Not Accessible", "NETWORK": "London Underground", "DATASET_LA": "2021-11-29T00:00:00", "FULL_NAME": "Bounds Green station", "LINES": "Piccadilly", "ATCOCODE": "940GZZLUBDS", "MODES": "tube, bus", "NIGHT_TUBE": "Yes" }, "geometry": { "type": "Point", "coordinates": [ 529984.486400000052527, 191469.272600000986131, 0.0 ] } },
{ "type": "Feature", "properties": { "OBJECTID": 283, "NAME": "Westminster", "ACCESSIBIL": "Fully Accessible", "NETWORK": "London Underground", "DATASET_LA": "2021-11-29T00:00:00", "FULL_NAME": "Westminster station", "LINES": "District, Circle, Jubilee", "ATCOCODE": "940GZZLUWSM", "MODES": "tube", "NIGHT_TUBE": "Yes" }, "geometry": { "type": "Point", "coordinates": [ 530195.6727, 179668.226399998995475, 0.0 ] } },
{ "type": "Feature", "properties": { "OBJECTID": 284, "NAME": "Kensington (Olympia)", "ACCESSIBIL": "Fully Accessible", "NETWORK": "London Underground", "DATASET_LA": "2021-11-29T00:00:00", "FULL_NAME": "Kensington (Olympia) station", "LINES": "District", "ATCOCODE": "940GZZLUKOY", "MODES": "tube", "NIGHT_TUBE": "No" }, "geometry": { "type": "Point", "coordinates": [ 524341.690700000035577, 179162.423900001012953, 0.0 ] } },
{ "type": "Feature", "properties": { "OBJECTID": 285, "NAME": "Euston", "ACCESSIBIL": "Partially Accessible", "NETWORK": "London Underground", "DATASET_LA": "2021-11-29T00:00:00", "FULL_NAME": "Euston station", "LINES": "Northern, Victoria", "ATCOCODE": "940GZZLUEUS", "MODES": "tube", "NIGHT_TUBE": "Yes" }, "geometry": { "type": "Point", "coordinates": [ 529498.319999999948777, 182668.2502, 0.0 ] } },
{ "type": "Feature", "properties": { "OBJECTID": 286, "NAME": "Waterloo", "ACCESSIBIL": "Partially Accessible", "NETWORK": "London Underground", "DATASET_LA": "2021-11-29T00:00:00", "FULL_NAME": "Waterloo station", "LINES": "Waterloo & City, Bakerloo, Northern, Jubilee", "ATCOCODE": "940GZZLUWLO", "MODES": "tube", "NIGHT_TUBE": "Yes" }, "geometry": { "type": "Point", "coordinates": [ 530968.180199999944307, 179961.9154, 0.0 ] } },
{ "type": "Feature", "properties": { "OBJECTID": 287, "NAME": "Upminster", "ACCESSIBIL": "Fully Accessible", "NETWORK": "London Underground", "DATASET_LA": "2021-11-29T00:00:00", "FULL_NAME": "Upminster station", "LINES": "District", "ATCOCODE": "940GZZLUUPM", "MODES": "tube", "NIGHT_TUBE": "No" }, "geometry": { "type": "Point", "coordinates": [ 556146.113999999943189, 186868.406300000991905, 0.0 ] } },
{ "type": "Feature", "properties": { "OBJECTID": 288, "NAME": "West Ham", "ACCESSIBIL": "Fully Accessible", "NETWORK": "London Underground", "DATASET_LA": "2021-11-29T00:00:00", "FULL_NAME": "West Ham station", "LINES": "District, Hammersmith & City, Jubilee", "ATCOCODE": "940GZZLUWHM", "MODES": "tube", "NIGHT_TUBE": "Yes" }, "geometry": { "type": "Point", "coordinates": [ 539130.980899999965914, 182944.644300001004012, 0.0 ] } },
{ "type": "Feature", "properties": { "OBJECTID": 289, "NAME": "Walthamstow Central", "ACCESSIBIL": "Not Accessible", "NETWORK": "London Underground", "DATASET_LA": "2021-11-29T00:00:00", "FULL_NAME": "Walthamstow Central station", "LINES": "Victoria", "ATCOCODE": "940GZZLUWWL", "MODES": "tube", "NIGHT_TUBE": "Yes" }, "geometry": { "type": "Point", "coordinates": [ 537176.474599999957718, 188994.332599999004742, 0.0 ] } },
{ "type": "Feature", "properties": { "OBJECTID": 290, "NAME": "Ealing Broadway", "ACCESSIBIL": "Partially Accessible - Interchange Only", "NETWORK": "London Underground", "DATASET_LA": "2021-11-29T00:00:00", "FULL_NAME": "Ealing Broadway station", "LINES": "District, Central", "ATCOCODE": "940GZZLUEBY", "MODES": "tube", "NIGHT_TUBE": "Yes" }, "geometry": { "type": "Point", "coordinates": [ 517989.3481, 180932.526699998998083, 0.0 ] } },
{ "type": "Feature", "properties": { "OBJECTID": 291, "NAME": "Acton Town", "ACCESSIBIL": "Fully Accessible", "NETWORK": "London Underground", "DATASET_LA": "2021-11-29T00:00:00", "FULL_NAME": "Acton Town station", "LINES": "District, Piccadilly", "ATCOCODE": "940GZZLUACT", "MODES": "bus, tube", "NIGHT_TUBE": "Yes" }, "geometry": { "type": "Point", "coordinates": [ 519477.606399999989662, 179592.1471, 0.0 ] } },
{ "type": "Feature", "properties": { "OBJECTID": 292, "NAME": "Ealing Common", "ACCESSIBIL": "Partially Accessible - Interchange Only", "NETWORK": "London Underground", "DATASET_LA": "2021-11-29T00:00:00", "FULL_NAME": "Ealing Common station", "LINES": "District, Piccadilly", "ATCOCODE": "940GZZLUECM", "MODES": "tube, bus", "NIGHT_TUBE": "No" }, "geometry": { "type": "Point", "coordinates": [ 518895.968500000017229, 180345.996200001012767, 0.0 ] } },
{ "type": "Feature", "properties": { "OBJECTID": 293, "NAME": "Green Park", "ACCESSIBIL": "Fully Accessible", "NETWORK": "London Underground", "DATASET_LA": "2021-11-29T00:00:00", "FULL_NAME": "Green Park station", "LINES": "Piccadilly, Victoria, Jubilee", "ATCOCODE": "940GZZLUGPK", "MODES": "bus, tube", "NIGHT_TUBE": "Yes" }, "geometry": { "type": "Point", "coordinates": [ 529007.2306, 180294.834799998992821, 0.0 ] } },
{ "type": "Feature", "properties": { "OBJECTID": 294, "NAME": "Finsbury Park", "ACCESSIBIL": "Partially Accessible - Interchange Only", "NETWORK": "London Underground", "DATASET_LA": "2021-11-29T00:00:00", "FULL_NAME": "Finsbury Park station", "LINES": "Piccadilly, Victoria", "ATCOCODE": "940GZZLUFPK", "MODES": "tube", "NIGHT_TUBE": "Yes" }, "geometry": { "type": "Point", "coordinates": [ 531329.886199999949895, 186775.332800000993302, 0.0 ] } },
{ "type": "Feature", "properties": { "OBJECTID": 295, "NAME": "Stockwell", "ACCESSIBIL": "Partially Accessible - Interchange Only", "NETWORK": "London Underground", "DATASET_LA": "2021-11-29T00:00:00", "FULL_NAME": "Stockwell station", "LINES": "Northern, Victoria", "ATCOCODE": "940GZZLUSKW", "MODES": "bus, tube", "NIGHT_TUBE": "Yes" }, "geometry": { "type": "Point", "coordinates": [ 530460.335500000044703, 176432.887399998988258, 0.0 ] } },
{ "type": "Feature", "properties": { "OBJECTID": 296, "NAME": "Morden", "ACCESSIBIL": "Fully Accessible", "NETWORK": "London Underground", "DATASET_LA": "2021-11-29T00:00:00", "FULL_NAME": "Morden station", "LINES": "Northern", "ATCOCODE": "940GZZLUMDN", "MODES": "tube, bus", "NIGHT_TUBE": "Yes" }, "geometry": { "type": "Point", "coordinates": [ 525669.787200000020675, 168602.371300000988413, 0.0 ] } },
{ "type": "Feature", "properties": { "OBJECTID": 297, "NAME": "Hammersmith (H&C Line)", "ACCESSIBIL": "Fully Accessible", "NETWORK": "London Underground", "DATASET_LA": "2021-11-29T00:00:00", "FULL_NAME": "Hammersmith (H&C Line) station", "LINES": "Hammersmith & City", "ATCOCODE": "940GZZLUHSC", "MODES": "tube", "NIGHT_TUBE": "No" }, "geometry": { "type": "Point", "coordinates": [ 523325.109699999971781, 178697.986300001008203, 0.0 ] } },
{ "type": "Feature", "properties": { "OBJECTID": 298, "NAME": "Hatton Cross", "ACCESSIBIL": "Not Accessible", "NETWORK": "London Underground", "DATASET_LA": "2021-11-29T00:00:00", "FULL_NAME": "Hatton Cross station", "LINES": "Piccadilly", "ATCOCODE": "940GZZLUHNX", "MODES": "tube, bus", "NIGHT_TUBE": "Yes" }, "geometry": { "type": "Point", "coordinates": [ 509608.3222, 175362.561799999006325, 0.0 ] } },
{ "type": "Feature", "properties": { "OBJECTID": 299, "NAME": "Hounslow West", "ACCESSIBIL": "Fully Accessible", "NETWORK": "London Underground", "DATASET_LA": "2021-11-29T00:00:00", "FULL_NAME": "Hounslow West station", "LINES": "Piccadilly", "ATCOCODE": "940GZZLUHWT", "MODES": "bus, tube", "NIGHT_TUBE": "Yes" }, "geometry": { "type": "Point", "coordinates": [ 512207.7403, 176196.9816, 0.0 ] } },
{ "type": "Feature", "properties": { "OBJECTID": 300, "NAME": "Hounslow Central", "ACCESSIBIL": "Not Accessible", "NETWORK": "London Underground", "DATASET_LA": "2021-11-29T00:00:00", "FULL_NAME": "Hounslow Central station", "LINES": "Piccadilly", "ATCOCODE": "940GZZLUHWC", "MODES": "tube, bus", "NIGHT_TUBE": "Yes" }, "geometry": { "type": "Point", "coordinates": [ 513567.6962, 175971.364700000995072, 0.0 ] } },
{ "type": "Feature", "properties": { "OBJECTID": 301, "NAME": "Hounslow East", "ACCESSIBIL": "Fully Accessible", "NETWORK": "London Underground", "DATASET_LA": "2021-11-29T00:00:00", "FULL_NAME": "Hounslow East station", "LINES": "Piccadilly", "ATCOCODE": "940GZZLUHWE", "MODES": "bus, tube", "NIGHT_TUBE": "Yes" }, "geometry": { "type": "Point", "coordinates": [ 514254.5504, 176202.929199998994591, 0.0 ] } },
{ "type": "Feature", "properties": { "OBJECTID": 302, "NAME": "Osterley", "ACCESSIBIL": "Not Accessible", "NETWORK": "London Underground", "DATASET_LA": "2021-11-29T00:00:00", "FULL_NAME": "Osterley station", "LINES": "Piccadilly", "ATCOCODE": "940GZZLUOSY", "MODES": "tube, bus", "NIGHT_TUBE": "Yes" }, "geometry": { "type": "Point", "coordinates": [ 514520.2731, 177096.8334, 0.0 ] } },
{ "type": "Feature", "properties": { "OBJECTID": 303, "NAME": "Northfields", "ACCESSIBIL": "Not Accessible", "NETWORK": "London Underground", "DATASET_LA": "2021-11-29T00:00:00", "FULL_NAME": "Northfields station", "LINES": "Piccadilly", "ATCOCODE": "940GZZLUNFD", "MODES": "tube, bus", "NIGHT_TUBE": "Yes" }, "geometry": { "type": "Point", "coordinates": [ 517196.805899999977555, 179206.2903, 0.0 ] } },
{ "type": "Feature", "properties": { "OBJECTID": 304, "NAME": "Barons Court", "ACCESSIBIL": "Partially Accessible - Interchange Only", "NETWORK": "London Underground", "DATASET_LA": "2021-11-29T00:00:00", "FULL_NAME": "Barons Court station", "LINES": "District, Piccadilly", "ATCOCODE": "940GZZLUBSC", "MODES": "tube", "NIGHT_TUBE": "Yes" }, "geometry": { "type": "Point", "coordinates": [ 524045.758299999986775, 178327.66459999998915, 0.0 ] } },
{ "type": "Feature", "properties": { "OBJECTID": 305, "NAME": "Fulham Broadway", "ACCESSIBIL": "Fully Accessible", "NETWORK": "London Underground", "DATASET_LA": "2021-11-29T00:00:00", "FULL_NAME": "Fulham Broadway station", "LINES": "District", "ATCOCODE": "940GZZLUFBY", "MODES": "bus, tube", "NIGHT_TUBE": "No" }, "geometry": { "type": "Point", "coordinates": [ 525454.609199999948032, 177301.7324, 0.0 ] } },
{ "type": "Feature", "properties": { "OBJECTID": 306, "NAME": "West Brompton", "ACCESSIBIL": "Partially Accessible", "NETWORK": "London Underground", "DATASET_LA": "2021-11-29T00:00:00", "FULL_NAME": "West Brompton station", "LINES": "District", "ATCOCODE": "940GZZLUWBN", "MODES": "tube", "NIGHT_TUBE": "No" }, "geometry": { "type": "Point", "coordinates": [ 525380.843899999978021, 178024.490700001013465, 0.0 ] } },
{ "type": "Feature", "properties": { "OBJECTID": 307, "NAME": "Stamford Brook", "ACCESSIBIL": "Not Accessible", "NETWORK": "London Underground", "DATASET_LA": "2021-11-29T00:00:00", "FULL_NAME": "Stamford Brook station", "LINES": "District", "ATCOCODE": "940GZZLUSFB", "MODES": "bus, tube", "NIGHT_TUBE": "No" }, "geometry": { "type": "Point", "coordinates": [ 521859.34529999998631, 178788.8474, 0.0 ] } },
{ "type": "Feature", "properties": { "OBJECTID": 308, "NAME": "Turnham Green", "ACCESSIBIL": "Partially Accessible - Interchange Only", "NETWORK": "London Underground", "DATASET_LA": "2021-11-29T00:00:00", "FULL_NAME": "Turnham Green station", "LINES": "District, Piccadilly", "ATCOCODE": "940GZZLUTNG", "MODES": "tube, bus", "NIGHT_TUBE": "No" }, "geometry": { "type": "Point", "coordinates": [ 521265.801700000010896, 178779.081100000010338, 0.0 ] } },
{ "type": "Feature", "properties": { "OBJECTID": 309, "NAME": "Aldgate East", "ACCESSIBIL": "Not Accessible", "NETWORK": "London Underground", "DATASET_LA": "2021-11-29T00:00:00", "FULL_NAME": "Aldgate East station", "LINES": "Hammersmith & City, District", "ATCOCODE": "940GZZLUADE", "MODES": "bus, tube", "NIGHT_TUBE": "No" }, "geometry": { "type": "Point", "coordinates": [ 533936.192099999985658, 181374.788000000989996, 0.0 ] } },
{ "type": "Feature", "properties": { "OBJECTID": 310, "NAME": "Whitechapel", "ACCESSIBIL": "Not Accessible", "NETWORK": "London Underground", "DATASET_LA": "2021-11-29T00:00:00", "FULL_NAME": "Whitechapel station", "LINES": "District, Hammersmith & City", "ATCOCODE": "940GZZLUWPL", "MODES": "tube", "NIGHT_TUBE": "No" }, "geometry": { "type": "Point", "coordinates": [ 534644.6261, 181850.337900000013178, 0.0 ] } },
{ "type": "Feature", "properties": { "OBJECTID": 311, "NAME": "Bow Road", "ACCESSIBIL": "Not Accessible", "NETWORK": "London Underground", "DATASET_LA": "2021-11-29T00:00:00", "FULL_NAME": "Bow Road station", "LINES": "District, Hammersmith & City", "ATCOCODE": "940GZZLUBWR", "MODES": "bus, tube", "NIGHT_TUBE": "No" }, "geometry": { "type": "Point", "coordinates": [ 537089.897299999953248, 182735.951300001004711, 0.0 ] } },
{ "type": "Feature", "properties": { "OBJECTID": 312, "NAME": "Wembley Park", "ACCESSIBIL": "Fully Accessible", "NETWORK": "London Underground", "DATASET_LA": "2021-11-29T00:00:00", "FULL_NAME": "Wembley Park station", "LINES": "Metropolitan, Jubilee", "ATCOCODE": "940GZZLUWYP", "MODES": "bus, tube", "NIGHT_TUBE": "Yes" }, "geometry": { "type": "Point", "coordinates": [ 519315.879499999980908, 186388.4845, 0.0 ] } },
{ "type": "Feature", "properties": { "OBJECTID": 313, "NAME": "Neasden", "ACCESSIBIL": "Not Accessible", "NETWORK": "London Underground", "DATASET_LA": "2021-11-29T00:00:00", "FULL_NAME": "Neasden station", "LINES": "Jubilee", "ATCOCODE": "940GZZLUNDN", "MODES": "bus, tube", "NIGHT_TUBE": "Yes" }, "geometry": { "type": "Point", "coordinates": [ 521342.334800000011455, 185397.9068, 0.0 ] } },
{ "type": "Feature", "properties": { "OBJECTID": 314, "NAME": "Totteridge & Whetstone", "ACCESSIBIL": "Not Accessible", "NETWORK": "London Underground", "DATASET_LA": "2021-11-29T00:00:00", "FULL_NAME": "Totteridge & Whetstone station", "LINES": "Northern", "ATCOCODE": "940GZZLUTAW", "MODES": "tube, bus", "NIGHT_TUBE": "Yes" }, "geometry": { "type": "Point", "coordinates": [ 526120.349399999948218, 193989.21840000001248, 0.0 ] } },
{ "type": "Feature", "properties": { "OBJECTID": 315, "NAME": "Heathrow Terminal 4", "ACCESSIBIL": "Fully Accessible", "NETWORK": "London Underground", "DATASET_LA": "2021-11-29T00:00:00", "FULL_NAME": "Heathrow Terminal 4 station", "LINES": "Piccadilly", "ATCOCODE": "940GZZLUHR4", "MODES": "tube", "NIGHT_TUBE": "Yes" }, "geometry": { "type": "Point", "coordinates": [ 508081.946400000015274, 174430.162599998991936, 0.0 ] } },
{ "type": "Feature", "properties": { "OBJECTID": 316, "NAME": "West Acton", "ACCESSIBIL": "Not Accessible", "NETWORK": "London Underground", "DATASET_LA": "2021-11-29T00:00:00", "FULL_NAME": "West Acton station", "LINES": "Central", "ATCOCODE": "940GZZLUWTA", "MODES": "bus, tube", "NIGHT_TUBE": "Yes" }, "geometry": { "type": "Point", "coordinates": [ 519372.862000000022817, 181295.9254, 0.0 ] } },
{ "type": "Feature", "properties": { "OBJECTID": 317, "NAME": "Stratford", "ACCESSIBIL": "Fully Accessible", "NETWORK": "London Underground", "DATASET_LA": "2021-11-29T00:00:00", "FULL_NAME": "Stratford station", "LINES": "Central, Jubilee", "ATCOCODE": "940GZZLUSTD", "MODES": "tube", "NIGHT_TUBE": "Yes" }, "geometry": { "type": "Point", "coordinates": [ 538530.048700000043027, 184394.6448, 0.0 ] } },
{ "type": "Feature", "properties": { "OBJECTID": 318, "NAME": "Uxbridge", "ACCESSIBIL": "Fully Accessible", "NETWORK": "London Underground", "DATASET_LA": "2021-11-29T00:00:00", "FULL_NAME": "Uxbridge station", "LINES": "Metropolitan, Piccadilly", "ATCOCODE": "940GZZLUUXB", "MODES": "bus, tube", "NIGHT_TUBE": "No" }, "geometry": { "type": "Point", "coordinates": [ 505661.003399999986868, 184161.1754, 0.0 ] } },
{ "type": "Feature", "properties": { "OBJECTID": 319, "NAME": "Hillingdon", "ACCESSIBIL": "Fully Accessible", "NETWORK": "London Underground", "DATASET_LA": "2021-11-29T00:00:00", "FULL_NAME": "Hillingdon station", "LINES": "Metropolitan, Piccadilly", "ATCOCODE": "940GZZLUHGD", "MODES": "bus, tube", "NIGHT_TUBE": "No" }, "geometry": { "type": "Point", "coordinates": [ 507602.2269, 185034.942299999005627, 0.0 ] } },
{ "type": "Feature", "properties": { "OBJECTID": 320, "NAME": "Ickenham", "ACCESSIBIL": "Not Accessible", "NETWORK": "London Underground", "DATASET_LA": "2021-11-29T00:00:00", "FULL_NAME": "Ickenham station", "LINES": "Metropolitan, Piccadilly", "ATCOCODE": "940GZZLUICK", "MODES": "tube, bus", "NIGHT_TUBE": "No" }, "geometry": { "type": "Point", "coordinates": [ 508092.356099999975413, 185937.613099999987753, 0.0 ] } },
{ "type": "Feature", "properties": { "OBJECTID": 321, "NAME": "Ruislip", "ACCESSIBIL": "Partially Accessible", "NETWORK": "London Underground", "DATASET_LA": "2021-11-29T00:00:00", "FULL_NAME": "Ruislip station", "LINES": "Metropolitan, Piccadilly", "ATCOCODE": "940GZZLURSP", "MODES": "bus, tube", "NIGHT_TUBE": "No" }, "geometry": { "type": "Point", "coordinates": [ 509473.570599999977276, 187004.4778, 0.0 ] } },
{ "type": "Feature", "properties": { "OBJECTID": 322, "NAME": "Ruislip Manor", "ACCESSIBIL": "Not Accessible", "NETWORK": "London Underground", "DATASET_LA": "2021-11-29T00:00:00", "FULL_NAME": "Ruislip Manor station", "LINES": "Metropolitan, Piccadilly", "ATCOCODE": "940GZZLURSM", "MODES": "bus, tube", "NIGHT_TUBE": "No" }, "geometry": { "type": "Point", "coordinates": [ 510159.791199999977835, 187262.366699998994591, 0.0 ] } },
{ "type": "Feature", "properties": { "OBJECTID": 323, "NAME": "Northwood Hills", "ACCESSIBIL": "Not Accessible", "NETWORK": "London Underground", "DATASET_LA": "2021-11-29T00:00:00", "FULL_NAME": "Northwood Hills station", "LINES": "Metropolitan", "ATCOCODE": "940GZZLUNWH", "MODES": "tube, bus", "NIGHT_TUBE": "No" }, "geometry": { "type": "Point", "coordinates": [ 510307.602000000013504, 190238.042400000995258, 0.0 ] } },
{ "type": "Feature", "properties": { "OBJECTID": 324, "NAME": "West Harrow", "ACCESSIBIL": "Not Accessible", "NETWORK": "London Underground", "DATASET_LA": "2021-11-29T00:00:00", "FULL_NAME": "West Harrow station", "LINES": "Metropolitan", "ATCOCODE": "940GZZLUWHW", "MODES": "tube", "NIGHT_TUBE": "No" }, "geometry": { "type": "Point", "coordinates": [ 514199.939599999983329, 188029.3693, 0.0 ] } },
{ "type": "Feature", "properties": { "OBJECTID": 325, "NAME": "Rayners Lane", "ACCESSIBIL": "Partially Accessible - Interchange Only", "NETWORK": "London Underground", "DATASET_LA": "2021-11-29T00:00:00", "FULL_NAME": "Rayners Lane station", "LINES": "Metropolitan, Piccadilly", "ATCOCODE": "940GZZLURYL", "MODES": "bus, tube", "NIGHT_TUBE": "No" }, "geometry": { "type": "Point", "coordinates": [ 512952.7879, 187515.07819999899948, 0.0 ] } },
{ "type": "Feature", "properties": { "OBJECTID": 326, "NAME": "North Harrow", "ACCESSIBIL": "Not Accessible", "NETWORK": "London Underground", "DATASET_LA": "2021-11-29T00:00:00", "FULL_NAME": "North Harrow station", "LINES": "Metropolitan", "ATCOCODE": "940GZZLUNHA", "MODES": "bus, tube", "NIGHT_TUBE": "No" }, "geometry": { "type": "Point", "coordinates": [ 513541.168699999980163, 188613.229499998997198, 0.0 ] } },
{ "type": "Feature", "properties": { "OBJECTID": 327, "NAME": "Pinner", "ACCESSIBIL": "Fully Accessible", "NETWORK": "London Underground", "DATASET_LA": "2021-11-29T00:00:00", "FULL_NAME": "Pinner station", "LINES": "Metropolitan", "ATCOCODE": "940GZZLUPNR", "MODES": "tube, bus", "NIGHT_TUBE": "No" }, "geometry": { "type": "Point", "coordinates": [ 512236.1384, 189460.752100000012433, 0.0 ] } },
{ "type": "Feature", "properties": { "OBJECTID": 328, "NAME": "Harrow-on-the-Hill", "ACCESSIBIL": "Partially Accessible - Interchange Only", "NETWORK": "London Underground", "DATASET_LA": "2021-11-29T00:00:00", "FULL_NAME": "Harrow-on-the-Hill station", "LINES": "Metropolitan", "ATCOCODE": "940GZZLUHOH", "MODES": "tube", "NIGHT_TUBE": "No" }, "geometry": { "type": "Point", "coordinates": [ 515346.200599999981932, 188038.3989, 0.0 ] } },
{ "type": "Feature", "properties": { "OBJECTID": 329, "NAME": "Northwick Park", "ACCESSIBIL": "Partially Accessible - Interchange Only", "NETWORK": "London Underground", "DATASET_LA": "2021-11-29T00:00:00", "FULL_NAME": "Northwick Park station", "LINES": "Metropolitan", "ATCOCODE": "940GZZLUNKP", "MODES": "tube, bus", "NIGHT_TUBE": "No" }, "geometry": { "type": "Point", "coordinates": [ 516643.300600000016857, 187963.52349999899161, 0.0 ] } },
{ "type": "Feature", "properties": { "OBJECTID": 330, "NAME": "Stanmore", "ACCESSIBIL": "Fully Accessible", "NETWORK": "London Underground", "DATASET_LA": "2021-11-29T00:00:00", "FULL_NAME": "Stanmore station", "LINES": "Jubilee", "ATCOCODE": "940GZZLUSTM", "MODES": "tube, bus", "NIGHT_TUBE": "Yes" }, "geometry": { "type": "Point", "coordinates": [ 517562.602100000018254, 192572.9608, 0.0 ] } },
{ "type": "Feature", "properties": { "OBJECTID": 331, "NAME": "Canons Park", "ACCESSIBIL": "Not Accessible", "NETWORK": "London Underground", "DATASET_LA": "2021-11-29T00:00:00", "FULL_NAME": "Canons Park station", "LINES": "Jubilee", "ATCOCODE": "940GZZLUCPK", "MODES": "bus, tube", "NIGHT_TUBE": "Yes" }, "geometry": { "type": "Point", "coordinates": [ 518186.896699999982957, 191252.07, 0.0 ] } },
{ "type": "Feature", "properties": { "OBJECTID": 332, "NAME": "St. John's Wood", "ACCESSIBIL": "Not Accessible", "NETWORK": "London Underground", "DATASET_LA": "2021-11-29T00:00:00", "FULL_NAME": "St. John's Wood station", "LINES": "Jubilee", "ATCOCODE": "940GZZLUSJW", "MODES": "tube, bus", "NIGHT_TUBE": "Yes" }, "geometry": { "type": "Point", "coordinates": [ 526735.285400000051595, 183390.871699999988778, 0.0 ] } },
{ "type": "Feature", "properties": { "OBJECTID": 333, "NAME": "Southwark", "ACCESSIBIL": "Fully Accessible", "NETWORK": "London Underground", "DATASET_LA": "2021-11-29T00:00:00", "FULL_NAME": "Southwark station", "LINES": "Jubilee", "ATCOCODE": "940GZZLUSWK", "MODES": "bus, tube", "NIGHT_TUBE": "Yes" }, "geometry": { "type": "Point", "coordinates": [ 531592.341200000024401, 180073.990499998995801, 0.0 ] } },
{ "type": "Feature", "properties": { "OBJECTID": 334, "NAME": "London Bridge", "ACCESSIBIL": "Fully Accessible", "NETWORK": "London Underground", "DATASET_LA": "2021-11-29T00:00:00", "FULL_NAME": "London Bridge station", "LINES": "Northern, Jubilee", "ATCOCODE": "940GZZLULNB", "MODES": "tube", "NIGHT_TUBE": "Yes" }, "geometry": { "type": "Point", "coordinates": [ 532683.047799999942072, 180188.852299999009119, 0.0 ] } },
{ "type": "Feature", "properties": { "OBJECTID": 335, "NAME": "Wimbledon", "ACCESSIBIL": "Fully Accessible", "NETWORK": "London Underground", "DATASET_LA": "2021-11-29T00:00:00", "FULL_NAME": "Wimbledon station", "LINES": "District", "ATCOCODE": "940GZZLUWIM", "MODES": "tube", "NIGHT_TUBE": "No" }, "geometry": { "type": "Point", "coordinates": [ 524800.380400000023656, 170683.6656, 0.0 ] } },
{ "type": "Feature", "properties": { "OBJECTID": 336, "NAME": "West Finchley", "ACCESSIBIL": "Fully Accessible", "NETWORK": "London Underground", "DATASET_LA": "2021-11-29T00:00:00", "FULL_NAME": "West Finchley station", "LINES": "Northern", "ATCOCODE": "940GZZLUWFN", "MODES": "tube", "NIGHT_TUBE": "Yes" }, "geometry": { "type": "Point", "coordinates": [ 525546.1518, 191626.948200000013458, 0.0 ] } },
{ "type": "Feature", "properties": { "OBJECTID": 379, "NAME": "Battersea Power Station", "ACCESSIBIL": null, "NETWORK": "London Underground", "DATASET_LA": "2021-11-29T00:00:00", "FULL_NAME": "Battersea Power Station station", "LINES": "Northern", "ATCOCODE": null, "MODES": "tube", "NIGHT_TUBE": "Yes" }, "geometry": { "type": "Point", "coordinates": [ 529024.878400000045076, 177247.2655, 0.0 ] } },
{ "type": "Feature", "properties": { "OBJECTID": 380, "NAME": "Nine Elms", "ACCESSIBIL": null, "NETWORK": "London Underground", "DATASET_LA": "2021-11-29T00:00:00", "FULL_NAME": "Nine Elms station", "LINES": "Northern", "ATCOCODE": null, "MODES": "tube", "NIGHT_TUBE": "Yes" }, "geometry": { "type": "Point", "coordinates": [ 529989.256700000027195, 177345.628799998987233, 0.0 ] } },
{ "type": "Feature", "properties": { "OBJECTID": 384, "NAME": "Edgware", "ACCESSIBIL": "Fully Accessible", "NETWORK": "London Underground", "DATASET_LA": "2021-11-29T00:00:00", "FULL_NAME": "Edgware station", "LINES": "Northern", "ATCOCODE": "940GZZLUEGW", "MODES": "bus, tube", "NIGHT_TUBE": "Yes" }, "geometry": { "type": "Point", "coordinates": [ 519550.4974, 191940.467299999989336, 0.0 ] } },
{ "type": "Feature", "properties": { "OBJECTID": 385, "NAME": "North Ealing", "ACCESSIBIL": "Not Accessible", "NETWORK": "London Underground", "DATASET_LA": "2021-11-29T00:00:00", "FULL_NAME": "North Ealing station", "LINES": "Piccadilly", "ATCOCODE": "940GZZLUNEN", "MODES": "bus, tube", "NIGHT_TUBE": "Yes" }, "geometry": { "type": "Point", "coordinates": [ 518828.04590000002645, 181227.755999999004416, 0.0 ] } },
{ "type": "Feature", "properties": { "OBJECTID": 386, "NAME": "Caledonian Road", "ACCESSIBIL": "Fully Accessible", "NETWORK": "London Underground", "DATASET_LA": "2021-11-29T00:00:00", "FULL_NAME": "Caledonian Road station", "LINES": "Piccadilly", "ATCOCODE": "940GZZLUCAR", "MODES": "tube, bus", "NIGHT_TUBE": "Yes" }, "geometry": { "type": "Point", "coordinates": [ 530558.363299999968149, 184969.778400000010151, 0.0 ] } },
{ "type": "Feature", "properties": { "OBJECTID": 387, "NAME": "Monument", "ACCESSIBIL": "Partially Accessible - Interchange Only", "NETWORK": "London Underground", "DATASET_LA": "2021-11-29T00:00:00", "FULL_NAME": "Monument station", "LINES": "District, Circle", "ATCOCODE": "940GZZLUMMT", "MODES": "tube, bus", "NIGHT_TUBE": "No" }, "geometry": { "type": "Point", "coordinates": [ 532911.919100000057369, 180824.076099998987047, 0.0 ] } },
{ "type": "Feature", "properties": { "OBJECTID": 388, "NAME": "Great Portland Street", "ACCESSIBIL": "Not Accessible", "NETWORK": "London Underground", "DATASET_LA": "2021-11-29T00:00:00", "FULL_NAME": "Great Portland Street station", "LINES": "Metropolitan, Circle, Hammersmith & City", "ATCOCODE": "940GZZLUGPS", "MODES": "bus, tube", "NIGHT_TUBE": "No" }, "geometry": { "type": "Point", "coordinates": [ 528837.973, 182179.857899999013171, 0.0 ] } },
{ "type": "Feature", "properties": { "OBJECTID": 389, "NAME": "Southfields", "ACCESSIBIL": "Fully Accessible", "NETWORK": "London Underground", "DATASET_LA": "2021-11-29T00:00:00", "FULL_NAME": "Southfields station", "LINES": "District", "ATCOCODE": "940GZZLUSFS", "MODES": "bus, tube", "NIGHT_TUBE": "No" }, "geometry": { "type": "Point", "coordinates": [ 524726.397, 173312.818499999004416, 0.0 ] } },
{ "type": "Feature", "properties": { "OBJECTID": 390, "NAME": "Dagenham Heathway", "ACCESSIBIL": "Fully Accessible", "NETWORK": "London Underground", "DATASET_LA": "2021-11-29T00:00:00", "FULL_NAME": "Dagenham Heathway station", "LINES": "District", "ATCOCODE": "940GZZLUDGY", "MODES": "tube, bus", "NIGHT_TUBE": "No" }, "geometry": { "type": "Point", "coordinates": [ 549022.541300000040792, 184709.7413, 0.0 ] } },
{ "type": "Feature", "properties": { "OBJECTID": 391, "NAME": "Heathrow Terminals 1-2-3", "ACCESSIBIL": "Fully Accessible", "NETWORK": "London Underground", "DATASET_LA": "2021-11-29T00:00:00", "FULL_NAME": "Heathrow Terminals 1-2-3 station", "LINES": "Piccadilly", "ATCOCODE": "940GZZLUHRC", "MODES": "tube", "NIGHT_TUBE": "Yes" }, "geometry": { "type": "Point", "coordinates": [ 507585.6702, 175839.6403, 0.0 ] } },
{ "type": "Feature", "properties": { "OBJECTID": 392, "NAME": "Westbourne Park", "ACCESSIBIL": "Not Accessible", "NETWORK": "London Underground", "DATASET_LA": "2021-11-29T00:00:00", "FULL_NAME": "Westbourne Park station", "LINES": "Hammersmith & City, Circle", "ATCOCODE": "940GZZLUWSP", "MODES": "bus, tube", "NIGHT_TUBE": "No" }, "geometry": { "type": "Point", "coordinates": [ 524901.423799999989569, 181755.9263, 0.0 ] } },
{ "type": "Feature", "properties": { "OBJECTID": 393, "NAME": "Hanger Lane", "ACCESSIBIL": "Not Accessible", "NETWORK": "London Underground", "DATASET_LA": "2021-11-29T00:00:00", "FULL_NAME": "Hanger Lane station", "LINES": "Central", "ATCOCODE": "940GZZLUHGR", "MODES": "tube, bus", "NIGHT_TUBE": "No" }, "geometry": { "type": "Point", "coordinates": [ 518527.315699999977369, 182634.1785, 0.0 ] } },
{ "type": "Feature", "properties": { "OBJECTID": 394, "NAME": "Gants Hill", "ACCESSIBIL": "Not Accessible", "NETWORK": "London Underground", "DATASET_LA": "2021-11-29T00:00:00", "FULL_NAME": "Gants Hill station", "LINES": "Central", "ATCOCODE": "940GZZLUGTH", "MODES": "bus, tube", "NIGHT_TUBE": "Yes" }, "geometry": { "type": "Point", "coordinates": [ 543273.6779, 188430.207599999004742, 0.0 ] } },
{ "type": "Feature", "properties": { "OBJECTID": 395, "NAME": "Bromley-by-Bow", "ACCESSIBIL": "Not Accessible", "NETWORK": "London Underground", "DATASET_LA": "2021-11-29T00:00:00", "FULL_NAME": "Bromley-by-Bow station", "LINES": "District, Hammersmith & City", "ATCOCODE": "940GZZLUBBB", "MODES": "bus, tube", "NIGHT_TUBE": "No" }, "geometry": { "type": "Point", "coordinates": [ 538049.56339999998454, 182523.513599998987047, 0.0 ] } },
{ "type": "Feature", "properties": { "OBJECTID": 396, "NAME": "Richmond", "ACCESSIBIL": "Fully Accessible", "NETWORK": "London Underground", "DATASET_LA": "2021-11-29T00:00:00", "FULL_NAME": "Richmond station", "LINES": "District", "ATCOCODE": "940GZZLURMD", "MODES": "tube", "NIGHT_TUBE": "No" }, "geometry": { "type": "Point", "coordinates": [ 518077.152899999986403, 175161.4717, 0.0 ] } },
{ "type": "Feature", "properties": { "OBJECTID": 397, "NAME": "Warwick Avenue", "ACCESSIBIL": "Not Accessible", "NETWORK": "London Underground", "DATASET_LA": "2021-11-29T00:00:00", "FULL_NAME": "Warwick Avenue station", "LINES": "Bakerloo", "ATCOCODE": "940GZZLUWKA", "MODES": "bus, tube", "NIGHT_TUBE": "No" }, "geometry": { "type": "Point", "coordinates": [ 526112.403599999961443, 182039.408, 0.0 ] } },
{ "type": "Feature", "properties": { "OBJECTID": 398, "NAME": "St. James's Park", "ACCESSIBIL": "Not Accessible", "NETWORK": "London Underground", "DATASET_LA": "2021-11-29T00:00:00", "FULL_NAME": "St. James's Park station", "LINES": "District, Circle", "ATCOCODE": "940GZZLUSJP", "MODES": "tube", "NIGHT_TUBE": "No" }, "geometry": { "type": "Point", "coordinates": [ 529646.606099999975413, 179498.074100000987528, 0.0 ] } },
{ "type": "Feature", "properties": { "OBJECTID": 399, "NAME": "Turnpike Lane", "ACCESSIBIL": "Not Accessible", "NETWORK": "London Underground", "DATASET_LA": "2021-11-29T00:00:00", "FULL_NAME": "Turnpike Lane station", "LINES": "Piccadilly", "ATCOCODE": "940GZZLUTPN", "MODES": "bus, tube", "NIGHT_TUBE": "Yes" }, "geometry": { "type": "Point", "coordinates": [ 531512.729000000050291, 189637.9518, 0.0 ] } },
{ "type": "Feature", "properties": { "OBJECTID": 400, "NAME": "Barking", "ACCESSIBIL": "Fully Accessible", "NETWORK": "London Underground", "DATASET_LA": "2021-11-29T00:00:00", "FULL_NAME": "Barking station", "LINES": "District, Hammersmith & City", "ATCOCODE": "940GZZLUBKG", "MODES": "tube", "NIGHT_TUBE": "No" }, "geometry": { "type": "Point", "coordinates": [ 544358.805199999944307, 184382.179, 0.0 ] } },
{ "type": "Feature", "properties": { "OBJECTID": 433, "NAME": "South Wimbledon", "ACCESSIBIL": "Not Accessible", "NETWORK": "London Underground", "DATASET_LA": "2021-11-29T00:00:00", "FULL_NAME": "South Wimbledon station", "LINES": "Northern", "ATCOCODE": "940GZZLUSWN", "MODES": "bus, tube", "NIGHT_TUBE": "Yes" }, "geometry": { "type": "Point", "coordinates": [ 525736.39469999994617, 169989.447600000014063, 0.0 ] } },
{ "type": "Feature", "properties": { "OBJECTID": 434, "NAME": "Boston Manor", "ACCESSIBIL": "Not Accessible", "NETWORK": "London Underground", "DATASET_LA": "2021-11-29T00:00:00", "FULL_NAME": "Boston Manor station", "LINES": "Piccadilly", "ATCOCODE": "940GZZLUBOS", "MODES": "tube, bus", "NIGHT_TUBE": "Yes" }, "geometry": { "type": "Point", "coordinates": [ 516333.518800000019837, 178693.009, 0.0 ] } },
{ "type": "Feature", "properties": { "OBJECTID": 435, "NAME": "Stepney Green", "ACCESSIBIL": "Not Accessible", "NETWORK": "London Underground", "DATASET_LA": "2021-11-29T00:00:00", "FULL_NAME": "Stepney Green station", "LINES": "District, Hammersmith & City", "ATCOCODE": "940GZZLUSGN", "MODES": "bus, tube", "NIGHT_TUBE": "No" }, "geometry": { "type": "Point", "coordinates": [ 535621.31160000001546, 182135.557, 0.0 ] } },
{ "type": "Feature", "properties": { "OBJECTID": 436, "NAME": "High Barnet", "ACCESSIBIL": "Fully Accessible", "NETWORK": "London Underground", "DATASET_LA": "2021-11-29T00:00:00", "FULL_NAME": "High Barnet station", "LINES": "Northern", "ATCOCODE": "940GZZLUHBT", "MODES": "tube, bus", "NIGHT_TUBE": "Yes" }, "geometry": { "type": "Point", "coordinates": [ 525030.14269999996759, 196180.32819999899948, 0.0 ] } },
{ "type": "Feature", "properties": { "OBJECTID": 437, "NAME": "Eastcote", "ACCESSIBIL": "Not Accessible", "NETWORK": "London Underground", "DATASET_LA": "2021-11-29T00:00:00", "FULL_NAME": "Eastcote station", "LINES": "Metropolitan, Piccadilly", "ATCOCODE": "940GZZLUEAE", "MODES": "tube, bus", "NIGHT_TUBE": "No" }, "geometry": { "type": "Point", "coordinates": [ 511153.347300000023097, 187621.8123, 0.0 ] } },
{ "type": "Feature", "properties": { "OBJECTID": 438, "NAME": "Amersham", "ACCESSIBIL": "Partially Accessible", "NETWORK": "London Underground", "DATASET_LA": "2021-11-29T00:00:00", "FULL_NAME": "Amersham station", "LINES": "Metropolitan", "ATCOCODE": "940GZZLUAMS", "MODES": "tube", "NIGHT_TUBE": "No" }, "geometry": { "type": "Point", "coordinates": [ 496371.578099999984261, 198181.3279, 0.0 ] } },
{ "type": "Feature", "properties": { "OBJECTID": 439, "NAME": "Willesden Green", "ACCESSIBIL": "Not Accessible", "NETWORK": "London Underground", "DATASET_LA": "2021-11-29T00:00:00", "FULL_NAME": "Willesden Green station", "LINES": "Jubilee", "ATCOCODE": "940GZZLUWIG", "MODES": "bus, tube", "NIGHT_TUBE": "Yes" }, "geometry": { "type": "Point", "coordinates": [ 523328.566, 184883.4222, 0.0 ] } },
{ "type": "Feature", "properties": { "OBJECTID": 440, "NAME": "Balham", "ACCESSIBIL": "Not Accessible", "NETWORK": "London Underground", "DATASET_LA": "2021-11-29T00:00:00", "FULL_NAME": "Balham station", "LINES": "Northern", "ATCOCODE": "940GZZLUBLM", "MODES": "tube", "NIGHT_TUBE": "Yes" }, "geometry": { "type": "Point", "coordinates": [ 528480.327399999951012, 173244.480799999000737, 0.0 ] } },
{ "type": "Feature", "properties": { "OBJECTID": 441, "NAME": "Camden Town", "ACCESSIBIL": "Partially Accessible - Interchange Only", "NETWORK": "London Underground", "DATASET_LA": "2021-11-29T00:00:00", "FULL_NAME": "Camden Town station", "LINES": "Northern", "ATCOCODE": "940GZZLUCTN", "MODES": "bus, tube", "NIGHT_TUBE": "Yes" }, "geometry": { "type": "Point", "coordinates": [ 528910.252499999944121, 183893.5725, 0.0 ] } },
{ "type": "Feature", "properties": { "OBJECTID": 442, "NAME": "Heathrow Terminal 5", "ACCESSIBIL": "Fully Accessible", "NETWORK": "London Underground", "DATASET_LA": "2021-11-29T00:00:00", "FULL_NAME": "Heathrow Terminal 5 station", "LINES": "Piccadilly", "ATCOCODE": "940GZZLUHR5", "MODES": "tube", "NIGHT_TUBE": "No" }, "geometry": { "type": "Point", "coordinates": [ 505109.384100000024773, 175923.8204, 0.0 ] } },
{ "type": "Feature", "properties": { "OBJECTID": 470, "NAME": "Willesden Junction", "ACCESSIBIL": "Fully Accessible", "NETWORK": "London Underground", "DATASET_LA": "2021-11-29T00:00:00", "FULL_NAME": "Willesden Junction station", "LINES": "Bakerloo", "ATCOCODE": "940GZZLUWJN", "MODES": "tube", "NIGHT_TUBE": "No" }, "geometry": { "type": "Point", "coordinates": [ 521858.4876, 182959.820100000011735, 0.0 ] } },
{ "type": "Feature", "properties": { "OBJECTID": 471, "NAME": "East Finchley", "ACCESSIBIL": "Not Accessible", "NETWORK": "London Underground", "DATASET_LA": "2021-11-29T00:00:00", "FULL_NAME": "East Finchley station", "LINES": "Northern", "ATCOCODE": "940GZZLUEFY", "MODES": "tube, bus", "NIGHT_TUBE": "Yes" }, "geometry": { "type": "Point", "coordinates": [ 527221.696, 189183.6545, 0.0 ] } },
{ "type": "Feature", "properties": { "OBJECTID": 472, "NAME": "Highgate", "ACCESSIBIL": "Not Accessible", "NETWORK": "London Underground", "DATASET_LA": "2021-11-29T00:00:00", "FULL_NAME": "Highgate station", "LINES": "Northern", "ATCOCODE": "940GZZLUHGT", "MODES": "bus, tube", "NIGHT_TUBE": "Yes" }, "geometry": { "type": "Point", "coordinates": [ 528534.7964, 188180.791099999012658, 0.0 ] } },
{ "type": "Feature", "properties": { "OBJECTID": 473, "NAME": "Chesham", "ACCESSIBIL": "Fully Accessible", "NETWORK": "London Underground", "DATASET_LA": "2021-11-29T00:00:00", "FULL_NAME": "Chesham station", "LINES": "Metropolitan", "ATCOCODE": "940GZZLUCSM", "MODES": "tube", "NIGHT_TUBE": "No" }, "geometry": { "type": "Point", "coordinates": [ 496079.371099999989383, 201633.0847, 0.0 ] } },
{ "type": "Feature", "properties": { "OBJECTID": 474, "NAME": "Rickmansworth", "ACCESSIBIL": "Partially Accessible", "NETWORK": "London Underground", "DATASET_LA": "2021-11-29T00:00:00", "FULL_NAME": "Rickmansworth station", "LINES": "Metropolitan", "ATCOCODE": "940GZZLURKW", "MODES": "tube", "NIGHT_TUBE": "No" }, "geometry": { "type": "Point", "coordinates": [ 505715.606099999975413, 194601.2017, 0.0 ] } },
{ "type": "Feature", "properties": { "OBJECTID": 475, "NAME": "Moor Park", "ACCESSIBIL": "Not Accessible", "NETWORK": "London Underground", "DATASET_LA": "2021-11-29T00:00:00", "FULL_NAME": "Moor Park station", "LINES": "Metropolitan", "ATCOCODE": "940GZZLUMPK", "MODES": "tube", "NIGHT_TUBE": "No" }, "geometry": { "type": "Point", "coordinates": [ 508606.478899999987334, 193502.849199999007396, 0.0 ] } },
{ "type": "Feature", "properties": { "OBJECTID": 476, "NAME": "Northwood", "ACCESSIBIL": "Not Accessible", "NETWORK": "London Underground", "DATASET_LA": "2021-11-29T00:00:00", "FULL_NAME": "Northwood station", "LINES": "Metropolitan", "ATCOCODE": "940GZZLUNOW", "MODES": "bus, tube", "NIGHT_TUBE": "No" }, "geometry": { "type": "Point", "coordinates": [ 509229.710299999976996, 191418.743500000011409, 0.0 ] } },
{ "type": "Feature", "properties": { "OBJECTID": 477, "NAME": "Croxley", "ACCESSIBIL": "Not Accessible", "NETWORK": "London Underground", "DATASET_LA": "2021-11-29T00:00:00", "FULL_NAME": "Croxley station", "LINES": "Metropolitan", "ATCOCODE": "940GZZLUCXY", "MODES": "tube", "NIGHT_TUBE": "No" }, "geometry": { "type": "Point", "coordinates": [ 507909.459900000016205, 195402.8332, 0.0 ] } },
{ "type": "Feature", "properties": { "OBJECTID": 478, "NAME": "Watford", "ACCESSIBIL": "Not Accessible", "NETWORK": "London Underground", "DATASET_LA": "2021-11-29T00:00:00", "FULL_NAME": "Watford station", "LINES": "Metropolitan", "ATCOCODE": "940GZZLUWAF", "MODES": "tube", "NIGHT_TUBE": "No" }, "geometry": { "type": "Point", "coordinates": [ 509569.46999999997206, 196595.961700000014389, 0.0 ] } },
{ "type": "Feature", "properties": { "OBJECTID": 479, "NAME": "Borough", "ACCESSIBIL": "Partially Accessible", "NETWORK": "London Underground", "DATASET_LA": "2021-11-29T00:00:00", "FULL_NAME": "Borough station", "LINES": "Northern", "ATCOCODE": "940GZZLUBOR", "MODES": "bus, tube", "NIGHT_TUBE": "No" }, "geometry": { "type": "Point", "coordinates": [ 532439.963299999944866, 179751.461100001004525, 0.0 ] } },
{ "type": "Feature", "properties": { "OBJECTID": 480, "NAME": "Old Street", "ACCESSIBIL": "Not Accessible", "NETWORK": "London Underground", "DATASET_LA": "2021-11-29T00:00:00", "FULL_NAME": "Old Street station", "LINES": "Northern", "ATCOCODE": "940GZZLUODS", "MODES": "tube", "NIGHT_TUBE": "No" }, "geometry": { "type": "Point", "coordinates": [ 532764.45070000004489, 182418.811100001010345, 0.0 ] } },
{ "type": "Feature", "properties": { "OBJECTID": 481, "NAME": "Angel", "ACCESSIBIL": "Not Accessible", "NETWORK": "London Underground", "DATASET_LA": "2021-11-29T00:00:00", "FULL_NAME": "Angel station", "LINES": "Northern", "ATCOCODE": "940GZZLUAGL", "MODES": "tube, bus", "NIGHT_TUBE": "No" }, "geometry": { "type": "Point", "coordinates": [ 531560.561499999952503, 183099.9257, 0.0 ] } },
{ "type": "Feature", "properties": { "OBJECTID": 482, "NAME": "Hendon Central", "ACCESSIBIL": "Fully Accessible", "NETWORK": "London Underground", "DATASET_LA": "2021-11-29T00:00:00", "FULL_NAME": "Hendon Central station", "LINES": "Northern", "ATCOCODE": "940GZZLUHCL", "MODES": "tube, bus", "NIGHT_TUBE": "Yes" }, "geometry": { "type": "Point", "coordinates": [ 522985.7318, 188635.9596, 0.0 ] } },
{ "type": "Feature", "properties": { "OBJECTID": 483, "NAME": "Seven Sisters", "ACCESSIBIL": "Not Accessible", "NETWORK": "London Underground", "DATASET_LA": "2021-11-29T00:00:00", "FULL_NAME": "Seven Sisters station", "LINES": "Victoria", "ATCOCODE": "940GZZLUSVS", "MODES": "tube", "NIGHT_TUBE": "Yes" }, "geometry": { "type": "Point", "coordinates": [ 533642.898599999956787, 188930.9134, 0.0 ] } },
{ "type": "Feature", "properties": { "OBJECTID": 484, "NAME": "Theydon Bois", "ACCESSIBIL": "Partially Accessible", "NETWORK": "London Underground", "DATASET_LA": "2021-11-29T00:00:00", "FULL_NAME": "Theydon Bois station", "LINES": "Central", "ATCOCODE": "940GZZLUTHB", "MODES": "tube", "NIGHT_TUBE": "No" }, "geometry": { "type": "Point", "coordinates": [ 545541.512699999962933, 199100.82850000099279, 0.0 ] } },
{ "type": "Feature", "properties": { "OBJECTID": 485, "NAME": "Kenton", "ACCESSIBIL": "Not Accessible", "NETWORK": "London Underground", "DATASET_LA": "2021-11-29T00:00:00", "FULL_NAME": "Kenton station", "LINES": "Bakerloo", "ATCOCODE": "940GZZLUKEN", "MODES": "tube", "NIGHT_TUBE": "No" }, "geometry": { "type": "Point", "coordinates": [ 516727.991800000017975, 188314.471599999989849, 0.0 ] } },
{ "type": "Feature", "properties": { "OBJECTID": 486, "NAME": "Woodside Park", "ACCESSIBIL": "Fully Accessible", "NETWORK": "London Underground", "DATASET_LA": "2021-11-29T00:00:00", "FULL_NAME": "Woodside Park station", "LINES": "Northern", "ATCOCODE": "940GZZLUWOP", "MODES": "tube, bus", "NIGHT_TUBE": "No" }, "geometry": { "type": "Point", "coordinates": [ 525718.445399999967776, 192588.1262, 0.0 ] } },
{ "type": "Feature", "properties": { "OBJECTID": 487, "NAME": "Preston Road", "ACCESSIBIL": "Not Accessible", "NETWORK": "London Underground", "DATASET_LA": "2021-11-29T00:00:00", "FULL_NAME": "Preston Road station", "LINES": "Metropolitan", "ATCOCODE": "940GZZLUPRD", "MODES": "tube, bus", "NIGHT_TUBE": "No" }, "geometry": { "type": "Point", "coordinates": [ 518249.3308, 187281.8291, 0.0 ] } },
{ "type": "Feature", "properties": { "OBJECTID": 381, "NAME": "Forest Gate", "ACCESSIBIL": "Fully Accessible", "NETWORK": "TfL Rail", "DATASET_LA": "2022-05-26T00:00:00", "FULL_NAME": "Forest Gate station", "LINES": "Elizabeth Line", "ATCOCODE": null, "MODES": null, "NIGHT_TUBE": null }, "geometry": { "type": "Point", "coordinates": [ 540409.113999999943189, 185311.626399998989655, 0.0 ] } },
{ "type": "Feature", "properties": { "OBJECTID": 382, "NAME": "Ilford", "ACCESSIBIL": "Fully Accessible", "NETWORK": "TfL Rail", "DATASET_LA": "2022-05-26T00:00:00", "FULL_NAME": "Ilford station", "LINES": "Elizabeth Line", "ATCOCODE": null, "MODES": null, "NIGHT_TUBE": null }, "geometry": { "type": "Point", "coordinates": [ 543515.859599999967031, 186487.352399999013869, 0.0 ] } },
{ "type": "Feature", "properties": { "OBJECTID": 383, "NAME": "Seven Kings", "ACCESSIBIL": "Fully Accessible", "NETWORK": "TfL Rail", "DATASET_LA": "2022-05-26T00:00:00", "FULL_NAME": "Seven Kings station", "LINES": "Elizabeth Line", "ATCOCODE": null, "MODES": null, "NIGHT_TUBE": null }, "geometry": { "type": "Point", "coordinates": [ 545384.047600000048988, 187089.397500001010485, 0.0 ] } },
{ "type": "Feature", "properties": { "OBJECTID": 401, "NAME": "Goodmayes", "ACCESSIBIL": "Fully Accessible", "NETWORK": "TfL Rail", "DATASET_LA": "2022-05-26T00:00:00", "FULL_NAME": "Goodmayes station", "LINES": "Elizabeth Line", "ATCOCODE": null, "MODES": null, "NIGHT_TUBE": null }, "geometry": { "type": "Point", "coordinates": [ 546470.589400000055321, 187325.4033, 0.0 ] } },
{ "type": "Feature", "properties": { "OBJECTID": 402, "NAME": "Romford", "ACCESSIBIL": "Fully Accessible", "NETWORK": "TfL Rail", "DATASET_LA": "2022-05-26T00:00:00", "FULL_NAME": "Romford station", "LINES": "Elizabeth Line", "ATCOCODE": null, "MODES": null, "NIGHT_TUBE": null }, "geometry": { "type": "Point", "coordinates": [ 551323.363000000012107, 188458.677100000990322, 0.0 ] } },
{ "type": "Feature", "properties": { "OBJECTID": 403, "NAME": "Gidea Park", "ACCESSIBIL": "Fully Accessible", "NETWORK": "TfL Rail", "DATASET_LA": "2022-05-26T00:00:00", "FULL_NAME": "Gidea Park station", "LINES": "Elizabeth Line", "ATCOCODE": null, "MODES": null, "NIGHT_TUBE": null }, "geometry": { "type": "Point", "coordinates": [ 552957.60820000001695, 189327.987400001002243, 0.0 ] } },
{ "type": "Feature", "properties": { "OBJECTID": 404, "NAME": "Custom House", "ACCESSIBIL": "Fully Accessible", "NETWORK": "TfL Rail", "DATASET_LA": "2022-05-26T00:00:00", "FULL_NAME": "Custom House station", "LINES": "Elizabeth Line", "ATCOCODE": null, "MODES": null, "NIGHT_TUBE": null }, "geometry": { "type": "Point", "coordinates": [ 540872.7513, 180939.057800000999123, 0.0 ] } },
{ "type": "Feature", "properties": { "OBJECTID": 405, "NAME": "Maryland", "ACCESSIBIL": "Fully Accessible", "NETWORK": "TfL Rail", "DATASET_LA": "2022-05-26T00:00:00", "FULL_NAME": "Maryland station", "LINES": "Elizabeth Line", "ATCOCODE": null, "MODES": null, "NIGHT_TUBE": null }, "geometry": { "type": "Point", "coordinates": [ 539193.947200000053272, 184915.748600001010345, 0.0 ] } },
{ "type": "Feature", "properties": { "OBJECTID": 406, "NAME": "Abbey Wood", "ACCESSIBIL": "Fully Accessible", "NETWORK": "TfL Rail", "DATASET_LA": "2022-05-26T00:00:00", "FULL_NAME": "Abbey Wood station", "LINES": "Elizabeth Line", "ATCOCODE": null, "MODES": null, "NIGHT_TUBE": null }, "geometry": { "type": "Point", "coordinates": [ 547314.98250000004191, 179034.7598, 0.0 ] } },
{ "type": "Feature", "properties": { "OBJECTID": 407, "NAME": "Woolwich", "ACCESSIBIL": "Fully Accessible", "NETWORK": "TfL Rail", "DATASET_LA": "2022-05-26T00:00:00", "FULL_NAME": "Woolwich station", "LINES": "Elizabeth Line", "ATCOCODE": null, "MODES": null, "NIGHT_TUBE": null }, "geometry": { "type": "Point", "coordinates": [ 543951.524899999960326, 179004.5274, 0.0 ] } },
{ "type": "Feature", "properties": { "OBJECTID": 408, "NAME": "Liverpool Street", "ACCESSIBIL": "Fully Accessible", "NETWORK": "TfL Rail", "DATASET_LA": "2022-05-26T00:00:00", "FULL_NAME": "Liverpool Street station", "LINES": "Elizabeth Line", "ATCOCODE": null, "MODES": null, "NIGHT_TUBE": null }, "geometry": { "type": "Point", "coordinates": [ 532851.521599999978207, 181597.8254, 0.0 ] } },
{ "type": "Feature", "properties": { "OBJECTID": 409, "NAME": "Whitechapel", "ACCESSIBIL": "Fully Accessible", "NETWORK": "TfL Rail", "DATASET_LA": "2022-05-26T00:00:00", "FULL_NAME": "Whitechapel station", "LINES": "Elizabeth Line", "ATCOCODE": null, "MODES": null, "NIGHT_TUBE": null }, "geometry": { "type": "Point", "coordinates": [ 534734.8138, 181931.0482, 0.0 ] } },
{ "type": "Feature", "properties": { "OBJECTID": 410, "NAME": "Stratford", "ACCESSIBIL": "Fully Accessible", "NETWORK": "TfL Rail", "DATASET_LA": "2022-05-26T00:00:00", "FULL_NAME": "Stratford station", "LINES": "Elizabeth Line", "ATCOCODE": null, "MODES": null, "NIGHT_TUBE": null }, "geometry": { "type": "Point", "coordinates": [ 538511.159899999969639, 184391.982999998988817, 0.0 ] } },
{ "type": "Feature", "properties": { "OBJECTID": 411, "NAME": "Paddington", "ACCESSIBIL": "Fully Accessible", "NETWORK": "TfL Rail", "DATASET_LA": "2022-05-26T00:00:00", "FULL_NAME": "Paddington station", "LINES": "Elizabeth Line", "ATCOCODE": null, "MODES": null, "NIGHT_TUBE": null }, "geometry": { "type": "Point", "coordinates": [ 526538.006700000027195, 181269.878900001000147, 0.0 ] } },
{ "type": "Feature", "properties": { "OBJECTID": 412, "NAME": "Tottenham Court Road", "ACCESSIBIL": "Fully Accessible", "NETWORK": "TfL Rail", "DATASET_LA": "2022-05-26T00:00:00", "FULL_NAME": "Tottenham Court Road station", "LINES": "Elizabeth Line", "ATCOCODE": null, "MODES": null, "NIGHT_TUBE": null }, "geometry": { "type": "Point", "coordinates": [ 529657.873999999952503, 181252.761, 0.0 ] } },
{ "type": "Feature", "properties": { "OBJECTID": 413, "NAME": "Bond Street", "ACCESSIBIL": "Fully Accessible", "NETWORK": "TfL Rail", "DATASET_LA": "2022-05-26T00:00:00", "FULL_NAME": "Bond Street station", "LINES": "Elizabeth Line", "ATCOCODE": null, "MODES": null, "NIGHT_TUBE": null }, "geometry": { "type": "Point", "coordinates": [ 528725.73499999998603, 181036.7629, 0.0 ] } },
{ "type": "Feature", "properties": { "OBJECTID": 414, "NAME": "Farringdon", "ACCESSIBIL": "Fully Accessible", "NETWORK": "TfL Rail", "DATASET_LA": "2022-05-26T00:00:00", "FULL_NAME": "Farringdon station", "LINES": "Elizabeth Line", "ATCOCODE": null, "MODES": null, "NIGHT_TUBE": null }, "geometry": { "type": "Point", "coordinates": [ 531762.913399999961257, 181817.267499999987194, 0.0 ] } },
{ "type": "Feature", "properties": { "OBJECTID": 415, "NAME": "Harold Wood", "ACCESSIBIL": "Fully Accessible", "NETWORK": "TfL Rail", "DATASET_LA": "2022-05-26T00:00:00", "FULL_NAME": "Harold Wood station", "LINES": "Elizabeth Line", "ATCOCODE": null, "MODES": null, "NIGHT_TUBE": null }, "geometry": { "type": "Point", "coordinates": [ 554888.314600000041537, 190653.3051, 0.0 ] } },
{ "type": "Feature", "properties": { "OBJECTID": 416, "NAME": "Brentwood", "ACCESSIBIL": "Fully Accessible", "NETWORK": "TfL Rail", "DATASET_LA": "2022-05-26T00:00:00", "FULL_NAME": "Brentwood station", "LINES": "Elizabeth Line", "ATCOCODE": null, "MODES": null, "NIGHT_TUBE": null }, "geometry": { "type": "Point", "coordinates": [ 559401.738400000031106, 193032.175899999012472, 0.0 ] } },
{ "type": "Feature", "properties": { "OBJECTID": 417, "NAME": "Langley", "ACCESSIBIL": "Fully Accessible", "NETWORK": "TfL Rail", "DATASET_LA": "2022-05-26T00:00:00", "FULL_NAME": "Langley station", "LINES": "Elizabeth Line", "ATCOCODE": null, "MODES": null, "NIGHT_TUBE": null }, "geometry": { "type": "Point", "coordinates": [ 501336.6079, 179763.8399, 0.0 ] } },
{ "type": "Feature", "properties": { "OBJECTID": 418, "NAME": "Slough", "ACCESSIBIL": "Fully Accessible", "NETWORK": "TfL Rail", "DATASET_LA": "2022-05-26T00:00:00", "FULL_NAME": "Slough station", "LINES": "Elizabeth Line", "ATCOCODE": null, "MODES": null, "NIGHT_TUBE": null }, "geometry": { "type": "Point", "coordinates": [ 497851.107499999983702, 180181.1819, 0.0 ] } },
{ "type": "Feature", "properties": { "OBJECTID": 419, "NAME": "Burnham", "ACCESSIBIL": "Fully Accessible", "NETWORK": "TfL Rail", "DATASET_LA": "2022-05-26T00:00:00", "FULL_NAME": "Burnham station", "LINES": "Elizabeth Line", "ATCOCODE": null, "MODES": null, "NIGHT_TUBE": null }, "geometry": { "type": "Point", "coordinates": [ 493953.676700000010896, 181375.304400001012255, 0.0 ] } },
{ "type": "Feature", "properties": { "OBJECTID": 420, "NAME": "Taplow", "ACCESSIBIL": "Fully Accessible", "NETWORK": "TfL Rail", "DATASET_LA": "2022-05-26T00:00:00", "FULL_NAME": "Taplow station", "LINES": "Elizabeth Line", "ATCOCODE": null, "MODES": null, "NIGHT_TUBE": null }, "geometry": { "type": "Point", "coordinates": [ 491596.3554, 181302.7585, 0.0 ] } },
{ "type": "Feature", "properties": { "OBJECTID": 421, "NAME": "Iver", "ACCESSIBIL": "Fully Accessible", "NETWORK": "TfL Rail", "DATASET_LA": "2022-05-26T00:00:00", "FULL_NAME": "Iver station", "LINES": "Elizabeth Line", "ATCOCODE": null, "MODES": null, "NIGHT_TUBE": null }, "geometry": { "type": "Point", "coordinates": [ 503774.5112, 179908.332499999989523, 0.0 ] } },
{ "type": "Feature", "properties": { "OBJECTID": 422, "NAME": "Maidenhead", "ACCESSIBIL": "Fully Accessible", "NETWORK": "TfL Rail", "DATASET_LA": "2022-05-26T00:00:00", "FULL_NAME": "Maidenhead station", "LINES": "Elizabeth Line", "ATCOCODE": null, "MODES": null, "NIGHT_TUBE": null }, "geometry": { "type": "Point", "coordinates": [ 488713.4349, 180713.275400000013178, 0.0 ] } },
{ "type": "Feature", "properties": { "OBJECTID": 423, "NAME": "Heathrow Terminal 4", "ACCESSIBIL": "Fully Accessible", "NETWORK": "TfL Rail", "DATASET_LA": "2022-05-26T00:00:00", "FULL_NAME": "Heathrow Terminal 4 station", "LINES": "Elizabeth Line", "ATCOCODE": null, "MODES": null, "NIGHT_TUBE": null }, "geometry": { "type": "Point", "coordinates": [ 508056.559699999983422, 174503.7634, 0.0 ] } },
{ "type": "Feature", "properties": { "OBJECTID": 424, "NAME": "West Drayton", "ACCESSIBIL": "Fully Accessible", "NETWORK": "TfL Rail", "DATASET_LA": "2022-05-26T00:00:00", "FULL_NAME": "West Drayton station", "LINES": "Elizabeth Line", "ATCOCODE": null, "MODES": null, "NIGHT_TUBE": null }, "geometry": { "type": "Point", "coordinates": [ 506153.978, 180102.356799998990027, 0.0 ] } },
{ "type": "Feature", "properties": { "OBJECTID": 425, "NAME": "Southall", "ACCESSIBIL": "Fully Accessible", "NETWORK": "TfL Rail", "DATASET_LA": "2022-05-26T00:00:00", "FULL_NAME": "Southall station", "LINES": "Elizabeth Line", "ATCOCODE": null, "MODES": null, "NIGHT_TUBE": null }, "geometry": { "type": "Point", "coordinates": [ 512729.642400000011548, 179827.4793, 0.0 ] } },
{ "type": "Feature", "properties": { "OBJECTID": 426, "NAME": "Hanwell", "ACCESSIBIL": "Fully Accessible", "NETWORK": "TfL Rail", "DATASET_LA": "2022-05-26T00:00:00", "FULL_NAME": "Hanwell station", "LINES": "Elizabeth Line", "ATCOCODE": null, "MODES": null, "NIGHT_TUBE": null }, "geometry": { "type": "Point", "coordinates": [ 515408.8897, 180514.715700000990182, 0.0 ] } },
{ "type": "Feature", "properties": { "OBJECTID": 427, "NAME": "Acton Main Line", "ACCESSIBIL": "Fully Accessible", "NETWORK": "TfL Rail", "DATASET_LA": "2022-05-26T00:00:00", "FULL_NAME": "Acton Main Line station", "LINES": "Elizabeth Line", "ATCOCODE": null, "MODES": null, "NIGHT_TUBE": null }, "geometry": { "type": "Point", "coordinates": [ 520300.278500000014901, 181217.9925, 0.0 ] } },
{ "type": "Feature", "properties": { "OBJECTID": 428, "NAME": "Heathrow Terminals 1-2-3", "ACCESSIBIL": "Fully Accessible", "NETWORK": "TfL Rail", "DATASET_LA": "2022-05-26T00:00:00", "FULL_NAME": "Heathrow Terminals 1-2-3 station", "LINES": "Elizabeth Line", "ATCOCODE": null, "MODES": null, "NIGHT_TUBE": null }, "geometry": { "type": "Point", "coordinates": [ 507493.2047, 175905.6667, 0.0 ] } },
{ "type": "Feature", "properties": { "OBJECTID": 429, "NAME": "Ealing Broadway", "ACCESSIBIL": "Fully Accessible", "NETWORK": "TfL Rail", "DATASET_LA": "2022-05-26T00:00:00", "FULL_NAME": "Ealing Broadway station", "LINES": "Elizabeth Line", "ATCOCODE": null, "MODES": null, "NIGHT_TUBE": null }, "geometry": { "type": "Point", "coordinates": [ 517952.932099999976344, 180902.9362, 0.0 ] } },
{ "type": "Feature", "properties": { "OBJECTID": 430, "NAME": "Twyford", "ACCESSIBIL": "Fully Accessible", "NETWORK": "TfL Rail", "DATASET_LA": "2022-05-26T00:00:00", "FULL_NAME": "Twyford station", "LINES": "Elizabeth Line", "ATCOCODE": null, "MODES": null, "NIGHT_TUBE": null }, "geometry": { "type": "Point", "coordinates": [ 479053.0293, 175777.6775, 0.0 ] } },
{ "type": "Feature", "properties": { "OBJECTID": 431, "NAME": "Reading", "ACCESSIBIL": "Fully Accessible", "NETWORK": "TfL Rail", "DATASET_LA": "2022-05-26T00:00:00", "FULL_NAME": "Reading station", "LINES": "Elizabeth Line", "ATCOCODE": null, "MODES": null, "NIGHT_TUBE": null }, "geometry": { "type": "Point", "coordinates": [ 471456.422299999976531, 173854.3511, 0.0 ] } },
{ "type": "Feature", "properties": { "OBJECTID": 432, "NAME": "Heathrow Terminal 5", "ACCESSIBIL": "Fully Accessible", "NETWORK": "TfL Rail", "DATASET_LA": "2022-05-26T00:00:00", "FULL_NAME": "Heathrow Terminal 5 station", "LINES": "Elizabeth Line", "ATCOCODE": null, "MODES": null, "NIGHT_TUBE": null }, "geometry": { "type": "Point", "coordinates": [ 505109.384100000024773, 175923.8204, 0.0 ] } },
{ "type": "Feature", "properties": { "OBJECTID": 503, "NAME": "Manor Park", "ACCESSIBIL": "Fully Accessible", "NETWORK": "TfL Rail", "DATASET_LA": "2022-05-26T00:00:00", "FULL_NAME": "Manor Park station", "LINES": "Elizabeth Line", "ATCOCODE": null, "MODES": null, "NIGHT_TUBE": null }, "geometry": { "type": "Point", "coordinates": [ 541906.0795, 185683.2403, 0.0 ] } },
{ "type": "Feature", "properties": { "OBJECTID": 504, "NAME": "Chadwell Heath", "ACCESSIBIL": "Fully Accessible", "NETWORK": "TfL Rail", "DATASET_LA": "2022-05-26T00:00:00", "FULL_NAME": "Chadwell Heath station", "LINES": "Elizabeth Line", "ATCOCODE": null, "MODES": null, "NIGHT_TUBE": null }, "geometry": { "type": "Point", "coordinates": [ 547602.706600000034086, 187606.676700000010896, 0.0 ] } },
{ "type": "Feature", "properties": { "OBJECTID": 505, "NAME": "Canary Wharf", "ACCESSIBIL": "Fully Accessible", "NETWORK": "TfL Rail", "DATASET_LA": "2022-05-26T00:00:00", "FULL_NAME": "Canary Wharf station", "LINES": "Elizabeth Line", "ATCOCODE": null, "MODES": null, "NIGHT_TUBE": null }, "geometry": { "type": "Point", "coordinates": [ 537706.718100000056438, 180438.080600001005223, 0.0 ] } },
{ "type": "Feature", "properties": { "OBJECTID": 506, "NAME": "Shenfield", "ACCESSIBIL": "Fully Accessible", "NETWORK": "TfL Rail", "DATASET_LA": "2022-05-26T00:00:00", "FULL_NAME": "Shenfield station", "LINES": "Elizabeth Line", "ATCOCODE": null, "MODES": null, "NIGHT_TUBE": null }, "geometry": { "type": "Point", "coordinates": [ 561346.241000000038184, 194989.327, 0.0 ] } },
{ "type": "Feature", "properties": { "OBJECTID": 507, "NAME": "Hayes & Harlington", "ACCESSIBIL": "Fully Accessible", "NETWORK": "TfL Rail", "DATASET_LA": "2022-05-26T00:00:00", "FULL_NAME": "Hayes & Harlington station", "LINES": "Elizabeth Line", "ATCOCODE": null, "MODES": null, "NIGHT_TUBE": null }, "geometry": { "type": "Point", "coordinates": [ 509804.822999999974854, 179417.5529, 0.0 ] } },
{ "type": "Feature", "properties": { "OBJECTID": 508, "NAME": "West Ealing", "ACCESSIBIL": "Fully Accessible", "NETWORK": "TfL Rail", "DATASET_LA": "2022-05-26T00:00:00", "FULL_NAME": "West Ealing station", "LINES": "Elizabeth Line", "ATCOCODE": null, "MODES": null, "NIGHT_TUBE": null }, "geometry": { "type": "Point", "coordinates": [ 516594.924600000027567, 180729.661900000995956, 0.0 ] } },
{ "type": "Feature", "properties": { "OBJECTID": 1, "NAME": "London Fields", "ACCESSIBIL": "Not Accessible", "NETWORK": "London Overground", "DATASET_LA": "2023-05-23T00:00:00", "FULL_NAME": "London Fields station", "LINES": null, "ATCOCODE": null, "MODES": null, "NIGHT_TUBE": null }, "geometry": { "type": "Point", "coordinates": [ 534775.0, 184246.0, 0.0 ] } },
{ "type": "Feature", "properties": { "OBJECTID": 2, "NAME": "Canonbury", "ACCESSIBIL": "Fully Accessible", "NETWORK": "London Overground", "DATASET_LA": "2023-05-23T00:00:00", "FULL_NAME": "Canonbury station", "LINES": null, "ATCOCODE": null, "MODES": null, "NIGHT_TUBE": null }, "geometry": { "type": "Point", "coordinates": [ 532354.9976, 185024.996400000993162, 0.0 ] } },
{ "type": "Feature", "properties": { "OBJECTID": 3, "NAME": "Dalston Junction", "ACCESSIBIL": "Fully Accessible", "NETWORK": "London Overground", "DATASET_LA": "2023-05-23T00:00:00", "FULL_NAME": "Dalston Junction station", "LINES": null, "ATCOCODE": null, "MODES": null, "NIGHT_TUBE": null }, "geometry": { "type": "Point", "coordinates": [ 533575.299899999983609, 184768.012599998997757, 0.0 ] } },
{ "type": "Feature", "properties": { "OBJECTID": 4, "NAME": "Edmondton Green", "ACCESSIBIL": "Not Accessible", "NETWORK": "London Overground", "DATASET_LA": "2023-05-23T00:00:00", "FULL_NAME": "Edmondton Green station", "LINES": null, "ATCOCODE": null, "MODES": null, "NIGHT_TUBE": null }, "geometry": { "type": "Point", "coordinates": [ 534297.108299999963492, 193554.092399999004556, 0.0 ] } },
{ "type": "Feature", "properties": { "OBJECTID": 5, "NAME": "Haggerston", "ACCESSIBIL": "Fully Accessible", "NETWORK": "London Overground", "DATASET_LA": "2023-05-23T00:00:00", "FULL_NAME": "Haggerston station", "LINES": null, "ATCOCODE": null, "MODES": null, "NIGHT_TUBE": null }, "geometry": { "type": "Point", "coordinates": [ 533560.442200000048615, 183964.7315, 0.0 ] } },
{ "type": "Feature", "properties": { "OBJECTID": 6, "NAME": "Hoxton", "ACCESSIBIL": "Fully Accessible", "NETWORK": "London Overground", "DATASET_LA": "2023-05-23T00:00:00", "FULL_NAME": "Hoxton station", "LINES": null, "ATCOCODE": null, "MODES": null, "NIGHT_TUBE": null }, "geometry": { "type": "Point", "coordinates": [ 533576.885099999955855, 183147.8138, 0.0 ] } },
{ "type": "Feature", "properties": { "OBJECTID": 7, "NAME": "New Cross", "ACCESSIBIL": "Fully Accessible", "NETWORK": "London Overground", "DATASET_LA": "2023-05-23T00:00:00", "FULL_NAME": "New Cross station", "LINES": null, "ATCOCODE": null, "MODES": null, "NIGHT_TUBE": null }, "geometry": { "type": "Point", "coordinates": [ 536737.165700000012293, 177140.1428, 0.0 ] } },
{ "type": "Feature", "properties": { "OBJECTID": 8, "NAME": "New Cross Gate", "ACCESSIBIL": "Not Accessible", "NETWORK": "London Overground", "DATASET_LA": "2023-05-23T00:00:00", "FULL_NAME": "New Cross Gate station", "LINES": null, "ATCOCODE": null, "MODES": null, "NIGHT_TUBE": null }, "geometry": { "type": "Point", "coordinates": [ 536168.000299999956042, 177034.003799998987233, 0.0 ] } },
{ "type": "Feature", "properties": { "OBJECTID": 9, "NAME": "Rotherhithe", "ACCESSIBIL": "Not Accessible", "NETWORK": "London Overground", "DATASET_LA": "2023-05-23T00:00:00", "FULL_NAME": "Rotherhithe station", "LINES": null, "ATCOCODE": null, "MODES": null, "NIGHT_TUBE": null }, "geometry": { "type": "Point", "coordinates": [ 535290.6409, 179819.936799999006325, 0.0 ] } },
{ "type": "Feature", "properties": { "OBJECTID": 10, "NAME": "Shadwell", "ACCESSIBIL": "Partially Accessible", "NETWORK": "London Overground", "DATASET_LA": "2023-05-23T00:00:00", "FULL_NAME": "Shadwell station", "LINES": null, "ATCOCODE": null, "MODES": null, "NIGHT_TUBE": null }, "geometry": { "type": "Point", "coordinates": [ 534933.338899999973364, 180992.4573, 0.0 ] } },
{ "type": "Feature", "properties": { "OBJECTID": 11, "NAME": "Shepherds Bush", "ACCESSIBIL": "Fully Accessible", "NETWORK": "London Overground", "DATASET_LA": "2023-05-23T00:00:00", "FULL_NAME": "Shepherds Bush station", "LINES": null, "ATCOCODE": null, "MODES": null, "NIGHT_TUBE": null }, "geometry": { "type": "Point", "coordinates": [ 523804.0035, 179984.999099999986356, 0.0 ] } },
{ "type": "Feature", "properties": { "OBJECTID": 12, "NAME": "Shoreditch High Street", "ACCESSIBIL": "Fully Accessible", "NETWORK": "London Overground", "DATASET_LA": "2023-05-23T00:00:00", "FULL_NAME": "Shoreditch High Street station", "LINES": null, "ATCOCODE": null, "MODES": null, "NIGHT_TUBE": null }, "geometry": { "type": "Point", "coordinates": [ 533668.174, 182239.3127, 0.0 ] } },
{ "type": "Feature", "properties": { "OBJECTID": 13, "NAME": "St. James Street", "ACCESSIBIL": "Not Accessible", "NETWORK": "London Overground", "DATASET_LA": "2023-05-23T00:00:00", "FULL_NAME": "Walthamstow St James Street station", "LINES": null, "ATCOCODE": null, "MODES": null, "NIGHT_TUBE": null }, "geometry": { "type": "Point", "coordinates": [ 536442.011599999968894, 188757.401799999002833, 0.0 ] } },
{ "type": "Feature", "properties": { "OBJECTID": 14, "NAME": "Surrey Quays", "ACCESSIBIL": "Not Accessible", "NETWORK": "London Overground", "DATASET_LA": "2023-05-23T00:00:00", "FULL_NAME": "Surrey Quays station", "LINES": null, "ATCOCODE": null, "MODES": null, "NIGHT_TUBE": null }, "geometry": { "type": "Point", "coordinates": [ 535623.678900000057183, 178967.6636, 0.0 ] } },
{ "type": "Feature", "properties": { "OBJECTID": 15, "NAME": "Wapping", "ACCESSIBIL": "Not Accessible", "NETWORK": "London Overground", "DATASET_LA": "2023-05-23T00:00:00", "FULL_NAME": "Wapping station", "LINES": null, "ATCOCODE": null, "MODES": null, "NIGHT_TUBE": null }, "geometry": { "type": "Point", "coordinates": [ 535024.354199999943376, 180174.089600000996143, 0.0 ] } },
{ "type": "Feature", "properties": { "OBJECTID": 16, "NAME": "West Brompton", "ACCESSIBIL": "Not Accessible", "NETWORK": "London Overground", "DATASET_LA": "2023-05-23T00:00:00", "FULL_NAME": "Westompton station", "LINES": null, "ATCOCODE": null, "MODES": null, "NIGHT_TUBE": null }, "geometry": { "type": "Point", "coordinates": [ 525361.378600000054576, 178016.975500000989996, 0.0 ] } },
{ "type": "Feature", "properties": { "OBJECTID": 17, "NAME": "Wood Street", "ACCESSIBIL": "Not Accessible", "NETWORK": "London Overground", "DATASET_LA": "2023-05-23T00:00:00", "FULL_NAME": "Walthamstow Wood Street station", "LINES": null, "ATCOCODE": null, "MODES": null, "NIGHT_TUBE": null }, "geometry": { "type": "Point", "coordinates": [ 538507.65500000002794, 189432.6556, 0.0 ] } },
{ "type": "Feature", "properties": { "OBJECTID": 18, "NAME": "Whitechapel", "ACCESSIBIL": "Not Accessible", "NETWORK": "London Overground", "DATASET_LA": "2023-05-23T00:00:00", "FULL_NAME": "Whitechapel station", "LINES": null, "ATCOCODE": null, "MODES": null, "NIGHT_TUBE": null }, "geometry": { "type": "Point", "coordinates": [ 534643.674400000018068, 181916.353800001001218, 0.0 ] } },
{ "type": "Feature", "properties": { "OBJECTID": 19, "NAME": "Woodgrange Park", "ACCESSIBIL": "Not Accessible", "NETWORK": "London Overground", "DATASET_LA": "2023-05-23T00:00:00", "FULL_NAME": "Woodgrange Park station", "LINES": null, "ATCOCODE": null, "MODES": null, "NIGHT_TUBE": null }, "geometry": { "type": "Point", "coordinates": [ 541856.575300000025891, 185349.448000000993488, 0.0 ] } },
{ "type": "Feature", "properties": { "OBJECTID": 20, "NAME": "Wanstead Park", "ACCESSIBIL": "Not Accessible", "NETWORK": "London Overground", "DATASET_LA": "2023-05-23T00:00:00", "FULL_NAME": "Wanstead Park station", "LINES": null, "ATCOCODE": null, "MODES": null, "NIGHT_TUBE": null }, "geometry": { "type": "Point", "coordinates": [ 540545.84519999998156, 185601.3862, 0.0 ] } },
{ "type": "Feature", "properties": { "OBJECTID": 21, "NAME": "Barking", "ACCESSIBIL": "Not Accessible", "NETWORK": "London Overground", "DATASET_LA": "2023-05-23T00:00:00", "FULL_NAME": "Barking station", "LINES": null, "ATCOCODE": null, "MODES": null, "NIGHT_TUBE": null }, "geometry": { "type": "Point", "coordinates": [ 544385.671500000054948, 184332.785, 0.0 ] } },
{ "type": "Feature", "properties": { "OBJECTID": 22, "NAME": "Seven Sisters", "ACCESSIBIL": "Not Accessible", "NETWORK": "London Overground", "DATASET_LA": "2023-05-23T00:00:00", "FULL_NAME": "Seven Sisters station", "LINES": null, "ATCOCODE": null, "MODES": null, "NIGHT_TUBE": null }, "geometry": { "type": "Point", "coordinates": [ 533464.679600000032224, 188907.54570000100648, 0.0 ] } },
{ "type": "Feature", "properties": { "OBJECTID": 23, "NAME": "Bruce Grove", "ACCESSIBIL": "Not Accessible", "NETWORK": "London Overground", "DATASET_LA": "2023-05-23T00:00:00", "FULL_NAME": "Bruce Grove station", "LINES": null, "ATCOCODE": null, "MODES": null, "NIGHT_TUBE": null }, "geometry": { "type": "Point", "coordinates": [ 533789.003400000045076, 190102.0031, 0.0 ] } },
{ "type": "Feature", "properties": { "OBJECTID": 24, "NAME": "White Hart Lane", "ACCESSIBIL": "Not Accessible", "NETWORK": "London Overground", "DATASET_LA": "2023-05-23T00:00:00", "FULL_NAME": "White Hart Lane station", "LINES": null, "ATCOCODE": null, "MODES": null, "NIGHT_TUBE": null }, "geometry": { "type": "Point", "coordinates": [ 533682.015400000032969, 191341.034099999989849, 0.0 ] } },
{ "type": "Feature", "properties": { "OBJECTID": 25, "NAME": "Silver Street", "ACCESSIBIL": "Not Accessible", "NETWORK": "London Overground", "DATASET_LA": "2023-05-23T00:00:00", "FULL_NAME": "Silver Street station", "LINES": null, "ATCOCODE": null, "MODES": null, "NIGHT_TUBE": null }, "geometry": { "type": "Point", "coordinates": [ 533920.455599999986589, 192442.527299999987008, 0.0 ] } },
{ "type": "Feature", "properties": { "OBJECTID": 26, "NAME": "Bush Hill Park", "ACCESSIBIL": "Not Accessible", "NETWORK": "London Overground", "DATASET_LA": "2023-05-23T00:00:00", "FULL_NAME": "Bush Hill Park station", "LINES": null, "ATCOCODE": null, "MODES": null, "NIGHT_TUBE": null }, "geometry": { "type": "Point", "coordinates": [ 533697.294299999950454, 195396.772700000990881, 0.0 ] } },
{ "type": "Feature", "properties": { "OBJECTID": 27, "NAME": "Enfield Town", "ACCESSIBIL": "Not Accessible", "NETWORK": "London Overground", "DATASET_LA": "2023-05-23T00:00:00", "FULL_NAME": "Enfield Town station", "LINES": null, "ATCOCODE": null, "MODES": null, "NIGHT_TUBE": null }, "geometry": { "type": "Point", "coordinates": [ 533006.00289999996312, 196524.004799999005627, 0.0 ] } },
{ "type": "Feature", "properties": { "OBJECTID": 28, "NAME": "Southbury", "ACCESSIBIL": "Not Accessible", "NETWORK": "London Overground", "DATASET_LA": "2023-05-23T00:00:00", "FULL_NAME": "Southbury station", "LINES": null, "ATCOCODE": null, "MODES": null, "NIGHT_TUBE": null }, "geometry": { "type": "Point", "coordinates": [ 534838.6067, 196235.770500001002802, 0.0 ] } },
{ "type": "Feature", "properties": { "OBJECTID": 29, "NAME": "Turkey Street", "ACCESSIBIL": "Not Accessible", "NETWORK": "London Overground", "DATASET_LA": "2023-05-23T00:00:00", "FULL_NAME": "Turkey Street station", "LINES": null, "ATCOCODE": null, "MODES": null, "NIGHT_TUBE": null }, "geometry": { "type": "Point", "coordinates": [ 535136.668199999956414, 198931.986300001008203, 0.0 ] } },
{ "type": "Feature", "properties": { "OBJECTID": 30, "NAME": "Theobalds Grove", "ACCESSIBIL": "Not Accessible", "NETWORK": "London Overground", "DATASET_LA": "2023-05-23T00:00:00", "FULL_NAME": "Theobalds Grove station", "LINES": null, "ATCOCODE": null, "MODES": null, "NIGHT_TUBE": null }, "geometry": { "type": "Point", "coordinates": [ 535913.794600000022911, 201103.763699998991797, 0.0 ] } },
{ "type": "Feature", "properties": { "OBJECTID": 31, "NAME": "Cheshunt", "ACCESSIBIL": "Not Accessible", "NETWORK": "London Overground", "DATASET_LA": "2023-05-23T00:00:00", "FULL_NAME": "Cheshunt station", "LINES": null, "ATCOCODE": null, "MODES": null, "NIGHT_TUBE": null }, "geometry": { "type": "Point", "coordinates": [ 536656.998400000040419, 202283.995999998995103, 0.0 ] } },
{ "type": "Feature", "properties": { "OBJECTID": 32, "NAME": "Clapton", "ACCESSIBIL": "Not Accessible", "NETWORK": "London Overground", "DATASET_LA": "2023-05-23T00:00:00", "FULL_NAME": "Clapton station", "LINES": null, "ATCOCODE": null, "MODES": null, "NIGHT_TUBE": null }, "geometry": { "type": "Point", "coordinates": [ 534799.027200000011362, 186554.192099999985658, 0.0 ] } },
{ "type": "Feature", "properties": { "OBJECTID": 33, "NAME": "Highams Park", "ACCESSIBIL": "Not Accessible", "NETWORK": "London Overground", "DATASET_LA": "2023-05-23T00:00:00", "FULL_NAME": "Highams Park station", "LINES": null, "ATCOCODE": null, "MODES": null, "NIGHT_TUBE": null }, "geometry": { "type": "Point", "coordinates": [ 538569.108499999972992, 191838.7722, 0.0 ] } },
{ "type": "Feature", "properties": { "OBJECTID": 34, "NAME": "Chingford", "ACCESSIBIL": "Not Accessible", "NETWORK": "London Overground", "DATASET_LA": "2023-05-23T00:00:00", "FULL_NAME": "Chingford station", "LINES": null, "ATCOCODE": null, "MODES": null, "NIGHT_TUBE": null }, "geometry": { "type": "Point", "coordinates": [ 539210.996799999964423, 194619.0001, 0.0 ] } },
{ "type": "Feature", "properties": { "OBJECTID": 35, "NAME": "Romford", "ACCESSIBIL": "Not Accessible", "NETWORK": "London Overground", "DATASET_LA": "2023-05-23T00:00:00", "FULL_NAME": "Romford station", "LINES": null, "ATCOCODE": null, "MODES": null, "NIGHT_TUBE": null }, "geometry": { "type": "Point", "coordinates": [ 551353.595500000054017, 188454.472899999003857, 0.0 ] } },
{ "type": "Feature", "properties": { "OBJECTID": 36, "NAME": "Emerson Park", "ACCESSIBIL": "Not Accessible", "NETWORK": "London Overground", "DATASET_LA": "2023-05-23T00:00:00", "FULL_NAME": "Emerson Park station", "LINES": null, "ATCOCODE": null, "MODES": null, "NIGHT_TUBE": null }, "geometry": { "type": "Point", "coordinates": [ 553973.900400000042282, 187861.288299999985611, 0.0 ] } },
{ "type": "Feature", "properties": { "OBJECTID": 37, "NAME": "Upminster", "ACCESSIBIL": "Not Accessible", "NETWORK": "London Overground", "DATASET_LA": "2023-05-23T00:00:00", "FULL_NAME": "Upminster station", "LINES": null, "ATCOCODE": null, "MODES": null, "NIGHT_TUBE": null }, "geometry": { "type": "Point", "coordinates": [ 556227.5259, 186878.344699998997385, 0.0 ] } },
{ "type": "Feature", "properties": { "OBJECTID": 38, "NAME": "Liverpool Street", "ACCESSIBIL": "Not Accessible", "NETWORK": "London Overground", "DATASET_LA": "2023-05-23T00:00:00", "FULL_NAME": "Liverpool Street station", "LINES": null, "ATCOCODE": null, "MODES": null, "NIGHT_TUBE": null }, "geometry": { "type": "Point", "coordinates": [ 533301.003000000026077, 181937.000299998995615, 0.0 ] } },
{ "type": "Feature", "properties": { "OBJECTID": 39, "NAME": "Bethnal Green", "ACCESSIBIL": "Not Accessible", "NETWORK": "London Overground", "DATASET_LA": "2023-05-23T00:00:00", "FULL_NAME": "Bethnal Green station", "LINES": null, "ATCOCODE": null, "MODES": null, "NIGHT_TUBE": null }, "geometry": { "type": "Point", "coordinates": [ 534701.984599999967031, 182321.1801, 0.0 ] } },
{ "type": "Feature", "properties": { "OBJECTID": 40, "NAME": "Cambridge Heath", "ACCESSIBIL": "Not Accessible", "NETWORK": "London Overground", "DATASET_LA": "2023-05-23T00:00:00", "FULL_NAME": "Cambridge Heath station", "LINES": null, "ATCOCODE": null, "MODES": null, "NIGHT_TUBE": null }, "geometry": { "type": "Point", "coordinates": [ 534839.192700000014156, 183263.25889999998617, 0.0 ] } },
{ "type": "Feature", "properties": { "OBJECTID": 41, "NAME": "Hackney Downs", "ACCESSIBIL": "Not Accessible", "NETWORK": "London Overground", "DATASET_LA": "2023-05-23T00:00:00", "FULL_NAME": "Hackney Downs station", "LINES": null, "ATCOCODE": null, "MODES": null, "NIGHT_TUBE": null }, "geometry": { "type": "Point", "coordinates": [ 534566.308399999979883, 185106.723200000997167, 0.0 ] } },
{ "type": "Feature", "properties": { "OBJECTID": 42, "NAME": "Rectory Road", "ACCESSIBIL": "Not Accessible", "NETWORK": "London Overground", "DATASET_LA": "2023-05-23T00:00:00", "FULL_NAME": "Rectory Road station", "LINES": null, "ATCOCODE": null, "MODES": null, "NIGHT_TUBE": null }, "geometry": { "type": "Point", "coordinates": [ 533979.423500000033528, 186241.007600000011735, 0.0 ] } },
{ "type": "Feature", "properties": { "OBJECTID": 43, "NAME": "Stoke Newington", "ACCESSIBIL": "Not Accessible", "NETWORK": "London Overground", "DATASET_LA": "2023-05-23T00:00:00", "FULL_NAME": "Stoke Newington station", "LINES": null, "ATCOCODE": null, "MODES": null, "NIGHT_TUBE": null }, "geometry": { "type": "Point", "coordinates": [ 533723.758000000030734, 186848.285800001001917, 0.0 ] } },
{ "type": "Feature", "properties": { "OBJECTID": 44, "NAME": "Stamford Hill", "ACCESSIBIL": "Not Accessible", "NETWORK": "London Overground", "DATASET_LA": "2023-05-23T00:00:00", "FULL_NAME": "Stamford Hill station", "LINES": null, "ATCOCODE": null, "MODES": null, "NIGHT_TUBE": null }, "geometry": { "type": "Point", "coordinates": [ 533388.548100000014529, 187947.676899999001762, 0.0 ] } },
{ "type": "Feature", "properties": { "OBJECTID": 45, "NAME": "Richmond", "ACCESSIBIL": "Not Accessible", "NETWORK": "London Overground", "DATASET_LA": "2023-05-23T00:00:00", "FULL_NAME": "Richmond station", "LINES": null, "ATCOCODE": null, "MODES": null, "NIGHT_TUBE": null }, "geometry": { "type": "Point", "coordinates": [ 518173.6912, 175183.7278, 0.0 ] } },
{ "type": "Feature", "properties": { "OBJECTID": 46, "NAME": "Kew Gardens", "ACCESSIBIL": "Not Accessible", "NETWORK": "London Overground", "DATASET_LA": "2023-05-23T00:00:00", "FULL_NAME": "Kew Gardens station", "LINES": null, "ATCOCODE": null, "MODES": null, "NIGHT_TUBE": null }, "geometry": { "type": "Point", "coordinates": [ 519196.0038, 176736.9988, 0.0 ] } },
{ "type": "Feature", "properties": { "OBJECTID": 47, "NAME": "Gunnersbury", "ACCESSIBIL": "Not Accessible", "NETWORK": "London Overground", "DATASET_LA": "2023-05-23T00:00:00", "FULL_NAME": "Gunnersbury station", "LINES": null, "ATCOCODE": null, "MODES": null, "NIGHT_TUBE": null }, "geometry": { "type": "Point", "coordinates": [ 519819.000600000028498, 178351.9965, 0.0 ] } },
{ "type": "Feature", "properties": { "OBJECTID": 48, "NAME": "Wembley Central", "ACCESSIBIL": "Not Accessible", "NETWORK": "London Overground", "DATASET_LA": "2023-05-23T00:00:00", "FULL_NAME": "Wembley Central station", "LINES": null, "ATCOCODE": null, "MODES": null, "NIGHT_TUBE": null }, "geometry": { "type": "Point", "coordinates": [ 518199.704000000027008, 185053.659700001007877, 0.0 ] } },
{ "type": "Feature", "properties": { "OBJECTID": 49, "NAME": "Stonebridge Park", "ACCESSIBIL": "Not Accessible", "NETWORK": "London Overground", "DATASET_LA": "2023-05-23T00:00:00", "FULL_NAME": "Stonebridge Park station", "LINES": null, "ATCOCODE": null, "MODES": null, "NIGHT_TUBE": null }, "geometry": { "type": "Point", "coordinates": [ 519672.997099999978673, 184185.996600000013132, 0.0 ] } },
{ "type": "Feature", "properties": { "OBJECTID": 50, "NAME": "South Kenton", "ACCESSIBIL": "Not Accessible", "NETWORK": "London Overground", "DATASET_LA": "2023-05-23T00:00:00", "FULL_NAME": "South Kenton station", "LINES": null, "ATCOCODE": null, "MODES": null, "NIGHT_TUBE": null }, "geometry": { "type": "Point", "coordinates": [ 517332.0405, 187055.707699999009492, 0.0 ] } },
{ "type": "Feature", "properties": { "OBJECTID": 51, "NAME": "North Wembley", "ACCESSIBIL": "Not Accessible", "NETWORK": "London Overground", "DATASET_LA": "2023-05-23T00:00:00", "FULL_NAME": "North Wembley station", "LINES": null, "ATCOCODE": null, "MODES": null, "NIGHT_TUBE": null }, "geometry": { "type": "Point", "coordinates": [ 517653.416000000026543, 186235.42149999900721, 0.0 ] } },
{ "type": "Feature", "properties": { "OBJECTID": 52, "NAME": "Kenton", "ACCESSIBIL": "Not Accessible", "NETWORK": "London Overground", "DATASET_LA": "2023-05-23T00:00:00", "FULL_NAME": "Kenton station", "LINES": null, "ATCOCODE": null, "MODES": null, "NIGHT_TUBE": null }, "geometry": { "type": "Point", "coordinates": [ 516707.646100000012666, 188340.055500001006294, 0.0 ] } },
{ "type": "Feature", "properties": { "OBJECTID": 53, "NAME": "Harrow & Wealdstone", "ACCESSIBIL": "Not Accessible", "NETWORK": "London Overground", "DATASET_LA": "2023-05-23T00:00:00", "FULL_NAME": "Harrow & Wealdstone station", "LINES": null, "ATCOCODE": null, "MODES": null, "NIGHT_TUBE": null }, "geometry": { "type": "Point", "coordinates": [ 515448.326799999980722, 189442.097799999988638, 0.0 ] } },
{ "type": "Feature", "properties": { "OBJECTID": 54, "NAME": "Watford Junction", "ACCESSIBIL": "Fully Accessible", "NETWORK": "London Overground", "DATASET_LA": "2023-05-23T00:00:00", "FULL_NAME": "Watford Junction station", "LINES": null, "ATCOCODE": null, "MODES": null, "NIGHT_TUBE": null }, "geometry": { "type": "Point", "coordinates": [ 511047.384000000020023, 197268.3751, 0.0 ] } },
{ "type": "Feature", "properties": { "OBJECTID": 55, "NAME": "Watford High Street", "ACCESSIBIL": "Not Accessible", "NETWORK": "London Overground", "DATASET_LA": "2023-05-23T00:00:00", "FULL_NAME": "Watford High Street station", "LINES": null, "ATCOCODE": null, "MODES": null, "NIGHT_TUBE": null }, "geometry": { "type": "Point", "coordinates": [ 511346.721200000029057, 196083.897500001010485, 0.0 ] } },
{ "type": "Feature", "properties": { "OBJECTID": 56, "NAME": "Headstone Lane", "ACCESSIBIL": "Partially Accessible", "NETWORK": "London Overground", "DATASET_LA": "2023-05-23T00:00:00", "FULL_NAME": "Headstone Lane station", "LINES": null, "ATCOCODE": null, "MODES": null, "NIGHT_TUBE": null }, "geometry": { "type": "Point", "coordinates": [ 513870.413300000014715, 190592.896299999003531, 0.0 ] } },
{ "type": "Feature", "properties": { "OBJECTID": 57, "NAME": "Hatch End", "ACCESSIBIL": "Partially Accessible", "NETWORK": "London Overground", "DATASET_LA": "2023-05-23T00:00:00", "FULL_NAME": "Hatch End station", "LINES": null, "ATCOCODE": null, "MODES": null, "NIGHT_TUBE": null }, "geometry": { "type": "Point", "coordinates": [ 513068.133800000010524, 191321.7886, 0.0 ] } },
{ "type": "Feature", "properties": { "OBJECTID": 58, "NAME": "Carpenders Park", "ACCESSIBIL": "Fully Accessible", "NETWORK": "London Overground", "DATASET_LA": "2023-05-23T00:00:00", "FULL_NAME": "Carpenders Park station", "LINES": null, "ATCOCODE": null, "MODES": null, "NIGHT_TUBE": null }, "geometry": { "type": "Point", "coordinates": [ 511849.998399999982212, 193334.930500001006294, 0.0 ] } },
{ "type": "Feature", "properties": { "OBJECTID": 59, "NAME": "Bushey", "ACCESSIBIL": "Not Accessible", "NETWORK": "London Overground", "DATASET_LA": "2023-05-23T00:00:00", "FULL_NAME": "Bushey station", "LINES": null, "ATCOCODE": null, "MODES": null, "NIGHT_TUBE": null }, "geometry": { "type": "Point", "coordinates": [ 511820.870400000014342, 195224.3046, 0.0 ] } },
{ "type": "Feature", "properties": { "OBJECTID": 60, "NAME": "Wandsworth Road", "ACCESSIBIL": "Not Accessible", "NETWORK": "London Overground", "DATASET_LA": "2023-05-23T00:00:00", "FULL_NAME": "Wandsworth Road station", "LINES": null, "ATCOCODE": null, "MODES": null, "NIGHT_TUBE": null }, "geometry": { "type": "Point", "coordinates": [ 529395.5048, 176197.938999998994404, 0.0 ] } },
{ "type": "Feature", "properties": { "OBJECTID": 61, "NAME": "South Acton", "ACCESSIBIL": "Fully Accessible", "NETWORK": "London Overground", "DATASET_LA": "2023-05-23T00:00:00", "FULL_NAME": "South Acton station", "LINES": null, "ATCOCODE": null, "MODES": null, "NIGHT_TUBE": null }, "geometry": { "type": "Point", "coordinates": [ 520175.173100000014529, 179271.503, 0.0 ] } },
{ "type": "Feature", "properties": { "OBJECTID": 62, "NAME": "Kensington Olympia", "ACCESSIBIL": "Not Accessible", "NETWORK": "London Overground", "DATASET_LA": "2023-05-23T00:00:00", "FULL_NAME": "Kensington Olympia station", "LINES": null, "ATCOCODE": null, "MODES": null, "NIGHT_TUBE": null }, "geometry": { "type": "Point", "coordinates": [ 524384.0024, 179135.0024, 0.0 ] } },
{ "type": "Feature", "properties": { "OBJECTID": 63, "NAME": "Clapham Junction", "ACCESSIBIL": "Fully Accessible", "NETWORK": "London Overground", "DATASET_LA": "2023-05-23T00:00:00", "FULL_NAME": "Clapham Junction station", "LINES": null, "ATCOCODE": null, "MODES": null, "NIGHT_TUBE": null }, "geometry": { "type": "Point", "coordinates": [ 527096.415400000056252, 175577.748400001000846, 0.0 ] } },
{ "type": "Feature", "properties": { "OBJECTID": 64, "NAME": "Clapham High Street", "ACCESSIBIL": "Not Accessible", "NETWORK": "London Overground", "DATASET_LA": "2023-05-23T00:00:00", "FULL_NAME": "Clapham High Street station", "LINES": null, "ATCOCODE": null, "MODES": null, "NIGHT_TUBE": null }, "geometry": { "type": "Point", "coordinates": [ 529833.478699999977835, 175711.440099998988444, 0.0 ] } },
{ "type": "Feature", "properties": { "OBJECTID": 65, "NAME": "Imperial Wharf", "ACCESSIBIL": "Fully Accessible", "NETWORK": "London Overground", "DATASET_LA": "2023-05-23T00:00:00", "FULL_NAME": "Imperial Wharf station", "LINES": null, "ATCOCODE": null, "MODES": null, "NIGHT_TUBE": null }, "geometry": { "type": "Point", "coordinates": [ 526280.003600000054576, 176711.995999998995103, 0.0 ] } },
{ "type": "Feature", "properties": { "OBJECTID": 66, "NAME": "Willesden Junction", "ACCESSIBIL": "Not Accessible", "NETWORK": "London Overground", "DATASET_LA": "2023-05-23T00:00:00", "FULL_NAME": "Willesden Junction station", "LINES": null, "ATCOCODE": null, "MODES": null, "NIGHT_TUBE": null }, "geometry": { "type": "Point", "coordinates": [ 521914.965000000025611, 182952.45240000099875, 0.0 ] } },
{ "type": "Feature", "properties": { "OBJECTID": 67, "NAME": "West Hampstead", "ACCESSIBIL": "Not Accessible", "NETWORK": "London Overground", "DATASET_LA": "2023-05-23T00:00:00", "FULL_NAME": "West Hampstead station", "LINES": null, "ATCOCODE": null, "MODES": null, "NIGHT_TUBE": null }, "geometry": { "type": "Point", "coordinates": [ 525511.995899999979883, 184725.1393, 0.0 ] } },
{ "type": "Feature", "properties": { "OBJECTID": 68, "NAME": "Upper Holloway", "ACCESSIBIL": "Fully Accessible", "NETWORK": "London Overground", "DATASET_LA": "2023-05-23T00:00:00", "FULL_NAME": "Upper Holloway station", "LINES": null, "ATCOCODE": null, "MODES": null, "NIGHT_TUBE": null }, "geometry": { "type": "Point", "coordinates": [ 529754.794899999978952, 186636.892999998992309, 0.0 ] } },
{ "type": "Feature", "properties": { "OBJECTID": 69, "NAME": "South Hampstead", "ACCESSIBIL": "Not Accessible", "NETWORK": "London Overground", "DATASET_LA": "2023-05-23T00:00:00", "FULL_NAME": "South Hampstead station", "LINES": null, "ATCOCODE": null, "MODES": null, "NIGHT_TUBE": null }, "geometry": { "type": "Point", "coordinates": [ 526454.996799999964423, 184069.9998, 0.0 ] } },
{ "type": "Feature", "properties": { "OBJECTID": 70, "NAME": "Queens Park", "ACCESSIBIL": "Not Accessible", "NETWORK": "London Overground", "DATASET_LA": "2023-05-23T00:00:00", "FULL_NAME": "Queens Park station", "LINES": null, "ATCOCODE": null, "MODES": null, "NIGHT_TUBE": null }, "geometry": { "type": "Point", "coordinates": [ 524568.996799999964423, 183185.0031, 0.0 ] } },
{ "type": "Feature", "properties": { "OBJECTID": 71, "NAME": "Kilburn High Road", "ACCESSIBIL": "Not Accessible", "NETWORK": "London Overground", "DATASET_LA": "2023-05-23T00:00:00", "FULL_NAME": "Kilburn High Road station", "LINES": null, "ATCOCODE": null, "MODES": null, "NIGHT_TUBE": null }, "geometry": { "type": "Point", "coordinates": [ 525541.9965, 183633.004899999010377, 0.0 ] } },
{ "type": "Feature", "properties": { "OBJECTID": 72, "NAME": "Kentish Town West", "ACCESSIBIL": "Not Accessible", "NETWORK": "London Overground", "DATASET_LA": "2023-05-23T00:00:00", "FULL_NAME": "Kentish Town West station", "LINES": null, "ATCOCODE": null, "MODES": null, "NIGHT_TUBE": null }, "geometry": { "type": "Point", "coordinates": [ 528598.308599999989383, 184759.8595, 0.0 ] } },
{ "type": "Feature", "properties": { "OBJECTID": 73, "NAME": "Kensal Rise", "ACCESSIBIL": "Partially Accessible", "NETWORK": "London Overground", "DATASET_LA": "2023-05-23T00:00:00", "FULL_NAME": "Kensal Rise station", "LINES": null, "ATCOCODE": null, "MODES": null, "NIGHT_TUBE": null }, "geometry": { "type": "Point", "coordinates": [ 523522.425800000026356, 183217.409700001007877, 0.0 ] } },
{ "type": "Feature", "properties": { "OBJECTID": 74, "NAME": "Kensal Green", "ACCESSIBIL": "Not Accessible", "NETWORK": "London Overground", "DATASET_LA": "2023-05-23T00:00:00", "FULL_NAME": "Kensal Green station", "LINES": null, "ATCOCODE": null, "MODES": null, "NIGHT_TUBE": null }, "geometry": { "type": "Point", "coordinates": [ 523314.997199999983422, 182785.997300001006806, 0.0 ] } },
{ "type": "Feature", "properties": { "OBJECTID": 75, "NAME": "Harlesden", "ACCESSIBIL": "Not Accessible", "NETWORK": "London Overground", "DATASET_LA": "2023-05-23T00:00:00", "FULL_NAME": "Harlesden station", "LINES": null, "ATCOCODE": null, "MODES": null, "NIGHT_TUBE": null }, "geometry": { "type": "Point", "coordinates": [ 520961.392999999981839, 183354.809199999988778, 0.0 ] } },
{ "type": "Feature", "properties": { "OBJECTID": 76, "NAME": "Hampstead Heath", "ACCESSIBIL": "Not Accessible", "NETWORK": "London Overground", "DATASET_LA": "2023-05-23T00:00:00", "FULL_NAME": "Hampstead Heath station", "LINES": null, "ATCOCODE": null, "MODES": null, "NIGHT_TUBE": null }, "geometry": { "type": "Point", "coordinates": [ 527263.870600000023842, 185626.716800001013326, 0.0 ] } },
{ "type": "Feature", "properties": { "OBJECTID": 77, "NAME": "Gospel Oak", "ACCESSIBIL": "Fully Accessible", "NETWORK": "London Overground", "DATASET_LA": "2023-05-23T00:00:00", "FULL_NAME": "Gospel Oak station", "LINES": null, "ATCOCODE": null, "MODES": null, "NIGHT_TUBE": null }, "geometry": { "type": "Point", "coordinates": [ 528257.842199999955483, 185688.228499999007909, 0.0 ] } },
{ "type": "Feature", "properties": { "OBJECTID": 78, "NAME": "Finchley Road & Frognal", "ACCESSIBIL": "Not Accessible", "NETWORK": "London Overground", "DATASET_LA": "2023-05-23T00:00:00", "FULL_NAME": "Finchley Road & Frognal station", "LINES": null, "ATCOCODE": null, "MODES": null, "NIGHT_TUBE": null }, "geometry": { "type": "Point", "coordinates": [ 526063.472900000051595, 185045.623199999012286, 0.0 ] } },
{ "type": "Feature", "properties": { "OBJECTID": 79, "NAME": "Euston", "ACCESSIBIL": "Not Accessible", "NETWORK": "London Overground", "DATASET_LA": "2023-05-23T00:00:00", "FULL_NAME": "Euston station", "LINES": null, "ATCOCODE": null, "MODES": null, "NIGHT_TUBE": null }, "geometry": { "type": "Point", "coordinates": [ 529414.000800000037998, 182856.997, 0.0 ] } },
{ "type": "Feature", "properties": { "OBJECTID": 80, "NAME": "Camden Road", "ACCESSIBIL": "Fully Accessible", "NETWORK": "London Overground", "DATASET_LA": "2023-05-23T00:00:00", "FULL_NAME": "Camden Road station", "LINES": null, "ATCOCODE": null, "MODES": null, "NIGHT_TUBE": null }, "geometry": { "type": "Point", "coordinates": [ 529144.425599999958649, 184196.739, 0.0 ] } },
{ "type": "Feature", "properties": { "OBJECTID": 81, "NAME": "Brondesbury Park", "ACCESSIBIL": "Not Accessible", "NETWORK": "London Overground", "DATASET_LA": "2023-05-23T00:00:00", "FULL_NAME": "Brondesbury Park station", "LINES": null, "ATCOCODE": null, "MODES": null, "NIGHT_TUBE": null }, "geometry": { "type": "Point", "coordinates": [ 524200.0516, 183907.6019, 0.0 ] } },
{ "type": "Feature", "properties": { "OBJECTID": 82, "NAME": "Brondesbury", "ACCESSIBIL": "Not Accessible", "NETWORK": "London Overground", "DATASET_LA": "2023-05-23T00:00:00", "FULL_NAME": "Brondesbury station", "LINES": null, "ATCOCODE": null, "MODES": null, "NIGHT_TUBE": null }, "geometry": { "type": "Point", "coordinates": [ 524751.984599999967031, 184447.417199999006698, 0.0 ] } },
{ "type": "Feature", "properties": { "OBJECTID": 83, "NAME": "Acton Central", "ACCESSIBIL": "Fully Accessible", "NETWORK": "London Overground", "DATASET_LA": "2023-05-23T00:00:00", "FULL_NAME": "Acton Central station", "LINES": null, "ATCOCODE": null, "MODES": null, "NIGHT_TUBE": null }, "geometry": { "type": "Point", "coordinates": [ 520648.556600000010803, 180269.5452, 0.0 ] } },
{ "type": "Feature", "properties": { "OBJECTID": 84, "NAME": "West Croydon", "ACCESSIBIL": "Fully Accessible", "NETWORK": "London Overground", "DATASET_LA": "2023-05-23T00:00:00", "FULL_NAME": "West Croydon station", "LINES": null, "ATCOCODE": null, "MODES": null, "NIGHT_TUBE": null }, "geometry": { "type": "Point", "coordinates": [ 532200.99800000002142, 166180.250700000993675, 0.0 ] } },
{ "type": "Feature", "properties": { "OBJECTID": 85, "NAME": "Norwood Junction", "ACCESSIBIL": "Partially Accessible", "NETWORK": "London Overground", "DATASET_LA": "2023-05-23T00:00:00", "FULL_NAME": "Norwood Junction station", "LINES": null, "ATCOCODE": null, "MODES": null, "NIGHT_TUBE": null }, "geometry": { "type": "Point", "coordinates": [ 534035.003000000026077, 168222.9959, 0.0 ] } },
{ "type": "Feature", "properties": { "OBJECTID": 86, "NAME": "Anerley", "ACCESSIBIL": "Fully Accessible", "NETWORK": "London Overground", "DATASET_LA": "2023-05-23T00:00:00", "FULL_NAME": "Anerley station", "LINES": null, "ATCOCODE": null, "MODES": null, "NIGHT_TUBE": null }, "geometry": { "type": "Point", "coordinates": [ 534636.00199999997858, 169965.997, 0.0 ] } },
{ "type": "Feature", "properties": { "OBJECTID": 87, "NAME": "Sydenham", "ACCESSIBIL": "Fully Accessible", "NETWORK": "London Overground", "DATASET_LA": "2023-05-23T00:00:00", "FULL_NAME": "Sydenham station", "LINES": null, "ATCOCODE": null, "MODES": null, "NIGHT_TUBE": null }, "geometry": { "type": "Point", "coordinates": [ 535359.003200000035577, 171622.003, 0.0 ] } },
{ "type": "Feature", "properties": { "OBJECTID": 88, "NAME": "Queens Road Peckham", "ACCESSIBIL": "Not Accessible", "NETWORK": "London Overground", "DATASET_LA": "2023-05-23T00:00:00", "FULL_NAME": "Queens Road Peckham station", "LINES": null, "ATCOCODE": null, "MODES": null, "NIGHT_TUBE": null }, "geometry": { "type": "Point", "coordinates": [ 535047.00179999996908, 176841.9988, 0.0 ] } },
{ "type": "Feature", "properties": { "OBJECTID": 89, "NAME": "Penge West", "ACCESSIBIL": "Partially Accessible", "NETWORK": "London Overground", "DATASET_LA": "2023-05-23T00:00:00", "FULL_NAME": "Penge West station", "LINES": null, "ATCOCODE": null, "MODES": null, "NIGHT_TUBE": null }, "geometry": { "type": "Point", "coordinates": [ 534971.9965, 170537.0035, 0.0 ] } },
{ "type": "Feature", "properties": { "OBJECTID": 90, "NAME": "Peckham Rye", "ACCESSIBIL": "Not Accessible", "NETWORK": "London Overground", "DATASET_LA": "2023-05-23T00:00:00", "FULL_NAME": "Peckham Rye station", "LINES": null, "ATCOCODE": null, "MODES": null, "NIGHT_TUBE": null }, "geometry": { "type": "Point", "coordinates": [ 534113.134399999980815, 176265.354699999006698, 0.0 ] } },
{ "type": "Feature", "properties": { "OBJECTID": 91, "NAME": "Honor Oak Park", "ACCESSIBIL": "Not Accessible", "NETWORK": "London Overground", "DATASET_LA": "2023-05-23T00:00:00", "FULL_NAME": "Honor Oak Park station", "LINES": null, "ATCOCODE": null, "MODES": null, "NIGHT_TUBE": null }, "geometry": { "type": "Point", "coordinates": [ 535947.9974, 174217.0002, 0.0 ] } },
{ "type": "Feature", "properties": { "OBJECTID": 92, "NAME": "Forest Hill", "ACCESSIBIL": "Fully Accessible", "NETWORK": "London Overground", "DATASET_LA": "2023-05-23T00:00:00", "FULL_NAME": "Forest Hill station", "LINES": null, "ATCOCODE": null, "MODES": null, "NIGHT_TUBE": null }, "geometry": { "type": "Point", "coordinates": [ 535415.003600000054576, 172941.995100000989623, 0.0 ] } },
{ "type": "Feature", "properties": { "OBJECTID": 93, "NAME": "Denmark Hill", "ACCESSIBIL": "Not Accessible", "NETWORK": "London Overground", "DATASET_LA": "2023-05-23T00:00:00", "FULL_NAME": "Denmark Hill station", "LINES": null, "ATCOCODE": null, "MODES": null, "NIGHT_TUBE": null }, "geometry": { "type": "Point", "coordinates": [ 532799.7781, 176071.288000000989996, 0.0 ] } },
{ "type": "Feature", "properties": { "OBJECTID": 94, "NAME": "Crystal Palace", "ACCESSIBIL": "Fully Accessible", "NETWORK": "London Overground", "DATASET_LA": "2023-05-23T00:00:00", "FULL_NAME": "Crystal Palace station", "LINES": null, "ATCOCODE": null, "MODES": null, "NIGHT_TUBE": null }, "geometry": { "type": "Point", "coordinates": [ 534146.075599999981932, 170537.974199999007396, 0.0 ] } },
{ "type": "Feature", "properties": { "OBJECTID": 95, "NAME": "Brockley", "ACCESSIBIL": "Partially Accessible", "NETWORK": "London Overground", "DATASET_LA": "2023-05-23T00:00:00", "FULL_NAME": "Brockley station", "LINES": null, "ATCOCODE": null, "MODES": null, "NIGHT_TUBE": null }, "geometry": { "type": "Point", "coordinates": [ 536416.0035, 175764.997, 0.0 ] } },
{ "type": "Feature", "properties": { "OBJECTID": 96, "NAME": "Canada Water", "ACCESSIBIL": "Not Accessible", "NETWORK": "London Overground", "DATASET_LA": "2023-05-23T00:00:00", "FULL_NAME": "Canada Water station", "LINES": null, "ATCOCODE": null, "MODES": null, "NIGHT_TUBE": null }, "geometry": { "type": "Point", "coordinates": [ 535447.983, 179495.569499998993706, 0.0 ] } },
{ "type": "Feature", "properties": { "OBJECTID": 97, "NAME": "Walthamstow Queens Road", "ACCESSIBIL": "Fully Accessible", "NETWORK": "London Overground", "DATASET_LA": "2023-05-23T00:00:00", "FULL_NAME": "Walthamstow Queens Road station", "LINES": null, "ATCOCODE": null, "MODES": null, "NIGHT_TUBE": null }, "geometry": { "type": "Point", "coordinates": [ 537024.34519999998156, 188812.520599999988917, 0.0 ] } },
{ "type": "Feature", "properties": { "OBJECTID": 98, "NAME": "Stratford", "ACCESSIBIL": "Not Accessible", "NETWORK": "London Overground", "DATASET_LA": "2023-05-23T00:00:00", "FULL_NAME": "Stratford station", "LINES": null, "ATCOCODE": null, "MODES": null, "NIGHT_TUBE": null }, "geometry": { "type": "Point", "coordinates": [ 538488.420200000051409, 184406.9748, 0.0 ] } },
{ "type": "Feature", "properties": { "OBJECTID": 99, "NAME": "South Tottenham", "ACCESSIBIL": "Not Accessible", "NETWORK": "London Overground", "DATASET_LA": "2023-05-23T00:00:00", "FULL_NAME": "South Tottenham station", "LINES": null, "ATCOCODE": null, "MODES": null, "NIGHT_TUBE": null }, "geometry": { "type": "Point", "coordinates": [ 533704.589700000011362, 188602.906300000991905, 0.0 ] } },
{ "type": "Feature", "properties": { "OBJECTID": 100, "NAME": "Leytonstone High Road", "ACCESSIBIL": "Not Accessible", "NETWORK": "London Overground", "DATASET_LA": "2023-05-23T00:00:00", "FULL_NAME": "Leytonstone High Road station", "LINES": null, "ATCOCODE": null, "MODES": null, "NIGHT_TUBE": null }, "geometry": { "type": "Point", "coordinates": [ 539288.722700000042096, 186891.5287, 0.0 ] } },
{ "type": "Feature", "properties": { "OBJECTID": 101, "NAME": "Leyton Midland Road", "ACCESSIBIL": "Not Accessible", "NETWORK": "London Overground", "DATASET_LA": "2023-05-23T00:00:00", "FULL_NAME": "Leyton Midland Road station", "LINES": null, "ATCOCODE": null, "MODES": null, "NIGHT_TUBE": null }, "geometry": { "type": "Point", "coordinates": [ 538230.285400000051595, 187494.022399998997571, 0.0 ] } },
{ "type": "Feature", "properties": { "OBJECTID": 102, "NAME": "Homerton", "ACCESSIBIL": "Fully Accessible", "NETWORK": "London Overground", "DATASET_LA": "2023-05-23T00:00:00", "FULL_NAME": "Homerton station", "LINES": null, "ATCOCODE": null, "MODES": null, "NIGHT_TUBE": null }, "geometry": { "type": "Point", "coordinates": [ 535799.12, 184946.330800000985619, 0.0 ] } },
{ "type": "Feature", "properties": { "OBJECTID": 103, "NAME": "Highbury & Islington", "ACCESSIBIL": "Not Accessible", "NETWORK": "London Overground", "DATASET_LA": "2023-05-23T00:00:00", "FULL_NAME": "Highbury & Islington station", "LINES": null, "ATCOCODE": null, "MODES": null, "NIGHT_TUBE": null }, "geometry": { "type": "Point", "coordinates": [ 531524.043500000028871, 184710.067600000998937, 0.0 ] } },
{ "type": "Feature", "properties": { "OBJECTID": 104, "NAME": "Harringay Green Lanes", "ACCESSIBIL": "Fully Accessible", "NETWORK": "London Overground", "DATASET_LA": "2023-05-23T00:00:00", "FULL_NAME": "Harringay Green Lanes station", "LINES": null, "ATCOCODE": null, "MODES": null, "NIGHT_TUBE": null }, "geometry": { "type": "Point", "coordinates": [ 531912.996399999945424, 188206.9956, 0.0 ] } },
{ "type": "Feature", "properties": { "OBJECTID": 105, "NAME": "Hackney Wick", "ACCESSIBIL": "Fully Accessible", "NETWORK": "London Overground", "DATASET_LA": "2023-05-23T00:00:00", "FULL_NAME": "Hackney Wick station", "LINES": null, "ATCOCODE": null, "MODES": null, "NIGHT_TUBE": null }, "geometry": { "type": "Point", "coordinates": [ 537096.822200000053272, 184575.0834, 0.0 ] } },
{ "type": "Feature", "properties": { "OBJECTID": 106, "NAME": "Hackney Central", "ACCESSIBIL": "Fully Accessible", "NETWORK": "London Overground", "DATASET_LA": "2023-05-23T00:00:00", "FULL_NAME": "Hackney Central station", "LINES": null, "ATCOCODE": null, "MODES": null, "NIGHT_TUBE": null }, "geometry": { "type": "Point", "coordinates": [ 534814.714700000011362, 184917.678300000989111, 0.0 ] } },
{ "type": "Feature", "properties": { "OBJECTID": 107, "NAME": "Dalston Kingsland", "ACCESSIBIL": "Not Accessible", "NETWORK": "London Overground", "DATASET_LA": "2023-05-23T00:00:00", "FULL_NAME": "Dalston Kingsland station", "LINES": null, "ATCOCODE": null, "MODES": null, "NIGHT_TUBE": null }, "geometry": { "type": "Point", "coordinates": [ 533516.037499999976717, 185006.074999998993007, 0.0 ] } },
{ "type": "Feature", "properties": { "OBJECTID": 108, "NAME": "Crouch Hill", "ACCESSIBIL": "Not Accessible", "NETWORK": "London Overground", "DATASET_LA": "2023-05-23T00:00:00", "FULL_NAME": "Crouch Hill station", "LINES": null, "ATCOCODE": null, "MODES": null, "NIGHT_TUBE": null }, "geometry": { "type": "Point", "coordinates": [ 530642.0037, 187555.002199999988079, 0.0 ] } },
{ "type": "Feature", "properties": { "OBJECTID": 109, "NAME": "Caledonian Road & Barnsbury", "ACCESSIBIL": "Fully Accessible", "NETWORK": "London Overground", "DATASET_LA": "2023-05-23T00:00:00", "FULL_NAME": "Caledonian Road & Barnsbury station", "LINES": null, "ATCOCODE": null, "MODES": null, "NIGHT_TUBE": null }, "geometry": { "type": "Point", "coordinates": [ 530857.001900000032037, 184439.0041, 0.0 ] } },
{ "type": "Feature", "properties": { "OBJECTID": 110, "NAME": "Blackhorse Road", "ACCESSIBIL": "Not Accessible", "NETWORK": "London Overground", "DATASET_LA": "2023-05-23T00:00:00", "FULL_NAME": "Blackhorse Road station", "LINES": null, "ATCOCODE": null, "MODES": null, "NIGHT_TUBE": null }, "geometry": { "type": "Point", "coordinates": [ 535779.745400000014342, 189346.910899999988033, 0.0 ] } },
{ "type": "Feature", "properties": { "OBJECTID": 509, "NAME": "Barking Riverside", "ACCESSIBIL": "Fully Accessible", "NETWORK": "London Overground", "DATASET_LA": "2023-05-23T00:00:00", "FULL_NAME": "Barking Riverside station", "LINES": null, "ATCOCODE": null, "MODES": null, "NIGHT_TUBE": null }, "geometry": { "type": "Point", "coordinates": [ 546901.097900000051595, 182161.0087, 0.0 ] } },
{ "type": "Feature", "properties": { "OBJECTID": 510, "NAME": "Walthamstow Central", "ACCESSIBIL": "Fully Accessible", "NETWORK": "London Overground", "DATASET_LA": "2023-05-23T00:00:00", "FULL_NAME": "Walthamstow Central station", "LINES": null, "ATCOCODE": null, "MODES": null, "NIGHT_TUBE": null }, "geometry": { "type": "Point", "coordinates": [ 537262.861599999945611, 188968.1501, 0.0 ] } },
{ "type": "Feature", "properties": { "OBJECTID": 340, "NAME": "WEST INDIA QUAY - DLR", "ACCESSIBIL": "Fully Accessible", "NETWORK": "DLR", "DATASET_LA": "2021-09-23T00:00:00", "FULL_NAME": "WEST INDIA QUAY - DLR station", "LINES": null, "ATCOCODE": null, "MODES": null, "NIGHT_TUBE": null }, "geometry": { "type": "Point", "coordinates": [ 537495.0331, 180585.9209, 0.0 ] } },
{ "type": "Feature", "properties": { "OBJECTID": 341, "NAME": "WESTFERRY - DLR", "ACCESSIBIL": "Fully Accessible", "NETWORK": "DLR", "DATASET_LA": "2021-09-23T00:00:00", "FULL_NAME": "WESTFERRY - DLR station", "LINES": null, "ATCOCODE": null, "MODES": null, "NIGHT_TUBE": null }, "geometry": { "type": "Point", "coordinates": [ 537023.014300000038929, 180797.926000000996282, 0.0 ] } },
{ "type": "Feature", "properties": { "OBJECTID": 342, "NAME": "BANK - DLR", "ACCESSIBIL": "Fully Accessible", "NETWORK": "DLR", "DATASET_LA": "2021-09-23T00:00:00", "FULL_NAME": "BANK - DLR station", "LINES": null, "ATCOCODE": null, "MODES": null, "NIGHT_TUBE": null }, "geometry": { "type": "Point", "coordinates": [ 532708.947999999974854, 181113.964700000011362, 0.0 ] } },
{ "type": "Feature", "properties": { "OBJECTID": 343, "NAME": "STRATFORD - DLR", "ACCESSIBIL": "Fully Accessible", "NETWORK": "DLR", "DATASET_LA": "2021-09-23T00:00:00", "FULL_NAME": "STRATFORD - DLR station", "LINES": null, "ATCOCODE": null, "MODES": null, "NIGHT_TUBE": null }, "geometry": { "type": "Point", "coordinates": [ 538571.080300000030547, 184386.996400000993162, 0.0 ] } },
{ "type": "Feature", "properties": { "OBJECTID": 344, "NAME": "STAR LANE - DLR", "ACCESSIBIL": "Fully Accessible", "NETWORK": "DLR", "DATASET_LA": "2021-09-23T00:00:00", "FULL_NAME": "STAR LANE - DLR station", "LINES": null, "ATCOCODE": null, "MODES": null, "NIGHT_TUBE": null }, "geometry": { "type": "Point", "coordinates": [ 539145.090699999942444, 182114.910599999013357, 0.0 ] } },
{ "type": "Feature", "properties": { "OBJECTID": 345, "NAME": "ABBEY ROAD - DLR", "ACCESSIBIL": "Fully Accessible", "NETWORK": "DLR", "DATASET_LA": "2021-09-23T00:00:00", "FULL_NAME": "ABBEY ROAD - DLR station", "LINES": null, "ATCOCODE": null, "MODES": null, "NIGHT_TUBE": null }, "geometry": { "type": "Point", "coordinates": [ 539077.100499999942258, 183398.959200000012061, 0.0 ] } },
{ "type": "Feature", "properties": { "OBJECTID": 346, "NAME": "STRATFORD INTERNATIONAL - DLR", "ACCESSIBIL": "Fully Accessible", "NETWORK": "DLR", "DATASET_LA": "2021-09-23T00:00:00", "FULL_NAME": "STRATFORD INTERNATIONAL - DLR station", "LINES": null, "ATCOCODE": null, "MODES": null, "NIGHT_TUBE": null }, "geometry": { "type": "Point", "coordinates": [ 538128.055900000035763, 184761.00720000101137, 0.0 ] } },
{ "type": "Feature", "properties": { "OBJECTID": 357, "NAME": "ROYAL ALBERT - DLR", "ACCESSIBIL": "Fully Accessible", "NETWORK": "DLR", "DATASET_LA": "2021-09-23T00:00:00", "FULL_NAME": "ROYAL ALBERT - DLR station", "LINES": null, "ATCOCODE": null, "MODES": null, "NIGHT_TUBE": null }, "geometry": { "type": "Point", "coordinates": [ 542076.890800000051968, 180815.051200001005782, 0.0 ] } },
{ "type": "Feature", "properties": { "OBJECTID": 358, "NAME": "ROYAL VICTORIA - DLR", "ACCESSIBIL": "Fully Accessible", "NETWORK": "DLR", "DATASET_LA": "2021-09-23T00:00:00", "FULL_NAME": "ROYAL VICTORIA - DLR station", "LINES": null, "ATCOCODE": null, "MODES": null, "NIGHT_TUBE": null }, "geometry": { "type": "Point", "coordinates": [ 540121.880200000014156, 180852.06970000101137, 0.0 ] } },
{ "type": "Feature", "properties": { "OBJECTID": 359, "NAME": "WEST SILVERTOWN - DLR", "ACCESSIBIL": "Fully Accessible", "NETWORK": "DLR", "DATASET_LA": "2021-09-23T00:00:00", "FULL_NAME": "WEST SILVERTOWN - DLR station", "LINES": null, "ATCOCODE": null, "MODES": null, "NIGHT_TUBE": null }, "geometry": { "type": "Point", "coordinates": [ 540459.890299999970011, 180156.0755, 0.0 ] } },
{ "type": "Feature", "properties": { "OBJECTID": 360, "NAME": "ALL SAINTS - DLR", "ACCESSIBIL": "Fully Accessible", "NETWORK": "DLR", "DATASET_LA": "2021-09-23T00:00:00", "FULL_NAME": "ALL SAINTS - DLR station", "LINES": null, "ATCOCODE": null, "MODES": null, "NIGHT_TUBE": null }, "geometry": { "type": "Point", "coordinates": [ 537979.04839999997057, 180992.9202, 0.0 ] } },
{ "type": "Feature", "properties": { "OBJECTID": 361, "NAME": "BLACKWALL - DLR", "ACCESSIBIL": "Fully Accessible", "NETWORK": "DLR", "DATASET_LA": "2021-09-23T00:00:00", "FULL_NAME": "BLACKWALL - DLR station", "LINES": null, "ATCOCODE": null, "MODES": null, "NIGHT_TUBE": null }, "geometry": { "type": "Point", "coordinates": [ 538398.063700000056997, 180663.923900001012953, 0.0 ] } },
{ "type": "Feature", "properties": { "OBJECTID": 362, "NAME": "BOW CHURCH - DLR", "ACCESSIBIL": "Fully Accessible", "NETWORK": "DLR", "DATASET_LA": "2021-09-23T00:00:00", "FULL_NAME": "BOW CHURCH - DLR station", "LINES": null, "ATCOCODE": null, "MODES": null, "NIGHT_TUBE": null }, "geometry": { "type": "Point", "coordinates": [ 537393.025299999979325, 182828.976600001013139, 0.0 ] } },
{ "type": "Feature", "properties": { "OBJECTID": 363, "NAME": "CANARY WHARF - DLR", "ACCESSIBIL": "Fully Accessible", "NETWORK": "DLR", "DATASET_LA": "2021-09-23T00:00:00", "FULL_NAME": "CANARY WHARF - DLR station", "LINES": null, "ATCOCODE": null, "MODES": null, "NIGHT_TUBE": null }, "geometry": { "type": "Point", "coordinates": [ 537450.030400000046939, 180321.9254, 0.0 ] } },
{ "type": "Feature", "properties": { "OBJECTID": 364, "NAME": "CANNING TOWN - DLR", "ACCESSIBIL": "Fully Accessible", "NETWORK": "DLR", "DATASET_LA": "2021-09-23T00:00:00", "FULL_NAME": "CANNING TOWN - DLR station", "LINES": null, "ATCOCODE": null, "MODES": null, "NIGHT_TUBE": null }, "geometry": { "type": "Point", "coordinates": [ 539443.101799999945797, 181353.9134, 0.0 ] } },
{ "type": "Feature", "properties": { "OBJECTID": 365, "NAME": "CUTTY SARK - DLR", "ACCESSIBIL": "Fully Accessible", "NETWORK": "DLR", "DATASET_LA": "2021-09-23T00:00:00", "FULL_NAME": "CUTTY SARK - DLR station", "LINES": null, "ATCOCODE": null, "MODES": null, "NIGHT_TUBE": null }, "geometry": { "type": "Point", "coordinates": [ 538206.050799999968149, 177732.873299998987932, 0.0 ] } },
{ "type": "Feature", "properties": { "OBJECTID": 366, "NAME": "DEPTFORD BRIDGE - DLR", "ACCESSIBIL": "Fully Accessible", "NETWORK": "DLR", "DATASET_LA": "2021-09-23T00:00:00", "FULL_NAME": "DEPTFORD BRIDGE - DLR station", "LINES": null, "ATCOCODE": null, "MODES": null, "NIGHT_TUBE": null }, "geometry": { "type": "Point", "coordinates": [ 537438.01569999998901, 176891.869100001000334, 0.0 ] } },
{ "type": "Feature", "properties": { "OBJECTID": 367, "NAME": "DEVONS ROAD - DLR", "ACCESSIBIL": "Fully Accessible", "NETWORK": "DLR", "DATASET_LA": "2021-09-23T00:00:00", "FULL_NAME": "DEVONS ROAD - DLR station", "LINES": null, "ATCOCODE": null, "MODES": null, "NIGHT_TUBE": null }, "geometry": { "type": "Point", "coordinates": [ 537639.0331, 182256.9388, 0.0 ] } },
{ "type": "Feature", "properties": { "OBJECTID": 368, "NAME": "EAST INDIA - DLR", "ACCESSIBIL": "Fully Accessible", "NETWORK": "DLR", "DATASET_LA": "2021-09-23T00:00:00", "FULL_NAME": "EAST INDIA - DLR station", "LINES": null, "ATCOCODE": null, "MODES": null, "NIGHT_TUBE": null }, "geometry": { "type": "Point", "coordinates": [ 538732.076099999947473, 180830.9153, 0.0 ] } },
{ "type": "Feature", "properties": { "OBJECTID": 369, "NAME": "GREENWICH - DLR", "ACCESSIBIL": "Fully Accessible", "NETWORK": "DLR", "DATASET_LA": "2021-09-23T00:00:00", "FULL_NAME": "GREENWICH - DLR station", "LINES": null, "ATCOCODE": null, "MODES": null, "NIGHT_TUBE": null }, "geometry": { "type": "Point", "coordinates": [ 538052.039100000052713, 177333.861800000013318, 0.0 ] } },
{ "type": "Feature", "properties": { "OBJECTID": 370, "NAME": "HERON QUAYS - DLR", "ACCESSIBIL": "Fully Accessible", "NETWORK": "DLR", "DATASET_LA": "2021-09-23T00:00:00", "FULL_NAME": "HERON QUAYS - DLR station", "LINES": null, "ATCOCODE": null, "MODES": null, "NIGHT_TUBE": null }, "geometry": { "type": "Point", "coordinates": [ 537421.031500000040978, 180121.92149999900721, 0.0 ] } },
{ "type": "Feature", "properties": { "OBJECTID": 371, "NAME": "ISLAND GARDENS - DLR", "ACCESSIBIL": "Fully Accessible", "NETWORK": "DLR", "DATASET_LA": "2021-09-23T00:00:00", "FULL_NAME": "ISLAND GARDENS - DLR station", "LINES": null, "ATCOCODE": null, "MODES": null, "NIGHT_TUBE": null }, "geometry": { "type": "Point", "coordinates": [ 538227.053700000047684, 178443.888499999011401, 0.0 ] } },
{ "type": "Feature", "properties": { "OBJECTID": 372, "NAME": "LANGDON PARK - DLR", "ACCESSIBIL": "Fully Accessible", "NETWORK": "DLR", "DATASET_LA": "2021-09-23T00:00:00", "FULL_NAME": "LANGDON PARK - DLR station", "LINES": null, "ATCOCODE": null, "MODES": null, "NIGHT_TUBE": null }, "geometry": { "type": "Point", "coordinates": [ 537894.037299999967217, 181441.922, 0.0 ] } },
{ "type": "Feature", "properties": { "OBJECTID": 373, "NAME": "LIMEHOUSE - DLR", "ACCESSIBIL": "Fully Accessible", "NETWORK": "DLR", "DATASET_LA": "2021-09-23T00:00:00", "FULL_NAME": "LIMEHOUSE - DLR station", "LINES": null, "ATCOCODE": null, "MODES": null, "NIGHT_TUBE": null }, "geometry": { "type": "Point", "coordinates": [ 536126.994199999957345, 181085.959299999987707, 0.0 ] } },
{ "type": "Feature", "properties": { "OBJECTID": 374, "NAME": "MUDCHUTE - DLR", "ACCESSIBIL": "Fully Accessible", "NETWORK": "DLR", "DATASET_LA": "2021-09-23T00:00:00", "FULL_NAME": "MUDCHUTE - DLR station", "LINES": null, "ATCOCODE": null, "MODES": null, "NIGHT_TUBE": null }, "geometry": { "type": "Point", "coordinates": [ 537904.038399999961257, 178749.9037, 0.0 ] } },
{ "type": "Feature", "properties": { "OBJECTID": 375, "NAME": "POPLAR - DLR", "ACCESSIBIL": "Fully Accessible", "NETWORK": "DLR", "DATASET_LA": "2021-09-23T00:00:00", "FULL_NAME": "POPLAR - DLR station", "LINES": null, "ATCOCODE": null, "MODES": null, "NIGHT_TUBE": null }, "geometry": { "type": "Point", "coordinates": [ 537701.033999999985099, 180616.921, 0.0 ] } },
{ "type": "Feature", "properties": { "OBJECTID": 376, "NAME": "PUDDING MILL LANE - DLR", "ACCESSIBIL": "Fully Accessible", "NETWORK": "DLR", "DATASET_LA": "2021-09-23T00:00:00", "FULL_NAME": "PUDDING MILL LANE - DLR station", "LINES": null, "ATCOCODE": null, "MODES": null, "NIGHT_TUBE": null }, "geometry": { "type": "Point", "coordinates": [ 537847.041500000050291, 183567.9811, 0.0 ] } },
{ "type": "Feature", "properties": { "OBJECTID": 377, "NAME": "SOUTH QUAY - DLR", "ACCESSIBIL": "Fully Accessible", "NETWORK": "DLR", "DATASET_LA": "2021-09-23T00:00:00", "FULL_NAME": "SOUTH QUAY - DLR station", "LINES": null, "ATCOCODE": null, "MODES": null, "NIGHT_TUBE": null }, "geometry": { "type": "Point", "coordinates": [ 537597.035900000017136, 179823.9153, 0.0 ] } },
{ "type": "Feature", "properties": { "OBJECTID": 378, "NAME": "TOWER GATEWAY - DLR", "ACCESSIBIL": "Fully Accessible", "NETWORK": "DLR", "DATASET_LA": "2021-09-23T00:00:00", "FULL_NAME": "TOWER GATEWAY - DLR station", "LINES": null, "ATCOCODE": null, "MODES": null, "NIGHT_TUBE": null }, "geometry": { "type": "Point", "coordinates": [ 533705.9573, 180833.9626, 0.0 ] } },
{ "type": "Feature", "properties": { "OBJECTID": 463, "NAME": "BECKTON - DLR", "ACCESSIBIL": "Fully Accessible", "NETWORK": "DLR", "DATASET_LA": "2021-09-23T00:00:00", "FULL_NAME": "BECKTON - DLR station", "LINES": null, "ATCOCODE": null, "MODES": null, "NIGHT_TUBE": null }, "geometry": { "type": "Point", "coordinates": [ 543164.919400000013411, 181514.02290000001085, 0.0 ] } },
{ "type": "Feature", "properties": { "OBJECTID": 464, "NAME": "CUSTOM HOUSE - DLR", "ACCESSIBIL": "Fully Accessible", "NETWORK": "DLR", "DATASET_LA": "2021-09-23T00:00:00", "FULL_NAME": "CUSTOM HOUSE - DLR station", "LINES": null, "ATCOCODE": null, "MODES": null, "NIGHT_TUBE": null }, "geometry": { "type": "Point", "coordinates": [ 540730.8798, 180925.067500000994187, 0.0 ] } },
{ "type": "Feature", "properties": { "OBJECTID": 465, "NAME": "CYPRUS - DLR", "ACCESSIBIL": "Fully Accessible", "NETWORK": "DLR", "DATASET_LA": "2021-09-23T00:00:00", "FULL_NAME": "CYPRUS - DLR station", "LINES": null, "ATCOCODE": null, "MODES": null, "NIGHT_TUBE": null }, "geometry": { "type": "Point", "coordinates": [ 543330.911500000045635, 180860.0165, 0.0 ] } },
{ "type": "Feature", "properties": { "OBJECTID": 466, "NAME": "GALLIONS REACH - DLR", "ACCESSIBIL": "Fully Accessible", "NETWORK": "DLR", "DATASET_LA": "2021-09-23T00:00:00", "FULL_NAME": "GALLIONS REACH - DLR station", "LINES": null, "ATCOCODE": null, "MODES": null, "NIGHT_TUBE": null }, "geometry": { "type": "Point", "coordinates": [ 543871.930500000016764, 180929.002900001010858, 0.0 ] } },
{ "type": "Feature", "properties": { "OBJECTID": 467, "NAME": "KING GEORGE V - DLR", "ACCESSIBIL": "Fully Accessible", "NETWORK": "DLR", "DATASET_LA": "2021-09-23T00:00:00", "FULL_NAME": "KING GEORGE V - DLR station", "LINES": null, "ATCOCODE": null, "MODES": null, "NIGHT_TUBE": null }, "geometry": { "type": "Point", "coordinates": [ 543236.908500000019558, 180137.019200000999263, 0.0 ] } },
{ "type": "Feature", "properties": { "OBJECTID": 468, "NAME": "PONTOON DOCK - DLR", "ACCESSIBIL": "Fully Accessible", "NETWORK": "DLR", "DATASET_LA": "2021-09-23T00:00:00", "FULL_NAME": "PONTOON DOCK - DLR station", "LINES": null, "ATCOCODE": null, "MODES": null, "NIGHT_TUBE": null }, "geometry": { "type": "Point", "coordinates": [ 541218.897099999943748, 180109.066500001004897, 0.0 ] } },
{ "type": "Feature", "properties": { "OBJECTID": 469, "NAME": "PRINCE REGENT - DLR", "ACCESSIBIL": "Fully Accessible", "NETWORK": "DLR", "DATASET_LA": "2021-09-23T00:00:00", "FULL_NAME": "PRINCE REGENT - DLR station", "LINES": null, "ATCOCODE": null, "MODES": null, "NIGHT_TUBE": null }, "geometry": { "type": "Point", "coordinates": [ 541263.886300000012852, 180899.061899999011075, 0.0 ] } },
{ "type": "Feature", "properties": { "OBJECTID": 489, "NAME": "WEST HAM - DLR", "ACCESSIBIL": "Fully Accessible", "NETWORK": "DLR", "DATASET_LA": "2021-09-23T00:00:00", "FULL_NAME": "WEST HAM - DLR station", "LINES": null, "ATCOCODE": null, "MODES": null, "NIGHT_TUBE": null }, "geometry": { "type": "Point", "coordinates": [ 539182.101799999945797, 182942.941, 0.0 ] } },
{ "type": "Feature", "properties": { "OBJECTID": 490, "NAME": "STRATFORD HIGH STREET - DLR", "ACCESSIBIL": "Fully Accessible", "NETWORK": "DLR", "DATASET_LA": "2021-09-23T00:00:00", "FULL_NAME": "STRATFORD HIGH STREET - DLR station", "LINES": null, "ATCOCODE": null, "MODES": null, "NIGHT_TUBE": null }, "geometry": { "type": "Point", "coordinates": [ 538752.092399999964982, 184019.988399999012472, 0.0 ] } },
{ "type": "Feature", "properties": { "OBJECTID": 496, "NAME": "BECKTON PARK - DLR", "ACCESSIBIL": "Fully Accessible", "NETWORK": "DLR", "DATASET_LA": "2021-09-23T00:00:00", "FULL_NAME": "BECKTON PARK - DLR station", "LINES": null, "ATCOCODE": null, "MODES": null, "NIGHT_TUBE": null }, "geometry": { "type": "Point", "coordinates": [ 542704.902400000020862, 180873.038699998985976, 0.0 ] } },
{ "type": "Feature", "properties": { "OBJECTID": 497, "NAME": "LONDON CITY AIRPORT - DLR", "ACCESSIBIL": "Fully Accessible", "NETWORK": "DLR", "DATASET_LA": "2021-09-23T00:00:00", "FULL_NAME": "LONDON CITY AIRPORT - DLR station", "LINES": null, "ATCOCODE": null, "MODES": null, "NIGHT_TUBE": null }, "geometry": { "type": "Point", "coordinates": [ 542249.900799999944866, 180292.04639999900246, 0.0 ] } },
{ "type": "Feature", "properties": { "OBJECTID": 498, "NAME": "WOOLWICH ARSENAL - DLR", "ACCESSIBIL": "Fully Accessible", "NETWORK": "DLR", "DATASET_LA": "2021-09-23T00:00:00", "FULL_NAME": "WOOLWICH ARSENAL - DLR station", "LINES": null, "ATCOCODE": null, "MODES": null, "NIGHT_TUBE": null }, "geometry": { "type": "Point", "coordinates": [ 543730.883900000015274, 178811.00099999998929, 0.0 ] } },
{ "type": "Feature", "properties": { "OBJECTID": 499, "NAME": "CROSSHARBOUR - DLR", "ACCESSIBIL": "Fully Accessible", "NETWORK": "DLR", "DATASET_LA": "2021-09-23T00:00:00", "FULL_NAME": "CROSSHARBOUR - DLR station", "LINES": null, "ATCOCODE": null, "MODES": null, "NIGHT_TUBE": null }, "geometry": { "type": "Point", "coordinates": [ 537927.045099999988452, 179308.9153, 0.0 ] } },
{ "type": "Feature", "properties": { "OBJECTID": 500, "NAME": "ELVERSON ROAD - DLR", "ACCESSIBIL": "Fully Accessible", "NETWORK": "DLR", "DATASET_LA": "2021-09-23T00:00:00", "FULL_NAME": "ELVERSON ROAD - DLR station", "LINES": null, "ATCOCODE": null, "MODES": null, "NIGHT_TUBE": null }, "geometry": { "type": "Point", "coordinates": [ 537877.030200000037439, 176279.840500001009787, 0.0 ] } },
{ "type": "Feature", "properties": { "OBJECTID": 501, "NAME": "LEWISHAM - DLR", "ACCESSIBIL": "Fully Accessible", "NETWORK": "DLR", "DATASET_LA": "2021-09-23T00:00:00", "FULL_NAME": "LEWISHAM - DLR station", "LINES": null, "ATCOCODE": null, "MODES": null, "NIGHT_TUBE": null }, "geometry": { "type": "Point", "coordinates": [ 538046.03449999995064, 175945.8225, 0.0 ] } },
{ "type": "Feature", "properties": { "OBJECTID": 502, "NAME": "SHADWELL - DLR", "ACCESSIBIL": "Fully Accessible", "NETWORK": "DLR", "DATASET_LA": "2021-09-23T00:00:00", "FULL_NAME": "SHADWELL - DLR station", "LINES": null, "ATCOCODE": null, "MODES": null, "NIGHT_TUBE": null }, "geometry": { "type": "Point", "coordinates": [ 534946.970699999947101, 180985.9723, 0.0 ] } }
]
}
